Entry_Date,Exit_Date,Regime,Lots,CE_Entry,PE_Entry,Straddle_Entry,CE_Exit,PE_Exit,Straddle_Exit,Gross_PnL,Taxes,Slippage_Cost,Net_PnL,Equity,Reason,Peak,Drawdown_Pct
2023-05-23 10:05:00,2023-05-23 10:35:00,GREEN,4,63.8,62.25,126.11,63.77,58.87,122.64,-903.34,117.24,32.34,-1020.58,498979.42,TIME_OUT,498979.42,0.0
2023-05-23 10:40:00,2023-05-23 11:10:00,GREEN,4,70.9,52.35,123.31,71.21,52.57,123.79,123.88,117.29,32.12,6.59,498986.0,TIME_OUT,498986.0,0.0
2023-05-23 11:15:00,2023-05-23 11:45:00,GREEN,4,73.2,51.6,124.86,68.32,53.62,121.94,-760.08,116.76,32.08,-876.85,498109.16,TIME_OUT,498986.0,0.18
2023-05-23 11:50:00,2023-05-23 12:20:00,GREEN,4,63.5,57.4,120.96,67.97,53.52,121.49,137.48,115.98,31.52,21.5,498130.66,TIME_OUT,498986.0,0.17
2023-05-23 12:25:00,2023-05-23 12:55:00,GREEN,4,64.9,55.6,120.56,69.22,50.37,119.59,-252.22,115.13,31.22,-367.35,497763.31,TIME_OUT,498986.0,0.25
2023-05-23 13:00:00,2023-05-23 13:30:00,GREEN,4,73.25,47.5,120.81,62.02,60.52,122.54,449.36,116.39,31.64,332.97,498096.28,TIME_OUT,498986.0,0.18
2023-05-23 13:35:00,2023-05-23 14:05:00,GREEN,4,63.15,52.95,116.16,63.82,50.82,114.64,-394.0,112.41,30.0,-506.42,497589.87,TIME_OUT,498986.0,0.28
2023-05-23 14:10:00,2023-05-23 14:40:00,GREEN,4,63.45,51.0,114.51,57.92,57.22,115.14,165.15,112.37,29.85,52.78,497642.65,TIME_OUT,498986.0,0.27
2023-05-24 09:45:00,2023-05-24 10:15:00,GREEN,4,54.4,52.85,107.3,70.46,41.18,111.64,1128.54,109.81,28.46,1018.72,498661.37,TIME_OUT,498986.0,0.07
2023-05-24 11:00:00,2023-05-24 11:11:00,GREEN,4,46.7,55.55,102.3,66.97,61.57,128.54,6820.99,116.03,30.01,6704.96,505366.33,TARGET,505366.33,0.0
2023-05-26 10:15:00,2023-05-26 10:45:00,GREEN,2,82.15,101.35,183.59,93.95,89.91,183.86,34.62,99.28,23.88,-64.67,505301.66,TIME_OUT,505366.33,0.01
2023-05-26 10:50:00,2023-05-26 11:20:00,GREEN,2,92.35,91.4,183.84,107.4,78.06,185.46,210.0,99.63,24.0,110.36,505412.02,TIME_OUT,505412.02,0.0
2023-05-26 12:10:00,2023-05-26 12:40:00,GREEN,2,94.8,89.45,184.34,90.2,92.4,182.61,-225.35,99.08,23.85,-324.44,505087.58,TIME_OUT,505412.02,0.06
2023-05-26 12:45:00,2023-05-26 13:15:00,GREEN,2,93.15,88.7,181.94,83.61,96.7,180.31,-212.05,98.42,23.55,-310.47,504777.11,TIME_OUT,505412.02,0.13
2023-05-26 13:20:00,2023-05-26 13:50:00,GREEN,2,88.65,92.25,180.99,105.4,77.06,182.46,190.88,98.8,23.62,92.08,504869.19,TIME_OUT,505412.02,0.11
2023-05-26 14:40:00,2023-05-26 15:10:00,GREEN,2,93.25,86.55,179.89,94.85,81.36,176.21,-478.15,97.42,23.15,-575.57,504293.63,TIME_OUT,505412.02,0.22
2023-05-29 10:20:00,2023-05-29 10:50:00,GREEN,3,85.25,77.55,162.88,95.4,64.97,160.37,-489.77,115.66,31.52,-605.43,503688.2,TIME_OUT,505412.02,0.34
2023-05-30 11:25:00,2023-05-30 11:55:00,YELLOW,1,72.55,59.3,131.92,68.07,61.42,129.49,-158.0,65.64,8.5,-223.64,503464.56,TIME_OUT,505412.02,0.39
2023-05-30 12:10:00,2023-05-30 12:20:00,GREEN,3,75.25,54.6,129.91,78.16,74.56,152.72,4447.69,109.5,27.56,4338.19,507802.75,TARGET,507802.75,0.0
2023-05-30 12:25:00,2023-05-30 12:55:00,YELLOW,2,73.05,56.6,129.71,68.32,58.87,127.19,-328.7,83.44,16.7,-412.14,507390.62,TIME_OUT,507802.75,0.08
2023-05-30 13:00:00,2023-05-30 13:30:00,YELLOW,2,70.85,55.65,126.56,75.21,50.97,126.19,-48.93,82.99,16.43,-131.92,507258.7,TIME_OUT,507802.75,0.11
2023-05-30 13:40:00,2023-05-30 14:10:00,GREEN,4,79.05,47.5,126.61,51.32,69.27,120.59,-1566.14,116.47,32.14,-1682.61,505576.09,TIME_OUT,507802.75,0.44
2023-05-30 14:15:00,2023-05-30 14:30:00,YELLOW,2,51.85,68.45,120.36,76.61,64.72,141.33,2725.99,85.64,17.01,2640.35,508216.43,TARGET,508216.43,0.0
2023-05-30 14:50:00,2023-05-30 15:04:00,GREEN,4,54.35,62.75,117.16,75.76,63.42,139.18,5725.67,122.71,33.32,5602.97,513819.4,TARGET,513819.4,0.0
2023-05-31 13:05:00,2023-05-31 13:35:00,YELLOW,2,59.1,51.75,110.91,66.87,44.23,111.09,24.57,78.67,14.43,-54.1,513765.3,TIME_OUT,513819.4,0.01
2023-06-02 10:05:00,2023-06-02 10:35:00,GREEN,2,102.0,93.8,195.9,111.89,81.66,193.55,-304.81,102.23,25.31,-407.05,513358.25,TIME_OUT,513819.4,0.09
2023-06-02 10:40:00,2023-06-02 11:10:00,GREEN,2,116.35,75.7,192.15,120.89,70.91,191.8,-44.46,101.58,24.96,-146.04,513212.21,TIME_OUT,513819.4,0.12
2023-06-02 11:20:00,2023-06-02 11:50:00,GREEN,2,122.0,69.8,191.9,98.95,81.76,180.71,-1454.22,99.27,24.22,-1553.49,511658.72,TIME_OUT,513819.4,0.42
2023-06-02 12:10:00,2023-06-02 12:40:00,GREEN,2,102.5,79.25,181.84,101.95,78.06,180.01,-238.02,98.36,23.52,-336.38,511322.34,TIME_OUT,513819.4,0.49
2023-06-02 12:45:00,2023-06-02 13:15:00,GREEN,2,99.65,80.6,180.34,105.95,70.66,176.61,-484.7,97.54,23.2,-582.24,510740.11,TIME_OUT,513819.4,0.6
2023-06-02 13:20:00,2023-06-02 13:50:00,GREEN,2,108.5,68.15,176.74,117.99,60.82,178.81,269.39,97.72,23.11,171.67,510911.78,TIME_OUT,513819.4,0.57
2023-06-02 13:55:00,2023-06-02 14:25:00,GREEN,2,112.2,65.2,177.49,113.29,83.16,196.45,2465.19,101.42,24.31,2363.77,513275.55,TIME_OUT,513819.4,0.11
2023-06-02 14:55:00,2023-06-02 15:10:00,GREEN,2,118.7,62.4,181.19,105.9,61.47,167.37,-1797.16,95.69,22.66,-1892.85,511382.7,EOD,513819.4,0.47
2023-06-05 10:10:00,2023-06-05 10:24:00,GREEN,3,96.9,55.2,152.18,101.75,69.27,171.01,3673.49,117.73,31.51,3555.76,514938.46,TARGET,514938.46,0.0
2023-06-05 10:25:00,2023-06-05 10:55:00,GREEN,3,74.3,70.4,144.77,98.65,52.27,150.92,1199.67,110.65,28.83,1089.02,516027.48,TIME_OUT,516027.48,0.0
2023-06-05 11:00:00,2023-06-05 11:30:00,GREEN,3,99.65,51.6,151.33,72.26,71.71,143.98,-1432.79,109.25,28.79,-1542.04,514485.44,TIME_OUT,516027.48,0.3
2023-06-05 12:05:00,2023-06-05 12:12:00,YELLOW,1,98.25,50.9,149.22,99.55,68.82,168.37,1244.18,70.32,10.32,1173.85,515659.29,TARGET,516027.48,0.07
2023-06-05 12:45:00,2023-06-05 13:15:00,YELLOW,1,92.55,53.45,146.07,88.71,56.47,145.18,-58.22,67.81,9.47,-126.02,515533.27,TIME_OUT,516027.48,0.1
2023-06-05 13:20:00,2023-06-05 13:50:00,YELLOW,1,94.2,51.35,145.62,91.7,52.77,144.48,-74.43,67.72,9.43,-142.14,515391.13,TIME_OUT,516027.48,0.12
2023-06-05 14:35:00,2023-06-05 15:05:00,YELLOW,1,92.7,50.2,142.97,77.96,58.22,136.18,-441.32,66.76,9.07,-508.08,514883.05,TIME_OUT,516027.48,0.22
2023-06-06 13:00:00,2023-06-06 13:30:00,YELLOW,2,74.0,46.8,120.86,72.26,48.23,120.49,-48.19,81.38,15.69,-129.56,514753.48,TIME_OUT,516027.48,0.25
2023-06-06 13:40:00,2023-06-06 14:10:00,YELLOW,2,70.25,49.15,119.46,65.37,53.12,118.49,-125.97,80.85,15.47,-206.82,514546.66,TIME_OUT,516027.48,0.29
2023-06-06 14:40:00,2023-06-06 15:10:00,YELLOW,2,66.2,49.9,116.16,55.37,48.63,104.0,-1580.81,77.61,14.31,-1658.42,512888.25,TIME_OUT,516027.48,0.61
2023-06-07 10:10:00,2023-06-07 10:40:00,YELLOW,2,50.1,40.0,90.15,50.77,39.78,90.55,53.25,72.83,11.75,-19.58,512868.67,TIME_OUT,516027.48,0.61
2023-06-07 10:50:00,2023-06-07 11:20:00,YELLOW,2,45.55,42.15,87.74,51.57,38.73,90.3,332.93,72.6,11.57,260.33,513129.0,TIME_OUT,516027.48,0.56
2023-06-07 11:35:00,2023-06-07 12:05:00,YELLOW,2,47.55,39.2,86.79,54.37,34.78,89.16,307.06,72.29,11.44,234.78,513363.78,TIME_OUT,516027.48,0.52
2023-06-07 12:55:00,2023-06-07 13:25:00,YELLOW,2,42.35,49.1,91.5,40.13,51.37,91.5,1.1,73.13,11.89,-72.03,513291.75,TIME_OUT,516027.48,0.53
2023-06-07 13:50:00,2023-06-07 14:20:00,YELLOW,2,67.5,28.75,96.3,52.02,48.83,100.85,591.69,75.43,12.81,516.25,513808.01,TIME_OUT,516027.48,0.43
2023-06-09 10:05:00,2023-06-09 10:29:00,GREEN,3,104.9,66.9,171.89,107.2,88.06,195.25,4556.45,127.51,35.8,4428.94,518236.94,TARGET,518236.94,0.0
2023-06-09 10:30:00,2023-06-09 11:00:00,GREEN,2,108.15,70.8,179.04,100.8,90.1,190.9,1542.45,100.39,24.05,1442.06,519679.01,TIME_OUT,519679.01,0.0
2023-06-09 11:05:00,2023-06-09 11:35:00,GREEN,2,100.4,77.35,177.84,108.25,67.07,175.31,-328.45,97.08,22.95,-425.53,519253.47,TIME_OUT,519679.01,0.08
2023-06-09 11:40:00,2023-06-09 12:10:00,GREEN,3,108.15,67.05,175.29,86.76,84.91,171.66,-706.58,120.59,33.83,-827.17,518426.3,TIME_OUT,519679.01,0.24
2023-06-09 12:15:00,2023-06-09 12:45:00,GREEN,3,85.35,82.3,167.73,100.15,73.56,173.71,1165.96,120.36,33.29,1045.6,519471.91,TIME_OUT,519679.01,0.04
2023-06-09 13:35:00,2023-06-09 14:05:00,GREEN,3,91.9,79.2,171.19,83.41,85.76,169.17,-393.93,119.34,33.18,-513.28,518958.63,TIME_OUT,519679.01,0.14
2023-06-09 14:30:00,2023-06-09 14:59:00,GREEN,3,109.3,64.75,174.14,114.34,80.91,195.25,4117.48,127.77,36.02,3989.71,522948.34,TARGET,522948.34,0.0
2023-06-09 15:00:00,2023-06-09 15:10:00,GREEN,3,107.8,65.4,173.29,108.1,63.12,171.21,-404.09,120.22,33.59,-524.31,522424.03,EOD,522948.34,0.1
2023-06-12 10:05:00,2023-06-12 10:11:00,GREEN,3,75.05,76.75,151.88,102.05,78.81,180.86,5651.81,120.75,32.44,5531.06,527955.09,TARGET,527955.09,0.0
2023-06-12 10:15:00,2023-06-12 10:45:00,GREEN,3,77.0,74.35,151.43,89.71,64.42,154.12,525.96,112.41,29.79,413.55,528368.64,TIME_OUT,528368.64,0.0
2023-06-12 11:05:00,2023-06-12 11:35:00,YELLOW,1,94.9,59.5,154.48,94.2,58.37,152.57,-123.73,68.89,9.98,-192.62,528176.02,TIME_OUT,528368.64,0.04
2023-06-12 12:00:00,2023-06-12 12:30:00,YELLOW,1,102.05,51.55,153.68,79.51,66.67,146.18,-487.5,68.2,9.75,-555.7,527620.32,TIME_OUT,528368.64,0.14
2023-06-12 13:00:00,2023-06-12 13:30:00,YELLOW,1,81.85,63.9,145.82,94.6,54.72,149.33,227.66,68.23,9.59,159.43,527779.75,TIME_OUT,528368.64,0.11
2023-06-12 13:35:00,2023-06-12 14:05:00,YELLOW,1,95.7,53.35,149.12,94.65,52.62,147.28,-120.13,68.14,9.63,-188.27,527591.48,TIME_OUT,528368.64,0.15
2023-06-13 10:10:00,2023-06-13 10:40:00,YELLOW,2,66.45,53.45,119.96,66.47,52.72,119.19,-100.04,81.04,15.54,-181.08,527410.4,TIME_OUT,528368.64,0.18
2023-06-13 10:45:00,2023-06-13 11:15:00,YELLOW,2,66.1,53.0,119.16,68.07,51.62,119.69,68.97,81.08,15.53,-12.1,527398.29,TIME_OUT,528368.64,0.18
2023-06-13 11:20:00,2023-06-13 11:50:00,YELLOW,2,68.2,51.05,119.31,69.42,49.88,119.29,-2.51,81.01,15.51,-83.52,527314.77,TIME_OUT,528368.64,0.2
2023-06-13 11:55:00,2023-06-13 12:25:00,YELLOW,2,71.7,48.15,119.91,69.87,47.63,117.49,-314.43,80.68,15.43,-395.11,526919.66,TIME_OUT,528368.64,0.27
2023-06-13 12:30:00,2023-06-13 13:00:00,YELLOW,2,68.75,48.7,117.51,68.37,48.33,116.69,-106.22,80.33,15.22,-186.56,526733.11,TIME_OUT,528368.64,0.31
2023-06-13 13:05:00,2023-06-13 13:35:00,YELLOW,2,68.2,48.1,116.36,65.12,49.38,114.49,-242.51,79.79,15.01,-322.3,526410.81,TIME_OUT,528368.64,0.37
2023-06-13 13:40:00,2023-06-13 14:10:00,YELLOW,2,65.4,49.1,114.56,54.87,56.27,111.14,-443.67,78.96,14.67,-522.63,525888.18,TIME_OUT,528368.64,0.47
2023-06-13 14:15:00,2023-06-13 14:45:00,YELLOW,2,56.9,53.6,110.56,57.82,52.52,110.34,-27.36,78.49,14.36,-105.85,525782.33,TIME_OUT,528368.64,0.49
2023-06-13 14:50:00,2023-06-13 15:10:00,GREEN,4,61.8,49.45,111.31,69.37,43.23,112.59,334.89,110.82,29.11,224.07,526006.41,EOD,528368.64,0.45
2023-06-14 11:25:00,2023-06-14 11:44:00,YELLOW,2,39.85,53.45,93.35,67.12,53.67,120.79,3567.58,79.33,13.92,3488.25,529494.66,TARGET,529494.66,0.0
2023-06-14 11:50:00,2023-06-14 12:20:00,YELLOW,2,39.95,52.7,92.7,45.33,46.38,91.7,-128.99,73.27,11.99,-202.25,529292.41,TIME_OUT,529494.66,0.04
2023-06-14 12:25:00,2023-06-14 12:55:00,YELLOW,2,45.0,47.25,92.3,42.78,47.23,90.0,-297.85,72.88,11.85,-370.73,528921.67,TIME_OUT,529494.66,0.11
2023-06-14 13:00:00,2023-06-14 13:30:00,YELLOW,2,44.2,46.45,90.7,54.32,37.48,91.8,144.14,73.13,11.86,71.01,528992.68,TIME_OUT,529494.66,0.09
2023-06-14 13:45:00,2023-06-14 14:15:00,YELLOW,2,48.45,40.3,88.79,53.17,37.53,90.7,248.33,72.76,11.67,175.57,529168.25,TIME_OUT,529494.66,0.06
2023-06-14 14:40:00,2023-06-14 15:10:00,YELLOW,2,51.15,38.6,89.79,49.63,37.33,86.96,-368.99,72.06,11.49,-441.05,528727.2,TIME_OUT,529494.66,0.14
2023-06-16 10:15:00,2023-06-16 10:45:00,GREEN,3,109.95,56.65,166.68,113.24,73.01,186.26,3816.84,124.13,34.41,3692.71,532419.92,TIME_OUT,532419.92,0.0
2023-06-16 10:50:00,2023-06-16 11:20:00,GREEN,3,110.85,58.05,168.98,107.35,60.77,168.12,-169.37,118.77,32.87,-288.13,532131.78,TIME_OUT,532419.92,0.05
2023-06-16 11:25:00,2023-06-16 11:55:00,GREEN,3,102.25,64.0,166.33,111.19,56.67,167.87,298.92,118.38,32.58,180.53,532312.31,TIME_OUT,532419.92,0.02
2023-06-16 12:00:00,2023-06-16 12:30:00,GREEN,3,115.45,54.05,169.58,107.45,70.76,178.21,1682.09,121.96,33.91,1560.12,533872.44,TIME_OUT,533872.44,0.0
2023-06-16 12:45:00,2023-06-16 13:15:00,GREEN,3,102.85,63.25,166.18,108.85,55.62,164.47,-334.49,117.31,32.24,-451.8,533420.64,TIME_OUT,533872.44,0.08
2023-06-16 13:20:00,2023-06-16 13:50:00,GREEN,3,104.35,58.45,162.88,108.85,54.97,163.82,182.65,116.73,31.85,65.92,533486.55,TIME_OUT,533872.44,0.07
2023-06-16 13:55:00,2023-06-16 14:25:00,GREEN,3,109.15,55.1,164.33,115.59,53.97,169.57,1020.44,118.68,32.55,901.76,534388.32,TIME_OUT,534388.32,0.0
2023-06-19 10:05:00,2023-06-19 10:09:00,GREEN,3,96.05,53.9,150.02,100.5,70.96,171.46,4180.65,117.62,31.35,4063.03,538451.35,TARGET,538451.35,0.0
2023-06-19 13:05:00,2023-06-19 13:32:00,YELLOW,1,83.75,58.45,142.27,105.25,70.26,175.51,2160.67,70.8,10.33,2089.88,540541.22,TARGET,540541.22,0.0
2023-06-19 14:10:00,2023-06-19 14:40:00,YELLOW,1,76.1,67.75,143.92,98.3,47.63,145.93,130.33,67.8,9.42,62.53,540603.75,TIME_OUT,540603.75,0.0
2023-06-20 10:10:00,2023-06-20 10:29:00,YELLOW,2,72.4,51.75,124.21,79.36,64.67,144.03,2576.06,86.5,17.44,2489.57,543093.32,TARGET,543093.32,0.0
2023-06-20 10:55:00,2023-06-20 11:25:00,YELLOW,2,59.4,61.95,121.41,69.02,51.77,120.79,-80.74,81.48,15.74,-162.22,542931.1,TIME_OUT,543093.32,0.03
2023-06-20 12:05:00,2023-06-20 12:35:00,YELLOW,2,75.9,46.5,122.46,81.76,42.43,124.19,224.47,82.26,16.03,142.21,543073.3,TIME_OUT,543093.32,0.0
2023-06-20 12:40:00,2023-06-20 12:45:00,YELLOW,2,85.0,40.95,126.01,84.31,60.57,144.88,2452.39,86.81,17.61,2365.58,545438.88,TARGET,545438.88,0.0
2023-06-20 13:40:00,2023-06-20 14:10:00,YELLOW,2,76.4,43.85,120.31,67.17,48.08,115.24,-658.81,80.25,15.31,-739.06,544699.82,TIME_OUT,545438.88,0.14
2023-06-20 14:20:00,2023-06-20 14:50:00,YELLOW,2,65.85,49.3,115.21,74.66,40.23,114.89,-40.96,79.78,14.96,-120.74,544579.08,TIME_OUT,545438.88,0.16
2023-06-20 14:55:00,2023-06-20 15:10:00,YELLOW,2,77.25,37.45,114.76,66.72,55.22,121.94,933.61,81.21,15.39,852.41,545431.49,EOD,545438.88,0.0
2023-06-21 10:15:00,2023-06-21 10:45:00,YELLOW,2,58.8,43.2,102.05,39.88,54.27,94.15,-1026.75,74.49,12.75,-1101.24,544330.25,TIME_OUT,545438.88,0.2
2023-06-21 11:45:00,2023-06-21 12:00:00,YELLOW,2,40.0,56.0,96.05,62.72,56.37,119.09,2995.52,79.18,13.98,2916.33,547246.58,TARGET,547246.58,0.0
2023-06-21 12:10:00,2023-06-21 12:20:00,YELLOW,2,37.85,59.35,97.25,60.32,60.97,121.29,3125.29,79.73,14.2,3045.56,550292.15,TARGET,550292.15,0.0
2023-06-21 13:35:00,2023-06-21 14:05:00,YELLOW,2,48.75,44.0,92.8,50.27,41.38,91.65,-148.49,73.26,11.99,-221.75,550070.39,TIME_OUT,550292.15,0.04
2023-06-21 14:30:00,2023-06-21 15:00:00,YELLOW,2,43.55,45.6,89.19,45.43,39.18,84.61,-596.3,71.53,11.3,-667.83,549402.57,TIME_OUT,550292.15,0.16
2023-06-23 10:10:00,2023-06-23 10:40:00,GREEN,3,96.5,81.1,177.69,100.7,72.76,173.46,-823.99,121.43,34.24,-945.41,548457.15,TIME_OUT,550292.15,0.33
2023-06-23 10:45:00,2023-06-23 11:15:00,GREEN,3,102.55,71.9,174.54,101.55,72.46,174.01,-102.23,121.23,33.98,-223.47,548233.69,TIME_OUT,550292.15,0.37
2023-06-23 11:30:00,2023-06-23 12:00:00,GREEN,3,96.8,75.7,172.59,105.4,67.07,172.46,-23.89,120.53,33.64,-144.42,548089.27,TIME_OUT,550292.15,0.4
2023-06-23 12:05:00,2023-06-23 12:35:00,GREEN,3,110.75,63.1,173.94,88.96,82.56,171.51,-472.43,120.39,33.68,-592.82,547496.45,TIME_OUT,550292.15,0.51
2023-06-23 12:50:00,2023-06-23 13:20:00,GREEN,3,91.25,74.7,166.03,101.4,67.27,168.67,513.37,118.6,32.63,394.77,547891.22,TIME_OUT,550292.15,0.44
2023-06-23 13:45:00,2023-06-23 14:15:00,GREEN,3,102.25,66.25,168.58,89.71,75.01,164.72,-754.0,117.67,32.5,-871.66,547019.55,TIME_OUT,550292.15,0.59
2023-06-23 14:45:00,2023-06-23 15:04:00,GREEN,3,88.95,71.6,160.63,112.89,72.81,185.71,4889.98,123.26,33.77,4766.72,551786.28,TARGET,551786.28,0.0
2023-06-26 10:05:00,2023-06-26 10:12:00,GREEN,3,96.0,57.3,153.38,97.35,77.46,174.81,4180.0,119.05,32.0,4060.95,555847.23,TARGET,555847.23,0.0
2023-06-26 10:45:00,2023-06-26 11:15:00,GREEN,3,93.9,58.0,151.98,96.3,53.07,149.38,-507.13,111.0,29.38,-618.13,555229.1,TIME_OUT,555847.23,0.11
2023-06-26 11:20:00,2023-06-26 11:50:00,YELLOW,1,104.35,47.2,151.63,75.46,67.52,142.98,-562.07,67.79,9.57,-629.87,554599.23,TIME_OUT,555847.23,0.22
2023-06-26 12:05:00,2023-06-26 12:35:00,YELLOW,2,75.5,65.85,141.42,71.66,68.37,140.03,-180.79,86.99,18.29,-267.79,554331.45,TIME_OUT,555847.23,0.27
2023-06-26 13:20:00,2023-06-26 13:27:00,YELLOW,1,89.95,53.05,143.07,94.7,69.47,164.17,1371.26,69.65,9.99,1301.61,555633.06,TARGET,555847.23,0.04
2023-06-26 13:30:00,2023-06-26 14:00:00,YELLOW,2,90.7,51.4,142.17,89.26,51.97,141.23,-122.42,87.3,18.42,-209.72,555423.34,TIME_OUT,555847.23,0.08
2023-06-26 14:05:00,2023-06-26 14:35:00,YELLOW,2,83.9,56.55,140.52,92.8,48.38,141.18,85.69,87.16,18.31,-1.47,555421.87,TIME_OUT,555847.23,0.08
2023-06-26 14:55:00,2023-06-26 14:57:00,YELLOW,2,93.55,47.1,140.72,92.95,66.02,158.97,2372.52,90.85,19.48,2281.67,557703.54,TARGET,557703.54,0.0
2023-06-27 10:15:00,2023-06-27 10:35:00,YELLOW,2,51.95,58.35,110.36,76.66,59.02,135.68,3292.51,83.71,15.99,3208.8,560912.33,TARGET,560912.33,0.0
2023-06-27 11:10:00,2023-06-27 11:18:00,YELLOW,2,74.25,40.0,114.31,78.61,54.77,133.38,2479.9,83.54,16.1,2396.36,563308.7,TARGET,563308.7,0.0
2023-06-27 11:20:00,2023-06-27 11:50:00,YELLOW,2,77.2,36.6,113.86,52.32,54.62,106.95,-898.35,78.04,14.35,-976.39,562332.31,TIME_OUT,563308.7,0.17
2023-06-27 12:25:00,2023-06-27 12:55:00,GREEN,5,52.15,43.7,95.9,45.38,47.08,92.45,-1119.36,113.36,30.61,-1232.72,561099.58,TIME_OUT,563308.7,0.39
2023-06-27 13:00:00,2023-06-27 13:30:00,GREEN,5,42.9,48.7,91.65,44.98,44.48,89.46,-711.93,111.0,29.43,-822.93,560276.66,TIME_OUT,563308.7,0.54
2023-06-27 13:35:00,2023-06-27 14:05:00,GREEN,5,44.95,44.1,89.09,49.98,38.88,88.86,-77.67,110.2,28.92,-187.87,560088.79,TIME_OUT,563308.7,0.57
2023-06-27 14:40:00,2023-06-27 14:46:00,GREEN,5,36.15,52.15,88.34,56.97,54.07,111.04,7377.6,121.52,32.4,7256.08,567344.87,TARGET,567344.87,0.0
2023-06-30 10:10:00,2023-06-30 10:40:00,GREEN,3,89.65,87.25,176.99,85.96,89.95,175.91,-209.91,122.1,34.41,-332.01,567012.85,TIME_OUT,567344.87,0.06
2023-06-30 10:45:00,2023-06-30 11:15:00,GREEN,3,91.8,83.7,175.59,94.85,79.36,174.21,-268.11,121.42,34.11,-389.52,566623.33,TIME_OUT,567344.87,0.13
2023-06-30 11:20:00,2023-06-30 11:50:00,GREEN,3,94.55,79.55,174.19,103.15,74.96,178.11,765.15,122.46,34.35,642.69,567266.02,TIME_OUT,567344.87,0.01
2023-06-30 11:55:00,2023-06-30 12:25:00,GREEN,3,99.05,77.6,176.74,102.35,74.96,177.31,111.73,122.51,34.52,-10.78,567255.24,TIME_OUT,567344.87,0.02
2023-06-30 12:30:00,2023-06-30 12:32:00,GREEN,3,76.95,96.8,173.84,102.5,95.75,198.25,4760.72,128.67,36.28,4632.05,571887.29,TARGET,571887.29,0.0
2023-06-30 12:50:00,2023-06-30 12:53:00,GREEN,3,78.15,94.25,172.49,105.3,91.95,197.25,4829.2,128.2,36.05,4701.0,576588.29,TARGET,576588.29,0.0
2023-06-30 12:55:00,2023-06-30 13:25:00,GREEN,3,81.75,89.45,171.29,87.51,86.56,174.06,541.58,120.87,33.67,420.7,577008.99,TIME_OUT,577008.99,0.0
2023-06-30 13:35:00,2023-06-30 14:05:00,GREEN,3,86.95,87.4,174.44,86.41,87.31,173.71,-141.19,121.13,33.94,-262.32,576746.67,TIME_OUT,577008.99,0.05
2023-06-30 14:10:00,2023-06-30 14:40:00,GREEN,3,87.65,83.8,171.54,92.25,77.31,169.57,-384.26,119.51,33.26,-503.77,576242.9,TIME_OUT,577008.99,0.13
2023-06-30 14:45:00,2023-06-30 15:10:00,GREEN,3,90.85,79.05,169.98,71.01,91.2,162.22,-1514.39,117.05,32.39,-1631.44,574611.46,EOD,577008.99,0.42
2023-07-03 10:20:00,2023-07-03 10:50:00,GREEN,3,95.6,77.2,172.89,90.9,76.41,167.32,-1086.17,118.97,33.17,-1205.14,573406.33,TIME_OUT,577008.99,0.62
2023-07-03 10:55:00,2023-07-03 11:25:00,YELLOW,1,88.2,77.4,165.68,88.01,71.06,159.07,-429.8,69.99,10.55,-499.8,572906.53,TIME_OUT,577008.99,0.71
2023-07-03 13:05:00,2023-07-03 13:35:00,YELLOW,1,68.4,85.4,153.88,92.3,62.52,154.82,61.47,69.1,10.03,-7.63,572898.89,TIME_OUT,577008.99,0.71
2023-07-04 11:00:00,2023-07-04 11:30:00,YELLOW,2,63.05,72.0,135.12,65.82,67.57,133.38,-225.45,85.13,17.45,-310.59,572588.31,TIME_OUT,577008.99,0.77
2023-07-04 11:40:00,2023-07-04 12:10:00,YELLOW,2,63.4,68.55,132.02,75.31,57.87,133.18,151.76,84.85,17.24,66.91,572655.21,TIME_OUT,577008.99,0.75
2023-07-04 13:00:00,2023-07-04 13:30:00,GREEN,4,61.0,66.9,127.96,51.27,81.96,133.23,1370.04,121.91,33.96,1248.14,573903.35,TIME_OUT,577008.99,0.54
2023-07-04 14:00:00,2023-07-04 14:30:00,YELLOW,2,71.5,58.85,130.42,71.66,54.07,125.74,-608.15,83.19,16.65,-691.34,573212.01,TIME_OUT,577008.99,0.66
2023-07-04 15:00:00,2023-07-04 15:10:00,GREEN,4,49.85,70.8,120.71,55.67,62.52,118.19,-655.06,114.58,31.06,-769.63,572442.37,EOD,577008.99,0.79
2023-07-05 10:05:00,2023-07-05 10:28:00,YELLOW,2,53.35,68.75,122.16,74.11,74.41,148.53,3427.4,87.27,17.59,3340.13,575782.51,TARGET,577008.99,0.21
2023-07-05 12:15:00,2023-07-05 12:45:00,YELLOW,2,53.45,62.9,116.41,49.63,64.57,114.19,-287.99,79.73,14.99,-367.72,575414.79,TIME_OUT,577008.99,0.28
2023-07-05 13:15:00,2023-07-05 13:41:00,YELLOW,2,50.1,60.6,110.76,67.37,63.82,131.18,2655.77,82.81,15.73,2572.96,577987.75,TARGET,577987.75,0.0
2023-07-05 13:50:00,2023-07-05 14:08:00,YELLOW,2,67.65,41.9,109.6,68.07,62.52,130.58,2727.39,82.6,15.61,2644.79,580632.54,TARGET,580632.54,0.0
2023-07-05 14:10:00,2023-07-05 14:34:00,YELLOW,2,42.0,61.25,103.3,64.57,61.32,125.89,2936.1,81.14,14.9,2854.96,583487.49,TARGET,583487.49,0.0
2023-07-07 10:15:00,2023-07-07 10:45:00,GREEN,2,95.1,105.9,201.1,96.95,101.8,198.75,-305.49,103.71,25.99,-409.2,583078.3,TIME_OUT,583487.49,0.07
2023-07-07 11:40:00,2023-07-07 12:10:00,GREEN,3,92.85,103.95,196.9,85.91,107.15,193.05,-749.77,129.71,38.02,-879.48,582198.82,TIME_OUT,583487.49,0.22
2023-07-07 12:15:00,2023-07-07 12:45:00,GREEN,3,92.65,98.3,191.05,109.25,83.81,193.05,391.55,129.04,37.45,262.51,582461.33,TIME_OUT,583487.49,0.18
2023-07-07 12:50:00,2023-07-07 13:20:00,GREEN,3,110.7,83.3,194.1,109.2,84.41,193.6,-96.3,129.56,37.8,-225.86,582235.47,TIME_OUT,583487.49,0.21
2023-07-07 13:25:00,2023-07-07 13:55:00,GREEN,3,112.5,81.15,193.75,110.94,79.06,190.0,-729.67,128.4,37.42,-858.07,581377.41,TIME_OUT,583487.49,0.36
2023-07-07 14:00:00,2023-07-07 14:30:00,GREEN,3,109.8,80.3,190.2,90.3,94.45,184.76,-1060.31,126.37,36.56,-1186.67,580190.73,TIME_OUT,583487.49,0.57
2023-07-07 15:00:00,2023-07-07 15:10:00,GREEN,3,104.1,77.3,181.49,90.95,90.85,181.81,62.08,124.45,35.42,-62.37,580128.36,EOD,583487.49,0.58
2023-07-10 10:30:00,2023-07-10 10:42:00,GREEN,3,94.1,71.0,165.18,96.45,92.65,189.11,4664.96,124.84,34.54,4540.12,584668.48,TARGET,584668.48,0.0
2023-07-10 10:55:00,2023-07-10 11:25:00,GREEN,3,94.3,70.65,165.03,71.01,92.85,163.87,-227.07,116.99,32.07,-344.06,584324.42,TIME_OUT,584668.48,0.06
2023-07-10 12:20:00,2023-07-10 12:35:00,YELLOW,1,68.7,85.15,153.93,90.25,85.46,175.71,1416.04,71.26,10.71,1344.77,585669.19,TARGET,585669.19,0.0
2023-07-10 13:05:00,2023-07-10 13:08:00,YELLOW,1,68.8,83.2,152.08,90.25,85.91,176.16,1565.58,71.24,10.67,1494.34,587163.54,TARGET,587163.54,0.0
2023-07-10 13:25:00,2023-07-10 13:55:00,YELLOW,2,73.3,76.35,149.72,74.81,73.41,148.23,-194.87,89.32,19.37,-284.19,586879.35,TIME_OUT,587163.54,0.05
2023-07-10 14:05:00,2023-07-10 14:21:00,YELLOW,2,66.05,83.2,149.32,88.46,82.91,171.36,2865.15,94.07,20.84,2771.08,589650.43,TARGET,589650.43,0.0
2023-07-10 14:30:00,2023-07-10 15:00:00,YELLOW,2,65.85,83.85,149.77,90.9,74.51,165.42,2033.51,92.88,20.49,1940.63,591591.06,TIME_OUT,591591.06,0.0
2023-07-11 10:20:00,2023-07-11 10:30:00,YELLOW,2,73.2,53.35,126.61,74.51,76.21,150.72,3134.47,88.07,18.03,3046.41,594637.47,TARGET,594637.47,0.0
2023-07-11 10:35:00,2023-07-11 11:05:00,GREEN,4,52.45,72.75,125.26,56.02,67.72,123.74,-396.37,117.57,32.37,-513.94,594123.53,TIME_OUT,594637.47,0.09
2023-07-11 11:25:00,2023-07-11 11:55:00,GREEN,4,62.2,62.9,125.16,63.17,61.22,124.39,-201.44,117.82,32.44,-319.26,593804.26,TIME_OUT,594637.47,0.14
2023-07-11 12:35:00,2023-07-11 13:05:00,GREEN,4,53.5,68.25,121.81,55.97,62.17,118.14,-954.19,114.73,31.19,-1068.92,592735.35,TIME_OUT,594637.47,0.32
2023-07-11 13:10:00,2023-07-11 13:30:00,GREEN,5,53.75,64.0,117.81,75.66,66.92,142.58,8050.19,143.47,42.31,7906.72,600642.06,TARGET,600642.06,0.0
2023-07-11 13:35:00,2023-07-11 13:48:00,YELLOW,2,51.35,65.9,117.31,76.51,67.27,143.78,3441.03,85.92,16.97,3355.11,603997.18,TARGET,603997.18,0.0
2023-07-11 13:55:00,2023-07-11 14:25:00,GREEN,5,68.55,46.65,115.26,57.12,53.12,110.24,-1629.14,126.27,36.64,-1755.41,602241.76,TIME_OUT,603997.18,0.29
2023-07-11 14:45:00,2023-07-11 15:10:00,YELLOW,2,56.6,54.15,110.81,76.96,36.98,113.94,407.89,79.25,14.61,328.64,602570.4,EOD,603997.18,0.24
2023-07-12 10:30:00,2023-07-12 11:00:00,YELLOW,2,52.75,53.85,106.65,67.17,63.77,130.93,3156.56,82.44,15.44,3074.11,605644.51,TARGET,605644.51,0.0
2023-07-12 12:45:00,2023-07-12 12:48:00,YELLOW,2,42.75,61.75,104.55,64.42,59.12,123.54,2468.17,80.75,14.83,2387.42,608031.93,TARGET,608031.93,0.0
2023-07-14 10:05:00,2023-07-14 10:35:00,GREEN,3,97.05,82.45,179.59,107.3,74.21,181.51,374.29,124.14,35.21,250.15,608282.09,TIME_OUT,608282.09,0.0
2023-07-14 10:40:00,2023-07-14 11:10:00,GREEN,3,107.45,73.85,181.39,111.59,68.02,179.61,-347.2,123.76,35.2,-470.95,607811.13,TIME_OUT,608282.09,0.08
2023-07-14 11:40:00,2023-07-14 12:10:00,GREEN,3,113.0,69.2,182.29,84.26,88.21,172.46,-1916.34,121.64,34.59,-2037.98,605773.15,TIME_OUT,608282.09,0.41
2023-07-14 12:15:00,2023-07-14 12:30:00,GREEN,3,86.3,86.45,172.84,109.75,88.81,198.55,5014.29,128.65,36.21,4885.64,610658.79,TARGET,610658.79,0.0
2023-07-14 12:45:00,2023-07-14 13:15:00,GREEN,3,90.8,82.05,172.94,101.05,75.86,176.91,775.14,121.95,34.11,653.19,611311.98,TIME_OUT,611311.98,0.0
2023-07-14 13:25:00,2023-07-14 13:55:00,GREEN,3,102.7,75.25,178.04,89.95,81.66,171.61,-1252.84,120.89,34.09,-1373.73,609938.25,TIME_OUT,611311.98,0.22
2023-07-14 14:00:00,2023-07-14 14:30:00,GREEN,3,101.5,76.05,177.64,105.4,71.56,176.96,-132.07,122.5,34.57,-254.58,609683.67,TIME_OUT,611311.98,0.27
2023-07-14 14:35:00,2023-07-14 15:05:00,GREEN,3,97.35,76.5,173.94,83.21,82.36,165.57,-1632.1,118.55,33.1,-1750.65,607933.03,TIME_OUT,611311.98,0.55
2023-07-17 09:55:00,2023-07-17 10:25:00,GREEN,3,84.8,78.35,163.23,86.46,74.66,161.12,-411.87,115.93,31.62,-527.81,607405.22,TIME_OUT,611311.98,0.64
2023-07-17 10:35:00,2023-07-17 11:00:00,GREEN,3,91.7,72.35,164.13,92.85,91.85,184.71,4012.24,123.35,34.01,3888.89,611294.1,TARGET,611311.98,0.0
2023-07-17 11:05:00,2023-07-17 11:30:00,GREEN,3,67.7,92.05,159.83,92.75,91.45,184.21,4753.71,122.7,33.54,4631.0,615925.11,TARGET,615925.11,0.0
2023-07-17 12:15:00,2023-07-17 12:41:00,YELLOW,2,70.5,87.35,157.93,92.5,88.81,181.31,3039.45,96.79,22.05,2942.66,618867.76,TARGET,618867.76,0.0
2023-07-17 12:55:00,2023-07-17 13:25:00,YELLOW,2,71.6,83.45,155.13,77.16,78.16,155.32,25.32,91.2,20.18,-65.88,618801.88,TIME_OUT,618867.76,0.01
2023-07-17 13:55:00,2023-07-17 14:25:00,YELLOW,2,83.55,72.9,156.53,83.71,70.91,154.62,-247.72,91.17,20.22,-338.89,618462.99,TIME_OUT,618867.76,0.07
2023-07-17 14:30:00,2023-07-17 14:59:00,YELLOW,2,82.15,72.3,154.53,86.26,91.1,177.36,2968.43,95.71,21.57,2872.71,621335.7,TARGET,621335.7,0.0
2023-07-18 10:25:00,2023-07-18 10:49:00,YELLOW,2,61.95,94.5,156.53,82.46,94.25,176.71,2623.84,95.73,21.66,2528.11,623863.81,TARGET,623863.81,0.0
2023-07-18 11:15:00,2023-07-18 11:45:00,YELLOW,2,75.45,79.4,154.93,86.61,70.16,156.77,239.74,91.49,20.26,148.25,624012.06,TIME_OUT,624012.06,0.0
2023-07-18 13:20:00,2023-07-18 13:33:00,YELLOW,2,68.5,83.3,151.88,88.61,83.36,171.96,2611.45,94.39,21.05,2517.06,626529.12,TARGET,626529.12,0.0
2023-07-18 13:40:00,2023-07-18 14:10:00,YELLOW,2,67.85,80.6,148.52,79.76,66.67,146.43,-272.67,88.86,19.17,-361.53,626167.59,TIME_OUT,626529.12,0.06
2023-07-18 14:25:00,2023-07-18 14:54:00,YELLOW,2,62.5,85.45,148.02,89.95,80.56,170.51,2923.79,93.8,20.71,2830.0,628997.58,TARGET,628997.58,0.0
2023-07-19 13:30:00,2023-07-19 14:00:00,YELLOW,2,66.35,50.1,116.51,51.37,67.27,118.64,277.22,80.66,15.28,196.56,629194.14,TIME_OUT,629194.14,0.0
2023-07-19 14:05:00,2023-07-19 14:19:00,YELLOW,2,51.5,57.25,108.8,69.37,65.62,134.98,3403.15,83.45,15.85,3319.71,632513.85,TARGET,632513.85,0.0
2023-07-19 14:25:00,2023-07-19 14:30:00,GREEN,5,67.1,43.7,110.86,69.92,63.57,133.48,7354.04,137.43,39.71,7216.61,639730.46,TARGET,639730.46,0.0
2023-07-19 14:40:00,2023-07-19 14:43:00,YELLOW,3,43.95,62.9,106.9,68.92,65.22,134.13,5309.75,101.09,23.5,5208.66,644939.12,TARGET,644939.12,0.0
2023-07-19 14:45:00,2023-07-19 15:00:00,YELLOW,3,67.95,41.15,109.15,63.57,60.62,124.19,2931.5,98.26,22.75,2833.24,647772.35,TARGET,647772.35,0.0
2023-07-20 11:45:00,2023-07-20 12:15:00,YELLOW,3,29.8,48.9,78.74,41.83,31.38,73.21,-1077.57,78.96,14.82,-1156.52,646615.83,TIME_OUT,647772.35,0.18
2023-07-21 10:20:00,2023-07-21 10:50:00,GREEN,2,135.0,97.95,233.07,131.88,103.05,234.93,242.58,113.64,30.42,128.94,646744.77,TIME_OUT,647772.35,0.16
2023-07-21 11:35:00,2023-07-21 12:05:00,GREEN,2,119.1,113.35,232.57,145.88,90.6,236.48,509.01,113.92,30.49,395.09,647139.87,TIME_OUT,647772.35,0.1
2023-07-21 12:10:00,2023-07-21 12:40:00,GREEN,2,142.5,93.1,235.72,137.08,96.3,233.38,-303.49,113.52,30.49,-417.01,646722.85,TIME_OUT,647772.35,0.16
2023-07-21 12:45:00,2023-07-21 13:15:00,GREEN,2,141.3,93.35,234.77,126.04,97.35,223.39,-1479.28,111.38,29.78,-1590.66,645132.19,TIME_OUT,647772.35,0.41
2023-07-21 14:00:00,2023-07-21 14:30:00,GREEN,2,133.9,86.65,220.66,131.63,89.01,220.64,-2.68,109.73,28.68,-112.42,645019.78,TIME_OUT,647772.35,0.42
2023-07-24 10:20:00,2023-07-24 10:50:00,GREEN,3,111.55,86.1,197.75,117.49,80.71,198.2,88.14,131.4,38.61,-43.26,644976.52,TIME_OUT,647772.35,0.43
2023-07-24 11:05:00,2023-07-24 11:35:00,GREEN,3,120.0,77.9,198.0,106.05,87.16,193.2,-935.14,129.88,38.14,-1065.02,643911.49,TIME_OUT,647772.35,0.6
2023-07-25 11:25:00,2023-07-25 11:55:00,YELLOW,2,101.4,62.1,163.58,98.15,64.02,162.17,-183.67,93.27,21.17,-276.94,643634.55,TIME_OUT,647772.35,0.64
2023-07-25 12:10:00,2023-07-25 12:13:00,YELLOW,2,100.55,62.55,163.18,104.1,83.71,187.81,3201.19,98.54,22.81,3102.65,646737.2,TARGET,647772.35,0.16
2023-07-25 12:15:00,2023-07-25 12:45:00,YELLOW,2,79.75,78.1,157.93,80.26,73.36,153.62,-559.75,91.07,20.25,-650.82,646086.39,TIME_OUT,647772.35,0.26
2023-07-25 12:50:00,2023-07-25 13:12:00,YELLOW,2,73.1,79.4,152.58,93.55,81.96,175.51,2981.67,95.18,21.33,2886.49,648972.88,TARGET,648972.88,0.0
2023-07-25 14:00:00,2023-07-25 14:30:00,YELLOW,2,81.35,66.25,147.67,66.62,76.31,142.93,-616.89,88.07,18.89,-704.96,648267.92,TIME_OUT,648972.88,0.11
2023-07-26 10:45:00,2023-07-26 11:15:00,YELLOW,2,64.4,62.85,127.31,63.32,62.17,125.49,-237.43,82.9,16.43,-320.34,647947.58,TIME_OUT,648972.88,0.16
2023-07-26 11:20:00,2023-07-26 11:50:00,YELLOW,2,61.0,64.8,125.86,63.52,60.42,123.94,-250.24,82.47,16.24,-332.71,647614.88,TIME_OUT,648972.88,0.21
2023-07-26 12:05:00,2023-07-26 12:35:00,YELLOW,2,66.9,56.5,123.46,60.92,60.62,121.54,-249.92,81.79,15.93,-331.72,647283.16,TIME_OUT,648972.88,0.26
2023-07-26 12:50:00,2023-07-26 13:20:00,YELLOW,2,61.4,60.6,122.06,61.62,57.27,118.89,-412.16,81.14,15.66,-493.3,646789.86,TIME_OUT,648972.88,0.34
2023-07-26 14:40:00,2023-07-26 15:00:00,YELLOW,2,49.45,61.6,111.11,69.17,63.97,133.13,2863.62,83.24,15.88,2780.38,649570.24,TARGET,649570.24,0.0
2023-07-28 10:10:00,2023-07-28 10:40:00,GREEN,3,130.95,87.55,218.61,102.6,106.0,208.6,-1952.65,137.03,41.65,-2089.68,647480.57,TIME_OUT,649570.24,0.32
2023-07-28 10:45:00,2023-07-28 11:15:00,GREEN,3,99.9,109.1,209.1,126.14,90.9,217.04,1547.7,138.55,41.55,1409.15,648889.71,TIME_OUT,649570.24,0.1
2023-07-28 11:50:00,2023-07-28 12:20:00,GREEN,3,113.7,94.8,208.6,106.25,98.8,205.05,-693.58,134.77,40.33,-828.36,648061.36,TIME_OUT,649570.24,0.23
2023-07-28 12:25:00,2023-07-28 12:55:00,GREEN,3,105.1,100.15,205.35,107.45,97.75,205.2,-30.28,134.45,40.03,-164.73,647896.63,TIME_OUT,649570.24,0.26
2023-07-28 13:15:00,2023-07-28 13:45:00,GREEN,3,116.45,88.35,204.9,125.74,78.51,204.25,-127.64,134.1,39.89,-261.74,647634.89,TIME_OUT,649570.24,0.3
2023-07-28 13:55:00,2023-07-28 14:25:00,GREEN,3,99.65,101.05,200.8,124.39,77.66,202.05,243.47,132.95,39.28,110.52,647745.41,TIME_OUT,649570.24,0.28
2023-07-28 14:40:00,2023-07-28 15:10:00,GREEN,3,112.6,83.7,196.4,109.3,79.36,188.66,-1509.79,128.29,37.54,-1638.08,646107.33,TIME_OUT,649570.24,0.53
2023-07-31 09:45:00,2023-07-31 10:15:00,GREEN,3,94.7,84.8,179.59,112.64,65.52,178.16,-278.63,123.1,34.88,-401.73,645705.6,TIME_OUT,649570.24,0.59
2023-07-31 10:30:00,2023-07-31 10:39:00,GREEN,3,84.7,86.95,171.74,109.3,83.76,193.05,4156.93,126.81,35.57,4030.12,649735.72,TARGET,649735.72,0.0
2023-07-31 11:15:00,2023-07-31 11:45:00,YELLOW,1,89.55,79.7,169.33,105.9,67.57,173.46,268.36,71.62,11.14,196.74,649932.46,TIME_OUT,649932.46,0.0
2023-08-01 10:15:00,2023-08-01 10:31:00,YELLOW,2,58.9,76.85,135.82,79.66,72.86,152.52,2171.76,89.14,18.74,2082.61,652015.07,TARGET,652015.07,0.0
2023-08-01 11:15:00,2023-08-01 11:45:00,YELLOW,2,62.5,73.95,136.52,69.27,65.02,134.28,-290.6,85.43,17.6,-376.03,651639.04,TIME_OUT,652015.07,0.06
2023-08-01 11:50:00,2023-08-01 12:10:00,GREEN,4,63.2,72.0,135.27,82.36,77.21,159.57,6318.67,133.92,38.33,6184.75,657823.8,TARGET,657823.8,0.0
2023-08-01 13:05:00,2023-08-01 13:35:00,YELLOW,2,84.95,53.15,138.17,75.26,72.71,147.98,1274.9,88.38,18.6,1186.52,659010.31,TIME_OUT,659010.31,0.0
2023-08-01 13:55:00,2023-08-01 14:25:00,YELLOW,2,65.2,61.9,127.16,64.67,59.97,124.64,-328.37,82.72,16.37,-411.08,658599.23,TIME_OUT,659010.31,0.06
2023-08-01 14:30:00,2023-08-01 15:00:00,YELLOW,2,68.15,56.25,124.46,64.22,60.77,124.99,68.29,82.58,16.21,-14.3,658584.93,TIME_OUT,659010.31,0.06
2023-08-02 14:40:00,2023-08-02 15:10:00,YELLOW,2,64.0,53.4,117.46,63.82,66.77,130.58,1706.38,83.2,16.12,1623.18,660208.11,TIME_OUT,660208.11,0.0
2023-08-04 10:10:00,2023-08-04 10:16:00,GREEN,3,91.15,102.85,194.1,116.84,106.45,223.29,5692.3,138.76,40.7,5553.54,665761.65,TARGET,665761.65,0.0
2023-08-04 10:20:00,2023-08-04 10:50:00,GREEN,3,93.1,102.85,196.05,110.39,86.86,197.25,234.65,130.91,38.35,103.74,665865.39,TIME_OUT,665865.39,0.0
2023-08-04 10:55:00,2023-08-04 11:25:00,GREEN,3,109.2,89.15,198.45,111.44,85.81,197.25,-233.58,131.19,38.58,-364.77,665500.62,TIME_OUT,665865.39,0.05
2023-08-04 12:05:00,2023-08-04 12:35:00,GREEN,3,102.45,91.05,193.6,102.3,88.46,190.75,-554.22,128.62,37.47,-682.84,664817.78,TIME_OUT,665865.39,0.16
2023-08-04 12:40:00,2023-08-04 13:10:00,GREEN,3,100.3,89.85,190.25,109.05,80.26,189.31,-183.26,127.78,37.01,-311.04,664506.74,TIME_OUT,665865.39,0.2
2023-08-04 13:15:00,2023-08-04 13:45:00,GREEN,3,105.65,82.25,187.99,92.1,94.7,186.81,-231.54,126.75,36.54,-358.29,664148.45,TIME_OUT,665865.39,0.26
2023-08-04 14:20:00,2023-08-04 14:50:00,GREEN,3,92.4,90.2,182.69,106.65,77.61,184.26,305.47,125.35,35.78,180.12,664328.58,TIME_OUT,665865.39,0.23
2023-08-04 15:00:00,2023-08-04 15:10:00,GREEN,3,86.35,94.05,180.49,110.04,76.01,186.06,1085.51,125.65,35.74,959.86,665288.43,EOD,665865.39,0.09
2023-08-07 10:10:00,2023-08-07 10:40:00,GREEN,4,89.65,73.8,163.53,71.91,87.01,158.92,-1198.92,137.98,41.92,-1336.9,663951.53,TIME_OUT,665865.39,0.29
2023-08-07 10:45:00,2023-08-07 11:15:00,GREEN,4,95.2,66.75,162.03,81.41,80.46,161.87,-42.11,138.97,42.11,-181.08,663770.45,TIME_OUT,665865.39,0.31
2023-08-07 14:35:00,2023-08-07 15:05:00,YELLOW,2,72.55,75.95,148.57,73.96,73.96,147.93,-84.27,89.17,19.27,-173.44,663597.01,TIME_OUT,665865.39,0.34
2023-08-08 11:50:00,2023-08-08 12:18:00,GREEN,4,74.4,66.2,140.67,78.81,83.91,162.72,5732.56,136.05,39.44,5596.51,669193.52,TARGET,669193.52,0.0
2023-08-08 12:40:00,2023-08-08 13:10:00,GREEN,5,70.55,65.45,136.07,76.31,57.77,134.08,-645.15,142.58,43.9,-787.73,668405.79,TIME_OUT,669193.52,0.12
2023-08-08 13:15:00,2023-08-08 13:19:00,YELLOW,2,57.1,74.05,131.22,82.96,69.47,152.42,2757.06,88.77,18.44,2668.29,671074.08,TARGET,671074.08,0.0
2023-08-08 13:20:00,2023-08-08 13:50:00,YELLOW,2,61.0,68.65,129.71,77.56,55.22,132.78,398.94,84.6,17.06,314.34,671388.43,TIME_OUT,671388.43,0.0
2023-08-08 14:15:00,2023-08-08 14:22:00,GREEN,5,54.4,75.4,129.86,78.16,73.16,151.32,6974.31,150.3,45.69,6824.01,678212.43,TARGET,678212.43,0.0
2023-08-08 14:25:00,2023-08-08 14:55:00,GREEN,5,61.4,64.4,125.86,65.17,61.67,126.84,316.44,136.88,41.06,179.56,678391.99,TIME_OUT,678391.99,0.0
2023-08-09 10:35:00,2023-08-09 11:05:00,YELLOW,2,48.0,74.0,122.06,46.13,76.11,122.24,23.12,81.83,15.88,-58.71,678333.28,TIME_OUT,678391.99,0.01
2023-08-09 11:10:00,2023-08-09 11:40:00,YELLOW,2,71.5,50.8,122.36,54.17,74.71,128.89,848.17,83.23,16.33,764.94,679098.23,TIME_OUT,679098.23,0.0
2023-08-09 11:50:00,2023-08-09 12:20:00,YELLOW,2,50.5,67.85,118.41,49.08,66.47,115.54,-372.71,80.16,15.21,-452.87,678645.36,TIME_OUT,679098.23,0.07
2023-08-09 12:30:00,2023-08-09 13:00:00,YELLOW,3,52.55,61.05,113.66,55.92,56.17,112.09,-304.76,95.03,22.01,-399.79,678245.56,TIME_OUT,679098.23,0.13
2023-08-09 13:05:00,2023-08-09 13:35:00,YELLOW,3,59.8,53.3,113.16,60.42,47.48,107.9,-1025.8,93.67,21.55,-1119.47,677126.09,TIME_OUT,679098.23,0.29
2023-08-09 13:40:00,2023-08-09 14:03:00,YELLOW,3,61.0,47.55,108.6,70.66,60.62,131.28,4422.61,100.4,23.39,4322.21,681448.3,TARGET,681448.3,0.0
2023-08-11 10:15:00,2023-08-11 10:45:00,GREEN,3,109.7,77.6,187.39,113.29,74.01,187.31,-17.03,126.83,36.53,-143.87,681304.43,TIME_OUT,681448.3,0.02
2023-08-11 10:50:00,2023-08-11 11:20:00,GREEN,3,115.0,72.4,187.49,109.75,73.21,182.96,-884.37,125.5,36.12,-1009.87,680294.57,TIME_OUT,681448.3,0.17
2023-08-11 11:25:00,2023-08-11 11:55:00,GREEN,3,110.2,73.3,183.59,98.6,83.76,182.36,-240.43,124.86,35.68,-365.29,679929.27,TIME_OUT,681448.3,0.22
2023-08-11 12:05:00,2023-08-11 12:35:00,YELLOW,1,102.7,78.75,181.54,103.7,77.86,181.56,1.2,72.93,11.8,-71.73,679857.55,TIME_OUT,681448.3,0.23
2023-08-11 12:40:00,2023-08-11 13:10:00,GREEN,3,104.9,76.4,181.39,93.35,80.71,174.06,-1428.91,122.04,34.66,-1550.94,678306.6,TIME_OUT,681448.3,0.46
2023-08-11 13:35:00,2023-08-11 13:47:00,GREEN,4,88.3,82.1,170.49,112.54,85.76,198.3,7232.06,155.33,47.94,7076.73,685383.33,TARGET,685383.33,0.0
2023-08-11 13:50:00,2023-08-11 13:53:00,YELLOW,2,87.0,82.6,169.68,109.1,87.61,196.7,3512.18,100.87,23.82,3411.31,688794.64,TARGET,688794.64,0.0
2023-08-11 13:55:00,2023-08-11 14:16:00,GREEN,4,84.1,85.6,169.78,111.09,84.16,195.25,6621.54,153.96,47.45,6467.58,695262.22,TARGET,695262.22,0.0
2023-08-11 14:20:00,2023-08-11 14:50:00,YELLOW,2,108.4,66.35,174.84,104.85,84.76,189.61,1919.81,99.8,23.69,1820.01,697082.23,TIME_OUT,697082.23,0.0
2023-08-11 14:55:00,2023-08-11 15:10:00,GREEN,4,108.95,66.7,175.74,129.39,54.92,184.31,2228.19,150.35,46.81,2077.84,699160.07,EOD,699160.07,0.0
2023-08-14 10:30:00,2023-08-14 11:00:00,YELLOW,2,96.95,60.05,157.08,89.16,63.02,152.17,-637.6,90.7,20.1,-728.3,698431.77,TIME_OUT,699160.07,0.1
2023-08-14 11:05:00,2023-08-14 11:35:00,YELLOW,2,90.0,63.25,153.33,78.56,79.61,158.17,629.75,91.65,20.25,538.1,698969.87,TIME_OUT,699160.07,0.03
2023-08-14 12:20:00,2023-08-14 12:30:00,GREEN,4,62.85,83.7,146.62,89.06,82.51,171.56,6484.63,140.62,41.36,6344.02,705313.89,TARGET,705313.89,0.0
2023-08-14 12:45:00,2023-08-14 13:15:00,YELLOW,2,83.4,63.3,146.77,81.01,64.62,145.63,-149.01,88.56,19.01,-237.56,705076.32,TIME_OUT,705313.89,0.03
2023-08-14 13:20:00,2023-08-14 13:50:00,YELLOW,2,78.0,66.4,144.47,76.96,63.17,140.13,-564.5,87.25,18.5,-651.74,704424.58,TIME_OUT,705313.89,0.13
2023-08-16 11:00:00,2023-08-16 11:30:00,YELLOW,3,44.2,68.9,113.16,46.68,62.87,109.55,-704.21,94.18,21.71,-798.4,703626.18,TIME_OUT,705313.89,0.24
2023-08-16 11:50:00,2023-08-16 12:20:00,YELLOW,3,62.95,45.8,108.8,45.83,67.67,113.49,914.33,94.91,21.67,819.42,704445.6,TIME_OUT,705313.89,0.12
2023-08-16 12:25:00,2023-08-16 12:55:00,YELLOW,3,45.35,60.15,105.55,57.22,50.97,108.2,515.41,92.89,20.84,422.52,704868.12,TIME_OUT,705313.89,0.06
2023-08-16 13:25:00,2023-08-16 13:30:00,YELLOW,3,41.7,58.4,100.15,62.77,61.07,123.84,4619.16,97.12,21.84,4522.04,709390.16,TARGET,709390.16,0.0
2023-08-16 13:50:00,2023-08-16 13:56:00,YELLOW,3,39.25,60.25,99.55,60.27,60.32,120.59,4102.79,96.04,21.46,4006.74,713396.9,TARGET,713396.9,0.0
2023-08-16 14:05:00,2023-08-16 14:35:00,YELLOW,3,59.15,39.0,98.2,36.78,57.42,94.2,-779.26,87.71,18.76,-866.96,712529.94,TIME_OUT,713396.9,0.12
2023-08-16 14:45:00,2023-08-16 14:57:00,YELLOW,3,38.95,56.2,95.2,60.62,56.37,116.99,4249.81,94.43,20.69,4155.38,716685.32,TARGET,716685.32,0.0
2023-08-18 10:30:00,2023-08-18 10:37:00,GREEN,3,109.4,78.15,187.64,111.04,100.75,211.79,4709.3,134.46,38.95,4574.85,721260.17,TARGET,721260.17,0.0
2023-08-18 10:40:00,2023-08-18 11:10:00,GREEN,3,107.1,80.2,187.39,84.66,97.05,181.71,-1108.49,125.1,35.99,-1233.59,720026.59,TIME_OUT,721260.17,0.17
2023-08-18 11:15:00,2023-08-18 11:45:00,GREEN,3,110.25,74.55,184.89,94.65,96.1,190.75,1143.12,127.62,36.63,1015.51,721042.1,TIME_OUT,721260.17,0.03
2023-08-18 12:15:00,2023-08-18 12:45:00,GREEN,4,94.0,83.7,177.79,87.91,87.96,175.86,-500.97,147.17,45.97,-648.15,720393.95,TIME_OUT,721260.17,0.12
2023-08-18 12:55:00,2023-08-18 13:25:00,GREEN,4,81.9,94.05,176.04,96.95,81.61,178.56,655.9,148.02,46.1,507.88,720901.83,TIME_OUT,721260.17,0.05
2023-08-18 13:30:00,2023-08-18 14:00:00,GREEN,4,76.3,101.6,177.99,100.8,83.41,184.21,1616.91,150.66,47.09,1466.26,722368.09,TIME_OUT,722368.09,0.0
2023-08-18 14:50:00,2023-08-18 15:02:00,GREEN,4,79.85,91.5,171.44,100.05,97.15,197.2,6699.08,155.02,47.92,6544.05,728912.14,TARGET,728912.14,0.0
2023-08-21 10:30:00,2023-08-21 11:00:00,YELLOW,2,68.95,84.25,153.28,69.97,81.31,151.27,-260.3,90.22,19.8,-350.52,728561.62,TIME_OUT,728912.14,0.05
2023-08-21 11:40:00,2023-08-21 12:05:00,GREEN,4,74.8,76.1,150.98,76.96,98.15,175.11,6275.61,142.75,42.39,6132.86,734694.48,TARGET,734694.48,0.0
2023-08-21 12:10:00,2023-08-21 12:16:00,GREEN,5,57.1,92.65,149.82,74.81,99.4,174.21,7926.09,165.95,52.66,7760.14,742454.61,TARGET,742454.61,0.0
2023-08-21 12:20:00,2023-08-21 12:50:00,GREEN,5,52.85,97.65,150.58,58.52,86.96,145.48,-1656.86,151.25,48.11,-1808.11,740646.51,TIME_OUT,742454.61,0.24
2023-08-21 12:55:00,2023-08-21 13:25:00,GREEN,5,59.35,86.2,145.62,61.62,82.96,144.58,-339.66,149.83,47.16,-489.49,740157.02,TIME_OUT,742454.61,0.31
2023-08-21 13:45:00,2023-08-21 14:15:00,GREEN,5,65.4,78.8,144.27,54.42,88.36,142.78,-485.4,148.65,46.65,-634.04,739522.98,TIME_OUT,742454.61,0.39
2023-08-21 14:50:00,2023-08-21 15:10:00,GREEN,5,65.0,74.75,139.82,61.42,77.76,139.18,-207.84,145.93,45.34,-353.77,739169.21,EOD,742454.61,0.44
2023-08-22 09:50:00,2023-08-22 10:20:00,YELLOW,2,42.9,88.7,131.67,61.97,63.82,125.79,-764.23,83.3,16.73,-847.53,738321.67,TIME_OUT,742454.61,0.56
2023-08-22 10:35:00,2023-08-22 10:38:00,GREEN,6,61.5,62.2,123.76,61.82,87.81,149.63,10086.69,168.46,53.31,9918.23,748239.9,TARGET,748239.9,0.0
2023-08-22 10:55:00,2023-08-22 11:25:00,GREEN,6,60.15,63.75,123.96,58.62,62.47,121.09,-1120.28,150.81,47.79,-1271.1,746968.81,TIME_OUT,748239.9,0.17
2023-08-22 11:40:00,2023-08-22 11:45:00,GREEN,6,60.2,60.8,121.06,60.72,86.56,147.28,10224.17,166.38,52.33,10057.79,757026.59,TARGET,757026.59,0.0
2023-08-22 11:50:00,2023-08-22 12:20:00,GREEN,6,42.85,80.75,123.66,57.32,61.32,118.64,-1958.25,149.22,47.25,-2107.47,754919.12,TIME_OUT,757026.59,0.28
2023-08-22 12:25:00,2023-08-22 12:31:00,GREEN,6,57.95,59.65,117.66,57.92,86.31,144.23,10361.93,163.71,51.07,10198.22,765117.34,TARGET,765117.34,0.0
2023-08-22 12:35:00,2023-08-22 12:41:00,GREEN,6,37.2,86.3,123.56,58.62,85.26,143.88,7923.35,164.85,52.15,7758.5,772875.84,TARGET,772875.84,0.0
2023-08-22 12:50:00,2023-08-22 13:13:00,GREEN,6,37.7,84.5,122.26,59.07,81.01,140.08,6949.34,162.2,51.16,6787.15,779662.99,TARGET,779662.99,0.0
2023-08-22 13:20:00,2023-08-22 13:38:00,GREEN,6,60.95,54.45,115.46,60.52,80.81,141.33,10089.92,161.41,50.07,9928.52,789591.5,TARGET,789591.5,0.0
2023-08-22 14:05:00,2023-08-22 14:35:00,GREEN,6,51.25,65.7,117.01,48.58,68.92,117.49,188.27,146.98,45.73,41.29,789632.8,TIME_OUT,789632.8,0.0
2023-08-22 14:40:00,2023-08-22 15:10:00,GREEN,6,48.4,68.4,116.86,44.63,73.41,118.04,461.19,147.29,45.81,313.91,789946.71,TIME_OUT,789946.71,0.0
2023-08-23 10:15:00,2023-08-23 10:26:00,GREEN,7,35.25,71.75,107.05,54.07,73.41,127.49,9296.89,168.17,53.36,9128.72,799075.43,TARGET,799075.43,0.0
2023-08-23 10:35:00,2023-08-23 11:05:00,GREEN,7,33.25,71.95,105.25,38.23,61.52,99.75,-2503.64,147.62,46.64,-2651.26,796424.17,TIME_OUT,799075.43,0.33
2023-08-23 12:15:00,2023-08-23 12:39:00,GREEN,7,51.15,42.7,93.9,42.18,65.77,107.95,6392.33,150.5,45.92,6241.83,802666.0,TARGET,802666.0,0.0
2023-08-23 13:10:00,2023-08-23 13:40:00,YELLOW,4,39.65,54.75,94.45,40.98,52.47,93.45,-258.43,100.32,24.43,-358.75,802307.25,TIME_OUT,802666.0,0.04
2023-08-23 13:45:00,2023-08-23 14:15:00,YELLOW,4,42.5,50.3,92.85,42.03,47.78,89.81,-790.74,98.57,23.74,-889.31,801417.94,TIME_OUT,802666.0,0.16
2023-08-23 14:20:00,2023-08-23 14:50:00,YELLOW,4,40.75,49.6,90.4,42.78,45.68,88.46,-504.25,97.63,23.25,-601.88,800816.05,TIME_OUT,802666.0,0.23
2023-08-23 14:55:00,2023-08-23 15:10:00,GREEN,8,45.75,41.65,87.44,35.08,52.77,87.86,214.42,146.67,45.58,67.75,800883.81,EOD,802666.0,0.22
2023-08-25 10:10:00,2023-08-25 10:25:00,GREEN,4,99.55,87.65,187.29,102.75,112.44,215.19,7253.68,164.89,52.32,7088.78,807972.59,TARGET,807972.59,0.0
2023-08-25 11:05:00,2023-08-25 11:35:00,GREEN,4,102.0,90.1,192.2,84.96,96.85,181.81,-2700.62,151.84,48.62,-2852.46,805120.13,TIME_OUT,807972.59,0.35
2023-08-25 12:05:00,2023-08-25 12:35:00,GREEN,4,86.95,93.65,180.69,84.21,96.85,181.06,95.97,149.77,47.03,-53.8,805066.33,TIME_OUT,807972.59,0.36
2023-08-25 12:40:00,2023-08-25 13:10:00,GREEN,4,84.85,96.3,181.24,79.81,99.8,179.61,-423.91,149.25,46.91,-573.16,804493.17,TIME_OUT,807972.59,0.43
2023-08-25 13:15:00,2023-08-25 13:45:00,GREEN,4,82.7,96.1,178.89,88.11,90.95,179.06,44.47,148.67,46.53,-104.2,804388.97,TIME_OUT,807972.59,0.44
2023-08-25 13:50:00,2023-08-25 14:20:00,GREEN,4,86.75,91.6,178.44,97.9,86.61,184.51,1577.82,150.85,47.18,1426.97,805815.94,TIME_OUT,807972.59,0.27
2023-08-25 14:25:00,2023-08-25 14:31:00,GREEN,4,100.85,83.65,184.59,101.5,106.15,207.65,5994.01,161.36,50.99,5832.65,811648.59,TARGET,811648.59,0.0
2023-08-25 14:55:00,2023-08-25 15:10:00,GREEN,4,79.4,100.65,180.14,73.91,108.15,182.06,498.91,150.1,47.09,348.82,811997.41,EOD,811997.41,0.0
2023-08-28 10:20:00,2023-08-28 10:50:00,GREEN,5,78.7,85.4,164.18,84.26,74.96,159.22,-1612.55,160.96,52.55,-1773.51,810223.9,TIME_OUT,811997.41,0.22
2023-08-28 11:05:00,2023-08-28 11:35:00,GREEN,5,87.7,70.45,158.23,90.3,64.87,155.17,-993.43,157.73,50.93,-1151.15,809072.74,TIME_OUT,811997.41,0.36
2023-08-28 11:50:00,2023-08-28 12:20:00,YELLOW,2,88.65,66.9,155.63,90.7,61.87,152.57,-397.03,90.67,20.03,-487.71,808585.04,TIME_OUT,811997.41,0.42
2023-08-28 12:25:00,2023-08-28 12:55:00,YELLOW,2,90.25,62.35,152.68,72.31,78.96,151.27,-182.26,90.18,19.76,-272.44,808312.6,TIME_OUT,811997.41,0.45
2023-08-28 13:35:00,2023-08-28 14:05:00,YELLOW,2,71.7,74.2,145.97,75.56,68.02,143.58,-311.32,88.07,18.82,-399.39,807913.21,TIME_OUT,811997.41,0.5
2023-08-28 14:45:00,2023-08-28 14:51:00,YELLOW,2,87.7,56.9,144.67,87.26,76.96,164.22,2540.92,92.24,20.08,2448.68,810361.89,TARGET,811997.41,0.2
2023-08-28 15:00:00,2023-08-28 15:10:00,YELLOW,2,63.95,79.0,143.02,85.01,61.82,146.83,494.66,88.52,18.84,406.14,810768.03,EOD,811997.41,0.15
2023-08-29 10:15:00,2023-08-29 10:19:00,YELLOW,3,58.55,64.25,122.86,77.26,74.21,151.47,5579.5,108.3,26.75,5471.2,816239.23,TARGET,816239.23,0.0
2023-08-29 10:35:00,2023-08-29 11:05:00,YELLOW,3,53.7,69.35,123.11,54.97,67.52,122.49,-121.45,99.34,23.95,-220.79,816018.44,TIME_OUT,816239.23,0.03
2023-08-29 11:10:00,2023-08-29 11:19:00,GREEN,6,51.7,72.0,123.76,74.96,71.66,146.63,8917.27,166.6,52.73,8750.67,824769.11,TARGET,824769.11,0.0
2023-08-29 11:20:00,2023-08-29 11:50:00,YELLOW,3,52.45,68.75,121.26,52.87,67.02,119.89,-267.26,98.32,23.51,-365.59,824403.53,TIME_OUT,824769.11,0.04
2023-08-29 11:55:00,2023-08-29 12:25:00,YELLOW,3,51.2,68.65,119.91,55.12,64.12,119.24,-130.57,97.97,23.32,-228.53,824174.99,TIME_OUT,824769.11,0.07
2023-08-29 12:35:00,2023-08-29 13:05:00,GREEN,7,57.2,61.3,118.56,62.17,53.57,115.74,-1281.8,162.76,53.3,-1444.56,822730.43,TIME_OUT,824769.11,0.25
2023-08-29 13:20:00,2023-08-29 13:50:00,GREEN,7,60.8,53.05,113.91,54.97,57.52,112.49,-643.01,159.16,51.51,-802.17,821928.26,TIME_OUT,824769.11,0.34
2023-08-29 13:55:00,2023-08-29 14:17:00,GREEN,7,54.65,58.75,113.46,72.71,64.37,137.08,10749.25,176.83,57.0,10572.42,832500.68,TARGET,832500.68,0.0
2023-08-29 15:00:00,2023-08-29 15:10:00,GREEN,7,67.6,46.15,113.81,47.88,58.92,106.8,-3189.69,155.01,50.19,-3344.7,829155.98,EOD,832500.68,0.4
2023-08-30 10:15:00,2023-08-30 10:45:00,GREEN,8,37.9,53.5,91.45,36.88,53.37,90.25,-619.24,149.88,47.24,-769.12,828386.86,TIME_OUT,832500.68,0.49
2023-08-30 11:05:00,2023-08-30 11:35:00,GREEN,8,36.5,52.25,88.79,36.33,52.67,89.01,109.77,148.03,46.23,-38.26,828348.6,TIME_OUT,832500.68,0.5
2023-08-30 11:40:00,2023-08-30 12:10:00,GREEN,8,36.0,53.1,89.14,34.58,52.57,87.16,-1033.84,146.61,45.84,-1180.45,827168.15,TIME_OUT,832500.68,0.64
2023-08-30 12:30:00,2023-08-30 13:00:00,GREEN,8,32.2,54.95,87.19,27.14,59.82,86.96,-123.28,145.85,45.28,-269.13,826899.03,TIME_OUT,832500.68,0.67
2023-08-30 13:05:00,2023-08-30 13:35:00,GREEN,8,25.3,60.25,85.59,29.79,52.32,82.11,-1811.6,141.35,43.6,-1952.95,824946.08,TIME_OUT,832500.68,0.91
2023-08-30 13:40:00,2023-08-30 14:07:00,GREEN,8,27.9,53.9,81.84,42.78,65.27,108.05,13626.63,161.64,49.37,13464.98,838411.06,TARGET,838411.06,0.0
2023-08-31 12:40:00,2023-08-31 13:10:00,YELLOW,4,17.8,39.2,57.03,23.39,36.68,60.07,790.78,80.78,15.22,710.0,839121.06,TIME_OUT,839121.06,0.0
2023-09-01 10:10:00,2023-09-01 10:40:00,GREEN,4,102.0,81.05,183.14,89.76,86.61,176.36,-1762.73,148.2,46.74,-1910.94,837210.12,TIME_OUT,839121.06,0.23
2023-09-01 10:45:00,2023-09-01 11:15:00,GREEN,4,106.8,75.0,181.89,88.46,88.26,176.71,-1346.62,148.15,46.62,-1494.77,835715.35,TIME_OUT,839121.06,0.41
2023-09-01 11:20:00,2023-09-01 11:50:00,GREEN,4,91.6,85.25,176.94,88.86,87.21,176.06,-227.89,147.13,45.89,-375.02,835340.33,TIME_OUT,839121.06,0.45
2023-09-01 11:55:00,2023-09-01 12:25:00,GREEN,4,90.65,85.85,176.59,91.0,85.21,176.21,-97.86,147.13,45.86,-245.0,835095.34,TIME_OUT,839121.06,0.48
2023-09-01 12:30:00,2023-09-01 12:47:00,GREEN,4,88.15,86.65,174.89,115.99,88.76,204.75,7763.65,158.67,49.35,7604.98,842700.31,TARGET,842700.31,0.0
2023-09-01 13:50:00,2023-09-01 14:20:00,GREEN,4,102.5,76.75,179.34,87.76,87.96,175.71,-943.16,147.35,46.16,-1090.51,841609.8,TIME_OUT,842700.31,0.13
2023-09-01 14:45:00,2023-09-01 15:10:00,GREEN,5,81.15,90.0,171.24,80.16,90.1,170.26,-315.49,168.02,55.49,-483.51,841126.29,EOD,842700.31,0.19
2023-09-04 10:30:00,2023-09-04 11:00:00,YELLOW,3,74.4,68.5,142.97,70.81,71.86,142.68,-57.1,107.89,27.85,-164.99,840961.3,TIME_OUT,842700.31,0.21
2023-09-04 11:05:00,2023-09-04 11:35:00,YELLOW,3,82.0,59.45,141.52,86.11,56.27,142.38,167.32,107.63,27.68,59.69,841021.0,TIME_OUT,842700.31,0.2
2023-09-04 11:50:00,2023-09-04 12:20:00,YELLOW,3,62.25,74.7,137.02,78.31,60.47,138.78,343.61,105.99,26.89,237.62,841258.61,TIME_OUT,842700.31,0.17
2023-09-04 12:50:00,2023-09-04 13:20:00,YELLOW,3,79.85,57.15,137.07,83.71,53.32,137.03,-7.22,105.46,26.72,-112.68,841145.93,TIME_OUT,842700.31,0.18
2023-09-04 13:30:00,2023-09-04 14:00:00,YELLOW,3,85.35,52.25,137.67,77.96,56.17,134.13,-689.5,104.63,26.5,-794.13,840351.81,TIME_OUT,842700.31,0.28
2023-09-04 14:10:00,2023-09-04 14:40:00,YELLOW,3,76.8,57.0,133.87,80.71,52.32,133.03,-162.52,103.85,26.02,-266.37,840085.44,TIME_OUT,842700.31,0.31
2023-09-04 14:55:00,2023-09-04 15:10:00,YELLOW,3,89.1,46.95,136.12,59.22,68.22,127.44,-1692.95,102.37,25.7,-1795.32,838290.12,EOD,842700.31,0.52
2023-09-05 10:15:00,2023-09-05 10:45:00,YELLOW,3,46.9,73.15,120.11,68.97,47.93,116.89,-627.61,97.26,23.11,-724.87,837565.25,TIME_OUT,842700.31,0.61
2023-09-05 10:50:00,2023-09-05 11:06:00,GREEN,7,69.0,48.0,117.06,69.12,70.96,140.08,10474.75,179.97,58.5,10294.78,847860.03,TARGET,847860.03,0.0
2023-09-05 11:10:00,2023-09-05 11:25:00,GREEN,7,46.2,67.1,113.36,67.52,71.66,139.18,11749.79,178.32,57.45,11571.47,859431.51,TARGET,859431.51,0.0
2023-09-05 11:35:00,2023-09-05 11:43:00,GREEN,7,69.9,45.95,115.91,70.01,68.87,138.88,10452.53,178.79,57.96,10273.74,869705.25,TARGET,869705.25,0.0
2023-09-05 11:45:00,2023-09-05 12:08:00,GREEN,7,45.3,67.9,113.26,70.01,70.11,140.13,12227.35,178.98,57.65,12048.37,881753.62,TARGET,881753.62,0.0
2023-09-05 12:10:00,2023-09-05 12:40:00,GREEN,7,64.5,48.75,113.31,51.52,59.27,110.79,-1142.98,157.77,50.98,-1300.75,880452.87,TIME_OUT,881753.62,0.15
2023-09-05 13:05:00,2023-09-05 13:35:00,GREEN,8,52.4,59.7,112.16,50.37,57.77,108.15,-2085.28,171.02,57.28,-2256.3,878196.56,TIME_OUT,881753.62,0.4
2023-09-05 13:40:00,2023-09-05 14:10:00,GREEN,8,55.0,52.25,107.3,58.62,45.98,104.6,-1407.09,166.6,55.09,-1573.7,876622.87,TIME_OUT,881753.62,0.58
2023-09-05 14:25:00,2023-09-05 14:55:00,YELLOW,4,65.85,38.35,104.25,64.32,37.23,101.55,-702.75,105.17,26.75,-807.93,875814.94,TIME_OUT,881753.62,0.67
2023-09-06 09:45:00,2023-09-06 09:56:00,GREEN,8,36.3,61.6,97.95,55.37,66.02,121.39,12188.97,177.62,57.03,12011.35,887826.3,TARGET,887826.3,0.0
2023-09-06 10:00:00,2023-09-06 10:16:00,YELLOW,4,49.5,45.75,95.3,53.42,66.47,119.89,6394.02,111.38,27.97,6282.64,894108.94,TARGET,894108.94,0.0
2023-09-06 10:25:00,2023-09-06 10:30:00,GREEN,8,50.75,43.0,93.8,52.72,65.97,118.69,12944.75,174.11,55.25,12770.64,906879.58,TARGET,906879.58,0.0
2023-09-06 10:35:00,2023-09-06 11:05:00,GREEN,9,32.25,60.5,92.8,53.42,39.38,92.8,4.21,165.55,54.29,-161.34,906718.24,TIME_OUT,906879.58,0.02
2023-09-06 11:15:00,2023-09-06 11:45:00,GREEN,9,52.6,38.8,91.45,36.68,48.68,85.36,-3561.71,158.16,51.71,-3719.87,902998.37,TIME_OUT,906879.58,0.43
2023-09-06 12:10:00,2023-09-06 12:40:00,YELLOW,4,40.5,46.05,86.59,48.88,57.97,106.85,5265.85,104.65,25.15,5161.2,908159.57,TARGET,908159.57,0.0
2023-09-06 13:40:00,2023-09-06 14:10:00,GREEN,9,46.0,36.25,82.29,42.28,38.98,81.26,-603.59,151.19,47.84,-754.77,907404.79,TIME_OUT,908159.57,0.08
2023-09-08 10:10:00,2023-09-08 10:18:00,GREEN,5,81.0,95.3,176.39,103.65,98.2,201.85,8274.78,185.33,61.46,8089.46,915494.25,TARGET,915494.25,0.0
2023-09-08 10:45:00,2023-09-08 11:15:00,GREEN,5,91.0,87.0,178.09,88.11,87.36,175.46,-853.7,172.02,57.45,-1025.72,914468.53,TIME_OUT,915494.25,0.11
2023-09-08 12:20:00,2023-09-08 12:50:00,GREEN,5,104.75,79.0,183.84,91.85,99.85,191.7,2555.22,181.51,61.03,2373.71,916842.24,TIME_OUT,916842.24,0.0
2023-09-08 12:55:00,2023-09-08 13:25:00,GREEN,4,87.45,101.5,189.04,109.8,77.01,186.81,-581.86,153.43,48.86,-735.29,916106.95,TIME_OUT,916842.24,0.08
2023-09-08 13:30:00,2023-09-08 13:51:00,GREEN,5,105.65,78.65,184.39,108.9,98.35,207.25,7427.61,189.65,63.64,7237.96,923344.91,TARGET,923344.91,0.0
2023-09-08 13:55:00,2023-09-08 14:02:00,GREEN,5,106.0,77.6,183.69,108.3,97.5,205.8,7184.21,188.77,63.29,6995.44,930340.34,TARGET,930340.34,0.0
2023-09-08 14:05:00,2023-09-08 14:35:00,GREEN,5,83.15,95.8,179.04,102.5,74.96,177.46,-512.93,173.23,57.93,-686.17,929654.18,TIME_OUT,930340.34,0.07
2023-09-08 14:40:00,2023-09-08 15:04:00,GREEN,5,83.25,93.2,176.54,106.05,94.0,200.05,7641.3,184.43,61.2,7456.88,937111.05,TARGET,937111.05,0.0
2023-09-11 10:25:00,2023-09-11 10:27:00,GREEN,5,99.0,68.6,167.68,100.1,88.06,188.16,6653.42,176.58,57.82,6476.84,943587.89,TARGET,943587.89,0.0
2023-09-11 10:45:00,2023-09-11 11:15:00,GREEN,5,86.1,81.45,167.63,79.81,84.81,164.62,-980.24,164.41,53.99,-1144.65,942443.24,TIME_OUT,943587.89,0.12
2023-09-12 12:10:00,2023-09-12 12:30:00,YELLOW,3,92.1,61.7,153.88,100.6,78.16,178.76,4852.32,120.33,32.43,4731.99,947175.23,TARGET,947175.23,0.0
2023-09-12 13:50:00,2023-09-12 14:20:00,YELLOW,3,70.55,74.05,144.67,77.61,64.32,141.93,-534.94,107.85,27.94,-642.79,946532.44,TIME_OUT,947175.23,0.07
2023-09-12 14:30:00,2023-09-12 15:00:00,YELLOW,3,75.1,65.45,140.62,75.51,59.67,135.18,-1060.39,105.29,26.89,-1165.68,945366.76,TIME_OUT,947175.23,0.19
2023-09-13 10:45:00,2023-09-13 11:15:00,YELLOW,3,78.65,45.15,123.86,63.57,65.77,129.34,1067.31,101.55,24.69,965.76,946332.52,TIME_OUT,947175.23,0.09
2023-09-13 13:20:00,2023-09-13 13:50:00,YELLOW,4,55.5,61.8,117.36,76.11,45.43,121.54,1086.94,115.45,31.06,971.5,947304.02,TIME_OUT,947304.02,0.0
2023-09-13 13:55:00,2023-09-13 14:00:00,YELLOW,4,49.6,61.75,111.41,71.41,63.27,134.68,6052.01,119.97,31.99,5932.04,953236.06,TARGET,953236.06,0.0
2023-09-13 14:05:00,2023-09-13 14:13:00,YELLOW,4,47.4,64.4,111.86,69.67,65.77,135.43,6129.85,120.35,32.15,6009.5,959245.56,TARGET,959245.56,0.0
2023-09-13 14:15:00,2023-09-13 14:45:00,GREEN,8,45.6,63.85,109.5,49.88,55.87,105.75,-1953.96,168.23,55.97,-2122.19,957123.37,TIME_OUT,959245.56,0.22
2023-09-13 14:50:00,2023-09-13 15:10:00,YELLOW,4,46.15,59.25,105.45,65.62,40.73,106.35,232.47,107.34,27.53,125.13,957248.49,EOD,959245.56,0.21
2023-09-15 10:10:00,2023-09-15 10:40:00,GREEN,5,114.8,76.6,191.5,112.29,78.26,190.55,-305.83,182.39,62.08,-488.22,956760.27,TIME_OUT,959245.56,0.26
2023-09-15 10:45:00,2023-09-15 11:15:00,GREEN,5,115.0,75.4,190.5,132.93,67.17,200.1,3121.53,187.13,63.47,2934.4,959694.67,TIME_OUT,959694.67,0.0
2023-09-15 11:40:00,2023-09-15 12:10:00,GREEN,5,107.45,83.0,190.55,111.89,78.36,190.25,-94.38,182.05,61.88,-276.43,959418.24,TIME_OUT,959694.67,0.03
2023-09-15 12:15:00,2023-09-15 12:26:00,GREEN,5,103.45,82.75,186.29,133.78,84.26,218.04,10318.04,195.59,65.7,10122.45,969540.69,TARGET,969540.69,0.0
2023-09-15 13:05:00,2023-09-15 13:35:00,GREEN,5,120.0,67.6,187.69,121.54,65.72,187.26,-142.18,179.95,60.93,-322.13,969218.55,TIME_OUT,969540.69,0.03
2023-09-15 13:40:00,2023-09-15 14:10:00,GREEN,5,119.0,68.15,187.24,97.95,79.61,177.56,-3146.78,174.86,59.28,-3321.64,965896.91,TIME_OUT,969540.69,0.38
2023-09-15 14:15:00,2023-09-15 14:45:00,GREEN,5,98.6,78.55,177.24,104.15,74.16,178.31,348.47,173.33,57.78,175.15,966072.06,TIME_OUT,969540.69,0.36
2023-09-15 14:50:00,2023-09-15 15:10:00,GREEN,5,102.95,73.4,176.44,99.2,75.01,174.21,-723.23,171.06,56.98,-894.29,965177.77,EOD,969540.69,0.45
2023-09-18 10:05:00,2023-09-18 10:35:00,YELLOW,3,97.9,61.45,159.43,72.86,82.66,155.52,-761.96,113.76,30.71,-875.72,964302.05,TIME_OUT,969540.69,0.54
2023-09-18 10:40:00,2023-09-18 10:48:00,YELLOW,3,68.9,84.5,153.48,92.7,84.96,177.66,4715.96,119.94,32.29,4596.02,968898.07,TARGET,969540.69,0.07
2023-09-18 11:45:00,2023-09-18 12:15:00,YELLOW,3,74.7,75.2,149.97,91.35,60.87,152.22,438.54,111.65,29.46,326.88,969224.96,TIME_OUT,969540.69,0.03
2023-09-18 14:00:00,2023-09-18 14:30:00,YELLOW,3,79.45,63.15,142.67,78.96,60.97,139.93,-534.55,107.0,27.55,-641.55,968583.41,TIME_OUT,969540.69,0.1
2023-09-18 14:35:00,2023-09-18 15:05:00,YELLOW,3,79.65,60.0,139.72,74.41,62.27,136.68,-592.45,105.65,26.95,-698.1,967885.3,TIME_OUT,969540.69,0.17
2023-09-20 11:55:00,2023-09-20 12:25:00,YELLOW,4,63.9,59.5,123.46,74.71,47.93,122.64,-213.99,116.84,31.99,-330.83,967554.47,TIME_OUT,969540.69,0.2
2023-09-20 12:50:00,2023-09-20 13:20:00,GREEN,8,71.0,48.1,119.16,62.42,51.87,114.29,-2530.7,178.26,60.7,-2708.95,964845.52,TIME_OUT,969540.69,0.48
2023-09-20 14:15:00,2023-09-20 14:45:00,YELLOW,4,68.6,46.1,114.76,66.77,43.48,110.24,-1173.25,110.38,29.25,-1283.63,963561.89,TIME_OUT,969540.69,0.62
2023-09-20 14:50:00,2023-09-20 15:10:00,YELLOW,4,64.4,44.7,109.15,62.57,43.78,106.35,-730.01,107.91,28.02,-837.92,962723.97,EOD,969540.69,0.7
2023-09-22 10:30:00,2023-09-22 11:00:00,GREEN,4,119.7,80.6,200.4,120.74,73.91,194.65,-1494.36,158.41,51.36,-1652.77,961071.2,TIME_OUT,969540.69,0.87
2023-09-22 11:25:00,2023-09-22 11:55:00,GREEN,5,106.15,83.7,189.94,116.84,74.01,190.85,295.62,182.25,61.88,113.37,961184.57,TIME_OUT,969540.69,0.86
2023-09-22 12:00:00,2023-09-22 12:30:00,GREEN,5,130.65,65.85,196.6,93.25,84.61,177.86,-6089.6,176.81,60.85,-6266.41,954918.17,TIME_OUT,969540.69,1.51
2023-09-22 12:45:00,2023-09-22 13:15:00,GREEN,5,97.85,85.2,183.14,118.14,69.42,187.56,1434.76,179.24,60.24,1255.52,956173.69,TIME_OUT,969540.69,1.38
2023-09-22 14:20:00,2023-09-22 14:50:00,GREEN,5,99.0,87.2,186.29,101.1,82.51,183.61,-872.61,177.8,60.11,-1050.41,955123.28,TIME_OUT,969540.69,1.49
2023-09-25 10:50:00,2023-09-25 11:20:00,GREEN,6,91.45,71.7,163.23,114.94,59.77,174.71,4477.6,193.1,65.9,4284.5,959407.78,TIME_OUT,969540.69,1.05
2023-09-25 11:50:00,2023-09-25 12:20:00,YELLOW,2,114.7,55.2,169.98,104.55,69.37,173.91,510.65,96.19,22.35,414.46,959822.24,TIME_OUT,969540.69,1.0
2023-09-25 13:40:00,2023-09-25 13:48:00,YELLOW,3,74.9,76.15,151.13,101.45,70.76,172.21,4112.22,117.98,31.53,3994.24,963816.49,TARGET,969540.69,0.59
2023-09-25 14:35:00,2023-09-25 14:38:00,GREEN,6,87.95,60.3,148.32,87.61,82.16,169.77,8361.97,186.6,62.03,8175.37,971991.86,TARGET,971991.86,0.0
2023-09-25 14:50:00,2023-09-25 14:59:00,YELLOW,3,90.7,58.55,149.32,88.51,78.86,167.37,3518.12,116.27,30.88,3401.85,975393.71,TARGET,975393.71,0.0
2023-09-26 10:35:00,2023-09-26 10:54:00,YELLOW,3,62.15,73.8,136.02,84.61,77.66,162.27,5118.92,113.16,29.08,5005.76,980399.46,TARGET,980399.46,0.0
2023-09-26 11:10:00,2023-09-26 11:40:00,YELLOW,3,62.95,70.75,133.77,59.62,73.96,133.58,-35.82,104.01,26.07,-139.82,980259.64,TIME_OUT,980399.46,0.01
2023-09-26 12:10:00,2023-09-26 12:40:00,YELLOW,3,55.75,77.5,133.32,79.71,64.22,143.93,2069.22,107.16,27.03,1962.06,982221.69,TIME_OUT,982221.69,0.0
2023-09-26 13:20:00,2023-09-26 13:50:00,YELLOW,3,73.4,56.65,130.12,57.42,70.96,128.39,-337.2,101.98,25.2,-439.18,981782.51,TIME_OUT,982221.69,0.04
2023-09-26 14:05:00,2023-09-26 14:13:00,YELLOW,3,55.85,70.65,126.56,81.76,72.26,154.02,5354.64,109.52,27.36,5245.13,987027.64,TARGET,987027.64,0.0
2023-09-26 14:20:00,2023-09-26 14:32:00,YELLOW,3,74.3,53.45,127.81,76.61,71.31,147.93,3921.86,107.77,26.88,3814.09,990841.73,TARGET,990841.73,0.0
2023-09-26 14:35:00,2023-09-26 14:37:00,YELLOW,4,51.7,73.35,125.11,78.56,72.16,150.72,6659.14,128.7,35.86,6530.44,997372.17,TARGET,997372.17,0.0
2023-09-26 14:40:00,2023-09-26 15:10:00,YELLOW,4,74.6,51.25,125.91,76.01,49.88,125.89,-6.73,118.56,32.73,-125.29,997246.88,TIME_OUT,997372.17,0.01
2023-09-27 10:55:00,2023-09-27 11:24:00,YELLOW,4,42.5,73.55,116.11,57.77,40.53,98.3,-4629.87,105.65,27.87,-4735.52,992511.36,STOP_LOSS,997372.17,0.49
2023-09-27 12:00:00,2023-09-27 12:30:00,YELLOW,4,48.9,54.55,103.5,52.32,52.77,105.1,414.88,106.52,27.12,308.36,992819.72,TIME_OUT,997372.17,0.46
2023-09-27 12:40:00,2023-09-27 13:08:00,YELLOW,4,52.1,51.25,103.4,65.92,61.02,126.94,6119.05,115.54,29.94,6003.52,998823.24,TARGET,998823.24,0.0
2023-09-27 13:55:00,2023-09-27 14:25:00,GREEN,9,50.1,46.45,96.6,41.53,51.22,92.75,-2249.13,166.82,55.39,-2415.95,996407.28,TIME_OUT,998823.24,0.24
2023-09-27 14:30:00,2023-09-27 14:59:00,YELLOW,4,47.25,44.85,92.15,62.67,49.98,112.64,5329.38,107.9,26.62,5221.47,1001628.76,TARGET,1001628.76,0.0
2023-09-29 10:25:00,2023-09-29 10:55:00,GREEN,5,103.65,89.05,192.8,93.65,92.35,186.01,-2206.55,180.29,61.56,-2386.84,999241.92,TIME_OUT,1001628.76,0.24
2023-09-29 11:00:00,2023-09-29 11:30:00,GREEN,5,95.45,90.75,186.29,116.74,69.67,186.41,36.94,179.25,60.56,-142.31,999099.6,TIME_OUT,1001628.76,0.25
2023-09-29 12:30:00,2023-09-29 12:33:00,GREEN,5,88.3,89.15,177.54,112.84,88.96,201.8,7884.61,185.52,61.64,7699.08,1006798.69,TARGET,1006798.69,0.0
2023-09-29 12:35:00,2023-09-29 13:05:00,GREEN,5,90.2,86.25,176.54,114.14,64.87,179.01,803.47,173.55,57.78,629.92,1007428.61,TIME_OUT,1007428.61,0.0
2023-09-29 13:10:00,2023-09-29 13:40:00,GREEN,5,111.45,68.05,179.59,91.1,86.01,177.11,-805.46,173.16,57.96,-978.62,1006449.98,TIME_OUT,1007428.61,0.1
2023-09-29 14:40:00,2023-09-29 15:10:00,GREEN,6,98.55,70.5,169.13,77.46,89.56,167.02,-826.05,189.68,65.55,-1015.73,1005434.25,TIME_OUT,1007428.61,0.2
2023-10-03 10:15:00,2023-10-03 10:45:00,GREEN,6,81.45,75.15,156.68,79.91,70.26,150.17,-2536.34,176.38,59.84,-2712.71,1002721.54,TIME_OUT,1007428.61,0.47
2023-10-03 11:00:00,2023-10-03 11:30:00,GREEN,6,82.85,66.1,149.02,68.77,74.31,143.08,-2318.96,170.21,56.96,-2489.17,1000232.37,TIME_OUT,1007428.61,0.71
2023-10-03 15:00:00,2023-10-03 15:10:00,YELLOW,3,63.8,67.8,131.67,57.97,76.46,134.43,539.56,104.03,25.94,435.53,1000667.89,EOD,1007428.61,0.67
2023-10-04 11:20:00,2023-10-04 11:50:00,YELLOW,4,64.2,42.95,107.2,59.32,55.77,115.09,2051.1,111.22,28.9,1939.88,1002607.77,TIME_OUT,1007428.61,0.48
2023-10-04 12:40:00,2023-10-04 13:10:00,GREEN,9,54.2,49.1,103.35,52.97,48.63,101.6,-1025.2,177.37,59.95,-1202.57,1001405.2,TIME_OUT,1007428.61,0.6
2023-10-04 13:15:00,2023-10-04 13:45:00,GREEN,10,56.9,43.1,100.05,55.47,42.38,97.85,-1429.32,186.7,64.32,-1616.02,999789.18,TIME_OUT,1007428.61,0.76
2023-10-04 13:50:00,2023-10-04 14:20:00,YELLOW,4,55.75,42.45,98.25,45.83,54.62,100.45,572.17,103.8,25.83,468.37,1000257.55,TIME_OUT,1007428.61,0.71
2023-10-06 10:10:00,2023-10-06 10:40:00,GREEN,5,104.95,80.2,185.24,104.45,75.76,180.21,-1635.64,175.84,59.39,-1811.48,998446.07,TIME_OUT,1007428.61,0.89
2023-10-06 11:20:00,2023-10-06 11:50:00,GREEN,5,108.4,72.5,180.99,77.91,95.9,173.81,-2332.65,171.72,57.66,-2504.38,995941.7,TIME_OUT,1007428.61,1.14
2023-10-06 11:55:00,2023-10-06 11:57:00,GREEN,5,105.0,72.8,177.89,104.95,94.95,199.9,7153.61,184.61,61.39,6969.0,1002910.69,TARGET,1007428.61,0.45
2023-10-06 12:05:00,2023-10-06 12:18:00,GREEN,5,100.0,77.5,177.59,101.35,98.25,199.6,7153.71,184.4,61.29,6969.31,1009880.0,TARGET,1009880.0,0.0
2023-10-06 12:20:00,2023-10-06 12:50:00,YELLOW,2,100.55,76.75,177.39,85.01,87.26,172.26,-666.23,96.41,22.73,-762.64,1009117.36,TIME_OUT,1009880.0,0.08
2023-10-06 12:55:00,2023-10-06 13:25:00,GREEN,5,89.55,83.3,172.94,89.81,82.96,172.76,-56.18,169.64,56.18,-225.81,1008891.55,TIME_OUT,1009880.0,0.1
2023-10-06 13:30:00,2023-10-06 14:00:00,GREEN,5,94.6,80.55,175.24,96.8,78.81,175.61,121.74,171.55,57.01,-49.81,1008841.74,TIME_OUT,1009880.0,0.1
2023-10-06 14:05:00,2023-10-06 14:35:00,YELLOW,2,94.85,80.25,175.19,90.9,80.46,171.36,-497.03,96.06,22.53,-593.08,1008248.65,TIME_OUT,1009880.0,0.16
2023-10-06 14:40:00,2023-10-06 15:10:00,GREEN,6,91.45,79.9,171.44,91.3,81.21,172.51,420.43,193.62,67.07,226.81,1008475.46,TIME_OUT,1009880.0,0.14
2023-10-10 11:15:00,2023-10-10 11:21:00,YELLOW,3,91.75,54.6,146.42,90.95,74.21,165.17,3655.12,115.26,30.38,3539.86,1012015.32,TARGET,1012015.32,0.0
2023-10-10 11:25:00,2023-10-10 11:47:00,YELLOW,3,62.85,76.7,139.62,89.71,75.61,165.32,5011.02,114.52,29.73,4896.5,1016911.82,TARGET,1016911.82,0.0
2023-10-10 11:50:00,2023-10-10 12:20:00,YELLOW,3,87.0,56.0,143.07,70.11,75.76,145.88,547.08,108.89,28.17,438.19,1017350.01,TIME_OUT,1017350.01,0.0
2023-10-10 13:10:00,2023-10-10 13:23:00,YELLOW,3,69.05,77.0,146.12,93.75,79.26,173.01,5243.63,117.65,31.12,5125.98,1022475.99,TARGET,1022475.99,0.0
2023-10-11 11:20:00,2023-10-11 11:50:00,YELLOW,4,66.85,50.55,117.46,65.67,48.13,113.79,-953.06,112.26,30.06,-1065.32,1021410.67,TIME_OUT,1022475.99,0.1
2023-10-11 12:00:00,2023-10-11 12:30:00,YELLOW,4,67.9,45.55,113.51,58.87,52.82,111.69,-471.28,110.79,29.28,-582.06,1020828.6,TIME_OUT,1022475.99,0.16
2023-10-11 12:35:00,2023-10-11 13:05:00,YELLOW,4,61.6,49.25,110.91,59.37,47.73,107.1,-990.34,108.49,28.34,-1098.83,1019729.78,TIME_OUT,1022475.99,0.27
2023-10-11 13:15:00,2023-10-11 13:45:00,GREEN,9,64.9,41.7,106.65,57.87,44.93,102.8,-2255.01,179.63,61.26,-2434.64,1017295.13,TIME_OUT,1022475.99,0.51
2023-10-11 13:50:00,2023-10-11 14:20:00,YELLOW,5,59.15,44.5,103.7,56.47,44.88,101.35,-764.57,119.46,33.32,-884.03,1016411.11,TIME_OUT,1022475.99,0.59
2023-10-11 14:25:00,2023-10-11 14:55:00,YELLOW,5,56.7,45.0,101.75,41.63,58.22,99.85,-617.76,118.31,32.76,-736.07,1015675.04,TIME_OUT,1022475.99,0.67
2023-10-11 15:00:00,2023-10-11 15:10:00,YELLOW,5,40.3,60.75,101.1,64.87,44.98,109.85,2841.97,123.35,34.28,2718.62,1018393.66,EOD,1022475.99,0.4
2023-10-13 10:30:00,2023-10-13 11:00:00,YELLOW,2,92.4,98.25,190.75,89.95,99.9,189.86,-115.74,101.07,24.74,-216.81,1018176.85,TIME_OUT,1022475.99,0.42
2023-10-13 11:05:00,2023-10-13 11:35:00,YELLOW,2,92.3,97.1,189.49,95.2,92.15,187.36,-278.0,100.46,24.5,-378.46,1017798.39,TIME_OUT,1022475.99,0.46
2023-10-13 11:40:00,2023-10-13 12:10:00,YELLOW,2,96.5,91.3,187.89,94.35,91.5,185.86,-264.79,100.03,24.29,-364.82,1017433.57,TIME_OUT,1022475.99,0.49
2023-10-13 12:15:00,2023-10-13 12:45:00,YELLOW,2,94.85,91.5,186.44,113.89,78.31,192.2,748.89,101.23,24.61,647.66,1018081.23,TIME_OUT,1022475.99,0.43
2023-10-13 12:50:00,2023-10-13 13:20:00,YELLOW,2,111.0,79.4,190.5,102.7,84.81,187.51,-388.57,100.57,24.57,-489.14,1017592.09,TIME_OUT,1022475.99,0.48
2023-10-13 13:55:00,2023-10-13 14:25:00,YELLOW,2,101.2,86.65,187.94,101.65,88.76,190.4,319.91,100.97,24.59,218.94,1017811.02,TIME_OUT,1022475.99,0.46
2023-10-13 14:45:00,2023-10-13 15:10:00,YELLOW,2,109.6,81.4,191.1,97.75,94.15,191.9,105.11,101.52,24.89,3.58,1017814.61,EOD,1022475.99,0.46
2023-10-16 11:05:00,2023-10-16 11:35:00,YELLOW,3,95.55,71.85,167.48,91.65,74.06,165.72,-344.49,117.85,32.49,-462.34,1017352.27,TIME_OUT,1022475.99,0.5
2023-10-17 11:15:00,2023-10-17 11:45:00,YELLOW,3,65.1,67.4,132.57,61.77,70.51,132.28,-55.07,103.47,25.82,-158.54,1017193.73,TIME_OUT,1022475.99,0.52
2023-10-17 11:50:00,2023-10-17 12:20:00,GREEN,7,85.3,51.4,136.77,59.37,72.91,132.28,-2040.46,179.62,61.21,-2220.08,1014973.66,TIME_OUT,1022475.99,0.73
2023-10-17 12:25:00,2023-10-17 12:32:00,GREEN,7,58.85,72.0,130.92,86.46,71.91,158.37,12492.18,196.92,65.81,12295.27,1027268.92,TARGET,1027268.92,0.0
2023-10-17 12:35:00,2023-10-17 13:05:00,YELLOW,4,61.35,68.2,129.61,62.97,68.47,131.43,473.06,121.42,33.94,351.65,1027620.57,TIME_OUT,1027620.57,0.0
2023-10-17 13:10:00,2023-10-17 13:40:00,GREEN,8,64.5,66.55,131.12,78.61,53.37,131.98,451.59,196.55,68.41,255.04,1027875.61,TIME_OUT,1027875.61,0.0
2023-10-17 13:45:00,2023-10-17 13:48:00,GREEN,8,54.45,76.25,130.77,78.86,76.31,155.17,12691.65,215.62,74.34,12476.04,1040351.65,TARGET,1040351.65,0.0
2023-10-17 13:55:00,2023-10-17 14:25:00,YELLOW,3,80.0,53.35,133.42,58.02,70.16,128.19,-1020.01,102.29,25.51,-1122.3,1039229.35,TIME_OUT,1040351.65,0.11
2023-10-17 14:50:00,2023-10-17 15:10:00,GREEN,8,66.5,63.8,130.37,77.41,54.92,132.33,1023.7,196.61,68.3,827.09,1040056.44,EOD,1040351.65,0.03
2023-10-18 10:40:00,2023-10-18 10:46:00,YELLOW,4,69.0,43.8,112.86,68.72,60.22,128.94,4180.57,117.81,31.43,4062.75,1044119.19,TARGET,1044119.19,0.0
2023-10-18 13:10:00,2023-10-18 13:40:00,YELLOW,4,66.25,47.0,113.31,65.02,45.73,110.74,-666.13,110.36,29.13,-776.49,1043342.7,TIME_OUT,1044119.19,0.07
2023-10-18 13:45:00,2023-10-18 14:15:00,YELLOW,4,63.7,48.5,112.26,65.42,43.13,108.55,-964.7,109.29,28.7,-1074.0,1042268.7,TIME_OUT,1044119.19,0.18
2023-10-18 14:30:00,2023-10-18 15:00:00,YELLOW,5,61.7,44.65,106.4,55.77,57.52,113.29,2239.3,126.15,35.7,2113.15,1044381.85,TIME_OUT,1044381.85,0.0
2023-10-20 10:10:00,2023-10-20 10:40:00,GREEN,5,103.0,92.15,195.25,98.25,95.35,193.6,-534.44,184.68,63.19,-719.12,1043662.73,TIME_OUT,1044381.85,0.07
2023-10-20 10:45:00,2023-10-20 11:15:00,GREEN,5,96.05,98.05,194.2,101.9,90.85,192.75,-469.13,184.04,62.88,-653.17,1043009.56,TIME_OUT,1044381.85,0.13
2023-10-20 11:20:00,2023-10-20 11:50:00,GREEN,5,101.85,90.55,192.5,86.71,113.34,200.05,2454.96,187.49,63.79,2267.47,1045277.03,TIME_OUT,1045277.03,0.0
2023-10-20 11:55:00,2023-10-20 12:25:00,GREEN,5,86.45,109.7,196.25,94.05,97.85,191.9,-1411.82,184.0,63.07,-1595.82,1043681.21,TIME_OUT,1045277.03,0.15
2023-10-20 12:30:00,2023-10-20 13:00:00,GREEN,5,87.05,105.85,193.0,81.26,114.39,195.65,863.09,185.31,63.16,677.78,1044359.0,TIME_OUT,1045277.03,0.09
2023-10-20 13:05:00,2023-10-20 13:35:00,GREEN,5,87.5,105.2,192.8,85.11,105.4,190.5,-744.79,182.61,62.29,-927.4,1043431.6,TIME_OUT,1045277.03,0.18
2023-10-20 13:40:00,2023-10-20 14:10:00,GREEN,5,86.4,102.85,189.34,89.61,98.3,187.91,-467.55,180.61,61.3,-648.16,1042783.44,TIME_OUT,1045277.03,0.24
2023-10-20 14:15:00,2023-10-20 14:45:00,GREEN,5,87.8,100.7,188.59,85.81,103.8,189.61,328.54,181.34,61.46,147.2,1042930.64,TIME_OUT,1045277.03,0.22
2023-10-20 14:50:00,2023-10-20 15:10:00,GREEN,5,87.8,101.3,189.19,87.06,104.9,191.95,896.81,182.67,61.94,714.14,1043644.78,EOD,1045277.03,0.16
2023-10-23 11:00:00,2023-10-23 11:28:00,GREEN,6,63.6,104.3,167.98,80.41,109.15,189.56,8412.78,203.4,69.72,8209.38,1051854.16,TARGET,1051854.16,0.0
2023-10-23 11:35:00,2023-10-23 11:57:00,GREEN,6,59.75,107.8,167.63,80.66,107.75,188.41,8101.07,202.6,69.43,7898.47,1059752.63,TARGET,1059752.63,0.0
2023-10-23 12:00:00,2023-10-23 12:30:00,GREEN,6,60.5,103.15,163.73,80.66,85.86,166.52,1086.1,188.13,64.4,897.97,1060650.6,TIME_OUT,1060650.6,0.0
2023-10-23 12:35:00,2023-10-23 13:05:00,GREEN,6,76.25,83.25,159.58,68.37,92.25,160.62,405.56,183.52,62.44,222.04,1060872.64,TIME_OUT,1060872.64,0.0
2023-10-23 13:50:00,2023-10-23 14:02:00,GREEN,6,62.35,96.7,159.13,80.46,103.25,183.71,9585.64,197.73,66.85,9387.91,1070260.55,TARGET,1070260.55,0.0
2023-10-23 14:10:00,2023-10-23 14:28:00,GREEN,6,62.3,96.95,159.33,78.31,101.45,179.76,7967.88,195.33,66.12,7772.54,1078033.1,TARGET,1078033.1,0.0
2023-10-23 14:30:00,2023-10-23 14:50:00,GREEN,6,57.8,101.65,159.53,78.01,101.5,179.51,7792.39,195.22,66.11,7597.16,1085630.26,TARGET,1085630.26,0.0
2023-10-25 14:40:00,2023-10-25 15:10:00,YELLOW,4,53.25,74.95,128.26,66.67,70.66,137.33,2357.47,123.65,34.53,2233.82,1087864.09,TIME_OUT,1087864.09,0.0
2023-10-27 10:10:00,2023-10-27 10:40:00,GREEN,4,131.6,107.3,239.02,131.68,103.9,235.58,-893.7,181.26,61.7,-1074.95,1086789.13,TIME_OUT,1087864.09,0.1
2023-10-27 10:45:00,2023-10-27 11:15:00,GREEN,4,124.45,109.3,233.87,131.23,100.25,231.48,-619.5,178.77,60.5,-798.27,1085990.87,TIME_OUT,1087864.09,0.17
2023-10-27 11:40:00,2023-10-27 12:10:00,GREEN,4,115.4,110.45,225.96,121.84,104.8,226.64,175.16,175.55,58.84,-0.39,1085990.47,TIME_OUT,1087864.09,0.17
2023-10-27 12:15:00,2023-10-27 12:45:00,GREEN,4,122.25,104.4,226.76,116.54,107.55,224.09,-695.61,174.62,58.61,-870.23,1085120.24,TIME_OUT,1087864.09,0.25
2023-10-27 12:50:00,2023-10-27 13:20:00,GREEN,4,111.85,112.0,223.96,117.64,103.45,221.09,-746.86,172.95,57.86,-919.81,1084200.43,TIME_OUT,1087864.09,0.34
2023-10-27 13:25:00,2023-10-27 13:55:00,GREEN,5,115.5,106.45,222.06,124.64,95.1,219.74,-754.29,203.33,71.79,-957.62,1083242.81,TIME_OUT,1087864.09,0.42
2023-10-27 14:05:00,2023-10-27 14:35:00,GREEN,5,121.45,96.4,217.96,128.74,88.36,217.09,-281.95,201.18,70.7,-483.12,1082759.68,TIME_OUT,1087864.09,0.47
2023-10-27 14:40:00,2023-10-27 15:10:00,GREEN,5,129.0,88.7,217.81,112.59,104.05,216.64,-379.35,200.91,70.6,-580.26,1082179.42,TIME_OUT,1087864.09,0.52
2023-10-30 10:10:00,2023-10-30 10:40:00,YELLOW,2,104.4,89.6,194.1,103.9,88.66,192.55,-200.63,101.89,25.13,-302.52,1081876.9,TIME_OUT,1087864.09,0.55
2023-10-30 11:45:00,2023-10-30 12:15:00,YELLOW,2,110.9,79.55,190.55,107.75,79.96,187.71,-369.09,100.61,24.59,-469.7,1081407.2,TIME_OUT,1087864.09,0.59
2023-10-30 12:25:00,2023-10-30 12:55:00,YELLOW,2,109.2,77.0,186.29,112.34,74.36,186.71,53.76,100.08,24.24,-46.33,1081360.88,TIME_OUT,1087864.09,0.6
2023-10-30 13:00:00,2023-10-30 13:30:00,YELLOW,2,116.55,70.8,187.44,89.41,89.36,178.76,-1128.8,98.53,23.8,-1227.33,1080133.55,TIME_OUT,1087864.09,0.71
2023-10-30 13:35:00,2023-10-30 13:46:00,YELLOW,3,97.75,80.35,178.19,122.34,84.11,206.45,5510.25,131.71,37.5,5378.54,1085512.08,TARGET,1087864.09,0.22
2023-10-30 13:55:00,2023-10-30 14:25:00,YELLOW,3,112.3,70.6,182.99,106.35,74.81,181.16,-357.25,124.42,35.5,-481.68,1085030.41,TIME_OUT,1087864.09,0.26
2023-10-30 14:30:00,2023-10-30 15:00:00,YELLOW,3,109.15,71.95,181.19,88.71,85.96,174.66,-1272.95,122.2,34.7,-1395.15,1083635.26,TIME_OUT,1087864.09,0.39
2023-10-31 10:55:00,2023-10-31 11:25:00,YELLOW,3,73.7,89.7,163.48,88.21,71.36,159.57,-762.75,115.48,31.5,-878.23,1082757.03,TIME_OUT,1087864.09,0.47
2023-10-31 11:40:00,2023-10-31 12:10:00,YELLOW,3,80.05,79.0,159.13,69.87,88.41,158.27,-167.45,114.58,30.95,-282.03,1082475.0,TIME_OUT,1087864.09,0.5
2023-10-31 12:20:00,2023-10-31 12:50:00,YELLOW,3,75.45,81.6,157.13,74.81,79.96,154.77,-459.41,113.26,30.41,-572.68,1081902.33,TIME_OUT,1087864.09,0.55
2023-10-31 13:05:00,2023-10-31 13:35:00,GREEN,7,79.15,73.55,152.78,74.01,76.91,150.92,-842.59,197.4,69.09,-1039.99,1080862.34,TIME_OUT,1087864.09,0.64
2023-10-31 13:40:00,2023-10-31 14:10:00,GREEN,7,75.2,72.85,148.12,85.01,62.32,147.33,-362.96,193.55,67.21,-556.51,1080305.83,TIME_OUT,1087864.09,0.69
2023-11-01 13:35:00,2023-11-01 13:51:00,YELLOW,4,60.75,60.9,121.71,63.62,77.96,141.58,5165.77,124.4,34.23,5041.37,1085347.2,TARGET,1087864.09,0.23
2023-11-01 14:10:00,2023-11-01 14:40:00,GREEN,9,62.25,54.75,117.06,53.87,62.92,116.79,-156.15,196.24,68.4,-352.39,1084994.81,TIME_OUT,1087864.09,0.26
2023-11-03 10:10:00,2023-11-03 10:40:00,GREEN,5,120.35,74.05,194.5,101.2,84.61,185.81,-2824.3,180.51,61.8,-3004.81,1081990.0,TIME_OUT,1087864.09,0.54
2023-11-03 10:45:00,2023-11-03 11:15:00,GREEN,5,103.4,82.8,186.29,111.24,76.11,187.36,345.53,179.74,60.72,165.79,1082155.79,TIME_OUT,1087864.09,0.52
2023-11-03 11:20:00,2023-11-03 11:50:00,GREEN,5,107.4,78.85,186.34,101.3,84.51,185.81,-174.22,178.95,60.47,-353.17,1081802.62,TIME_OUT,1087864.09,0.56
2023-11-03 12:15:00,2023-11-03 12:45:00,GREEN,6,102.65,80.85,183.59,108.15,75.21,183.36,-91.06,203.14,71.56,-294.2,1081508.42,TIME_OUT,1087864.09,0.58
2023-11-03 12:50:00,2023-11-03 13:20:00,GREEN,6,106.75,77.0,183.84,104.5,78.36,182.86,-383.51,202.89,71.51,-586.4,1080922.02,TIME_OUT,1087864.09,0.64
2023-11-03 13:25:00,2023-11-03 13:55:00,GREEN,6,105.3,78.7,184.09,103.7,78.96,182.66,-559.02,202.83,71.52,-761.84,1080160.18,TIME_OUT,1087864.09,0.71
2023-11-03 14:00:00,2023-11-03 14:30:00,GREEN,6,102.05,80.35,182.49,108.2,73.61,181.81,-266.04,201.93,71.04,-467.97,1079692.21,TIME_OUT,1087864.09,0.75
2023-11-03 14:35:00,2023-11-03 15:05:00,GREEN,6,99.45,81.5,181.04,89.81,91.75,181.56,202.29,201.44,70.71,0.85,1079693.06,TIME_OUT,1087864.09,0.75
2023-11-06 10:10:00,2023-11-06 10:40:00,GREEN,7,85.75,66.6,152.43,86.56,63.77,150.32,-956.13,196.87,68.88,-1153.0,1078540.07,TIME_OUT,1087864.09,0.86
2023-11-06 10:45:00,2023-11-06 11:12:00,GREEN,7,83.0,65.95,149.02,91.95,82.56,174.51,11597.14,213.46,73.6,11383.69,1089923.75,TARGET,1089923.75,0.0
2023-11-06 11:25:00,2023-11-06 11:55:00,YELLOW,3,68.5,79.6,148.17,76.56,68.97,145.53,-516.14,109.37,28.64,-625.5,1089298.25,TIME_OUT,1089923.75,0.06
2023-11-06 12:35:00,2023-11-06 13:05:00,YELLOW,3,80.05,64.15,144.27,77.81,65.37,143.18,-213.28,108.19,28.03,-321.47,1088976.78,TIME_OUT,1089923.75,0.09
2023-11-06 13:20:00,2023-11-06 13:50:00,YELLOW,3,78.7,64.0,142.77,82.56,60.02,142.58,-37.57,107.83,27.82,-145.4,1088831.38,TIME_OUT,1089923.75,0.1
2023-11-06 13:55:00,2023-11-06 14:25:00,YELLOW,3,82.1,61.05,143.22,75.91,66.97,142.88,-66.89,107.98,27.89,-174.87,1088656.5,TIME_OUT,1089923.75,0.12
2023-11-07 10:15:00,2023-11-07 10:33:00,YELLOW,4,88.0,47.6,135.67,96.8,60.42,157.22,5603.92,133.01,38.08,5470.92,1094127.42,TARGET,1094127.42,0.0
2023-11-07 11:20:00,2023-11-07 11:50:00,YELLOW,4,70.4,56.65,127.11,61.17,63.42,124.59,-656.72,118.2,32.72,-774.92,1093352.5,TIME_OUT,1094127.42,0.07
2023-11-07 12:30:00,2023-11-07 13:00:00,YELLOW,4,66.5,59.65,126.21,71.46,52.97,124.44,-461.58,118.0,32.58,-579.59,1092772.91,TIME_OUT,1094127.42,0.12
2023-11-07 13:05:00,2023-11-07 13:35:00,GREEN,9,72.3,52.0,124.36,75.16,47.68,122.84,-891.31,204.38,72.31,-1095.69,1091677.22,TIME_OUT,1094127.42,0.22
2023-11-07 13:40:00,2023-11-07 14:10:00,GREEN,9,78.7,45.05,123.81,66.97,64.42,131.38,4429.85,212.14,74.64,4217.71,1095894.93,TIME_OUT,1095894.93,0.0
2023-11-07 14:35:00,2023-11-07 15:05:00,GREEN,9,67.05,55.85,122.96,69.77,50.47,120.24,-1592.14,201.48,71.14,-1793.62,1094101.32,TIME_OUT,1095894.93,0.16
2023-11-08 10:25:00,2023-11-08 10:30:00,YELLOW,5,46.55,54.1,100.7,64.12,63.12,127.24,8624.21,132.26,37.04,8491.95,1102593.27,TARGET,1102593.27,0.0
2023-11-08 10:55:00,2023-11-08 11:04:00,YELLOW,5,42.65,55.95,98.65,65.67,59.97,125.64,8771.05,131.04,36.45,8640.01,1111233.28,TARGET,1111233.28,0.0
2023-11-08 11:35:00,2023-11-08 12:05:00,YELLOW,5,39.05,59.7,98.8,40.53,56.27,96.8,-649.28,116.17,31.79,-765.45,1110467.83,TIME_OUT,1111233.28,0.07
2023-11-08 12:20:00,2023-11-08 12:50:00,GREEN,11,39.35,57.1,96.5,37.73,58.92,96.65,109.7,197.79,69.05,-88.09,1110379.74,TIME_OUT,1111233.28,0.08
2023-11-08 13:05:00,2023-11-08 13:35:00,GREEN,11,38.6,57.95,96.6,51.82,46.13,97.95,967.2,199.31,69.55,767.89,1111147.63,TIME_OUT,1111233.28,0.01
2023-11-09 12:25:00,2023-11-09 12:55:00,YELLOW,5,14.4,21.55,35.97,9.65,26.94,36.58,199.46,73.0,11.79,126.46,1111274.09,TIME_OUT,1111274.09,0.0
2023-11-09 13:00:00,2023-11-09 13:21:00,YELLOW,5,10.45,22.85,33.32,9.25,18.94,28.19,-1667.49,68.15,9.99,-1735.65,1109538.44,STOP_LOSS,1111274.09,0.16
2023-11-10 10:10:00,2023-11-10 10:40:00,YELLOW,3,89.95,83.0,173.04,107.2,67.17,174.36,258.63,121.17,33.87,137.46,1109675.9,TIME_OUT,1111274.09,0.14
2023-11-10 11:00:00,2023-11-10 11:30:00,YELLOW,3,103.7,69.0,172.79,105.9,66.62,172.51,-53.17,120.57,33.67,-173.73,1109502.17,TIME_OUT,1111274.09,0.16
2023-11-10 11:35:00,2023-11-10 11:42:00,GREEN,6,78.8,89.15,168.03,105.8,89.21,195.0,10517.71,206.79,70.79,10310.92,1119813.09,TARGET,1119813.09,0.0
2023-11-10 11:45:00,2023-11-10 11:49:00,GREEN,6,78.85,89.5,168.43,103.75,89.11,192.85,9523.55,205.55,70.45,9318.0,1129131.09,TARGET,1129131.09,0.0
2023-11-10 11:50:00,2023-11-10 11:53:00,GREEN,6,104.5,67.25,171.84,104.85,89.76,194.6,8879.04,207.41,71.46,8671.63,1137802.72,TARGET,1137802.72,0.0
2023-11-10 11:55:00,2023-11-10 12:00:00,YELLOW,3,78.25,89.95,168.28,104.1,86.66,190.75,4381.74,125.7,35.01,4256.04,1142058.76,TARGET,1142058.76,0.0
2023-11-10 12:10:00,2023-11-10 12:40:00,GREEN,6,82.85,85.35,168.28,86.76,80.76,167.52,-299.48,189.8,65.48,-489.28,1141569.48,TIME_OUT,1142058.76,0.04
2023-11-10 12:55:00,2023-11-10 13:25:00,YELLOW,3,105.15,70.05,175.29,99.05,73.46,172.51,-540.91,120.85,33.91,-661.77,1140907.71,TIME_OUT,1142058.76,0.1
2023-11-10 13:30:00,2023-11-10 14:00:00,YELLOW,3,100.8,72.25,173.14,90.55,79.06,169.62,-686.67,119.71,33.42,-806.38,1140101.34,TIME_OUT,1142058.76,0.17
2023-11-10 14:05:00,2023-11-10 14:35:00,YELLOW,3,92.5,75.35,167.93,74.76,85.91,160.67,-1416.54,116.34,32.04,-1532.87,1138568.46,TIME_OUT,1142058.76,0.31
2023-11-10 14:45:00,2023-11-10 15:10:00,YELLOW,3,77.4,85.45,162.93,98.3,67.82,166.12,621.17,117.45,32.08,503.72,1139072.18,EOD,1142058.76,0.26
2023-11-13 10:15:00,2023-11-13 10:45:00,YELLOW,4,84.8,50.95,135.82,84.41,65.02,149.43,3537.92,129.81,37.08,3408.11,1142480.29,TIME_OUT,1142480.29,0.0
2023-11-13 11:05:00,2023-11-13 11:08:00,YELLOW,4,84.95,50.35,135.37,87.16,71.36,158.52,6019.79,133.5,38.21,5886.3,1148366.59,TARGET,1148366.59,0.0
2023-11-13 11:10:00,2023-11-13 11:40:00,YELLOW,4,86.85,48.6,135.52,64.37,69.87,134.23,-334.07,123.48,35.07,-457.55,1147909.04,TIME_OUT,1148366.59,0.04
2023-11-13 11:45:00,2023-11-13 12:15:00,YELLOW,4,64.25,64.1,128.41,64.37,62.57,126.94,-384.2,119.37,33.2,-503.57,1147405.47,TIME_OUT,1148366.59,0.08
2023-11-13 12:20:00,2023-11-13 12:50:00,YELLOW,4,63.85,63.0,126.91,64.57,61.57,126.14,-201.9,118.81,32.9,-320.71,1147084.76,TIME_OUT,1148366.59,0.11
2023-11-13 12:55:00,2023-11-13 13:25:00,YELLOW,4,63.05,63.0,126.11,62.77,62.67,125.44,-175.7,118.4,32.7,-294.1,1146790.65,TIME_OUT,1148366.59,0.14
2023-11-13 13:30:00,2023-11-13 14:00:00,YELLOW,4,67.8,57.35,125.21,65.82,57.62,123.44,-461.32,117.44,32.32,-578.76,1146211.89,TIME_OUT,1148366.59,0.19
2023-11-13 14:05:00,2023-11-13 14:35:00,YELLOW,4,66.2,58.35,124.61,70.46,50.87,121.34,-850.97,116.48,31.97,-967.45,1145244.44,TIME_OUT,1148366.59,0.27
2023-11-13 14:40:00,2023-11-13 15:10:00,YELLOW,4,66.35,53.75,120.16,68.07,55.12,123.19,787.36,116.56,31.64,670.81,1145915.25,TIME_OUT,1148366.59,0.21
2023-11-15 10:15:00,2023-11-15 10:45:00,YELLOW,5,38.7,59.0,97.75,37.48,56.52,94.0,-1217.41,114.52,31.16,-1331.93,1144583.32,TIME_OUT,1148366.59,0.33
2023-11-15 11:45:00,2023-11-15 11:57:00,YELLOW,5,59.8,33.15,93.0,61.22,54.57,115.79,7408.57,124.87,33.93,7283.7,1151867.02,TARGET,1151867.02,0.0
2023-11-15 12:25:00,2023-11-15 12:55:00,YELLOW,5,40.6,46.75,87.39,39.08,48.53,87.61,69.06,109.23,28.44,-40.17,1151826.86,TIME_OUT,1151867.02,0.0
2023-11-15 13:00:00,2023-11-15 13:30:00,YELLOW,5,40.65,47.0,87.69,51.32,32.18,83.51,-1360.32,107.17,27.82,-1467.49,1150359.37,TIME_OUT,1151867.02,0.13
2023-11-15 14:05:00,2023-11-15 14:35:00,GREEN,11,69.7,27.85,97.6,75.56,22.89,98.45,609.16,200.3,70.09,408.87,1150768.23,TIME_OUT,1151867.02,0.1
2023-11-17 10:15:00,2023-11-17 10:45:00,GREEN,5,112.05,85.25,197.4,109.0,86.21,195.2,-713.8,185.92,63.8,-899.72,1149868.52,TIME_OUT,1151867.02,0.17
2023-11-17 10:50:00,2023-11-17 11:20:00,GREEN,6,107.95,87.3,195.35,120.89,79.11,200.0,1814.41,216.17,77.09,1598.24,1151466.75,TIME_OUT,1151867.02,0.03
2023-11-17 12:00:00,2023-11-17 12:30:00,GREEN,5,123.4,78.0,201.5,125.79,74.26,200.05,-471.5,189.21,65.25,-660.72,1150806.04,TIME_OUT,1151867.02,0.09
2023-11-17 12:35:00,2023-11-17 13:05:00,GREEN,5,129.7,72.65,202.45,125.94,92.65,218.59,5245.33,198.98,68.42,5046.35,1155852.39,TIME_OUT,1155852.39,0.0
2023-11-17 13:10:00,2023-11-17 13:40:00,GREEN,5,125.15,72.4,197.65,117.89,78.46,196.35,-421.52,186.56,64.03,-608.09,1155244.3,TIME_OUT,1155852.39,0.05
2023-11-17 13:45:00,2023-11-17 14:15:00,GREEN,6,117.6,78.15,195.85,124.69,72.91,197.6,683.78,214.8,76.72,468.98,1155713.28,TIME_OUT,1155852.39,0.01
2023-11-17 14:20:00,2023-11-17 14:50:00,GREEN,6,120.8,75.3,196.2,113.94,80.86,194.8,-544.24,213.14,76.25,-757.39,1154955.89,TIME_OUT,1155852.39,0.08
2023-11-17 15:00:00,2023-11-17 15:10:00,GREEN,6,109.5,86.15,195.75,112.29,82.41,194.7,-407.64,212.98,76.14,-620.61,1154335.28,EOD,1155852.39,0.13
2023-11-20 10:05:00,2023-11-20 10:35:00,YELLOW,3,104.7,70.4,175.19,95.75,74.46,170.21,-969.68,120.13,33.68,-1089.81,1153245.47,TIME_OUT,1155852.39,0.23
2023-11-20 11:00:00,2023-11-20 11:30:00,GREEN,7,93.5,74.75,168.33,83.46,93.65,177.11,3993.66,220.52,78.59,3773.14,1157018.61,TIME_OUT,1157018.61,0.0
2023-11-20 13:10:00,2023-11-20 13:40:00,YELLOW,3,101.0,66.45,167.53,101.3,65.02,166.32,-237.3,118.04,32.55,-355.34,1156663.27,TIME_OUT,1157018.61,0.03
2023-11-20 13:45:00,2023-11-20 14:15:00,YELLOW,3,106.05,60.5,166.63,86.36,78.51,164.87,-344.32,117.49,32.32,-461.81,1156201.46,TIME_OUT,1157018.61,0.07
2023-11-20 14:55:00,2023-11-20 15:10:00,YELLOW,3,97.55,65.25,162.88,91.3,73.56,164.87,387.29,117.06,31.96,270.24,1156471.7,EOD,1157018.61,0.05
2023-11-21 10:10:00,2023-11-21 10:20:00,YELLOW,4,89.9,50.65,140.62,94.25,66.77,161.02,5303.79,135.34,39.21,5168.45,1161640.15,TARGET,1161640.15,0.0
2023-11-21 10:25:00,2023-11-21 10:35:00,YELLOW,4,94.55,46.85,141.47,97.35,64.77,162.12,5368.53,135.92,39.47,5232.61,1166872.76,TARGET,1166872.76,0.0
2023-11-21 10:50:00,2023-11-21 10:58:00,YELLOW,4,93.85,45.15,139.07,93.9,65.87,159.77,5382.15,134.58,38.85,5247.57,1172120.32,TARGET,1172120.32,0.0
2023-11-21 11:00:00,2023-11-21 11:02:00,YELLOW,4,92.6,44.65,137.32,93.75,65.17,158.92,5616.49,133.96,38.51,5482.53,1177602.85,TARGET,1177602.85,0.0
2023-11-21 11:35:00,2023-11-21 12:05:00,YELLOW,4,63.75,66.05,129.86,65.87,64.07,129.94,18.23,120.84,33.77,-102.61,1177500.24,TIME_OUT,1177602.85,0.01
2023-11-21 13:45:00,2023-11-21 14:15:00,GREEN,9,74.3,51.85,126.21,69.52,58.07,127.59,803.26,209.44,74.24,593.83,1178094.07,TIME_OUT,1178094.07,0.0
2023-11-21 14:20:00,2023-11-21 14:50:00,YELLOW,4,69.5,56.9,126.46,73.71,52.62,126.34,-32.86,118.83,32.86,-151.69,1177942.38,TIME_OUT,1178094.07,0.01
2023-11-21 15:00:00,2023-11-21 15:10:00,GREEN,9,70.35,55.6,126.01,66.32,58.72,125.04,-570.68,207.0,73.43,-777.68,1177164.7,EOD,1178094.07,0.08
2023-11-22 10:10:00,2023-11-22 10:40:00,YELLOW,5,72.25,40.8,113.11,69.92,38.63,108.55,-1482.27,124.98,36.02,-1607.25,1175557.45,TIME_OUT,1178094.07,0.22
2023-11-22 11:00:00,2023-11-22 11:30:00,GREEN,11,66.85,39.4,106.3,61.37,40.43,101.8,-3220.4,207.77,74.4,-3428.17,1172129.28,TIME_OUT,1178094.07,0.51
2023-11-22 11:40:00,2023-11-22 11:54:00,YELLOW,5,53.9,46.8,100.75,76.36,37.63,113.99,4303.85,125.42,34.9,4178.43,1176307.71,TARGET,1178094.07,0.15
2023-11-22 13:30:00,2023-11-22 14:00:00,YELLOW,5,53.55,47.8,101.4,47.53,51.67,99.2,-715.1,117.91,32.6,-833.0,1175474.7,TIME_OUT,1178094.07,0.22
2023-11-22 14:05:00,2023-11-22 14:28:00,YELLOW,5,49.75,49.45,99.25,65.57,46.23,111.79,4076.95,124.0,34.29,3952.95,1179427.66,TARGET,1179427.66,0.0
2023-11-23 12:05:00,2023-11-23 12:21:00,YELLOW,5,16.95,26.85,43.82,21.64,14.39,36.03,-2531.73,74.22,12.98,-2605.95,1176821.71,STOP_LOSS,1179427.66,0.22
2023-11-24 10:05:00,2023-11-24 10:35:00,GREEN,7,91.0,81.0,172.09,104.05,66.17,170.21,-851.37,216.54,77.87,-1067.91,1175753.8,TIME_OUT,1179427.66,0.31
2023-11-24 10:40:00,2023-11-24 11:10:00,GREEN,7,108.95,62.65,171.69,110.29,60.87,171.16,-237.25,217.12,78.0,-454.37,1175299.43,TIME_OUT,1179427.66,0.35
2023-11-24 11:15:00,2023-11-24 11:45:00,GREEN,7,112.95,59.05,172.09,116.19,57.12,173.31,558.42,218.78,78.58,339.64,1175639.07,TIME_OUT,1179427.66,0.32
2023-11-24 11:50:00,2023-11-24 12:20:00,GREEN,7,112.45,58.7,171.24,108.95,60.17,169.12,-964.68,215.51,77.43,-1180.19,1174458.88,TIME_OUT,1179427.66,0.42
2023-11-24 12:25:00,2023-11-24 12:55:00,GREEN,7,109.15,60.0,169.23,104.95,62.47,167.42,-827.34,213.75,76.59,-1041.09,1173417.79,TIME_OUT,1179427.66,0.51
2023-11-24 13:25:00,2023-11-24 13:55:00,YELLOW,3,94.7,69.0,163.78,98.9,64.42,163.32,-90.39,116.68,31.89,-207.07,1173210.72,TIME_OUT,1179427.66,0.53
2023-11-24 14:00:00,2023-11-24 14:30:00,GREEN,7,103.1,61.25,164.43,99.85,61.87,161.72,-1234.45,208.34,74.2,-1442.79,1171767.93,TIME_OUT,1179427.66,0.65
2023-11-24 14:35:00,2023-11-24 15:05:00,GREEN,7,99.7,61.25,161.03,91.3,67.47,158.77,-1028.25,205.29,72.75,-1233.55,1170534.39,TIME_OUT,1179427.66,0.75
2023-11-28 10:20:00,2023-11-28 10:42:00,YELLOW,4,90.25,49.7,140.02,93.1,64.67,157.77,4615.29,133.9,38.71,4481.38,1175015.77,TARGET,1179427.66,0.37
2023-11-28 10:45:00,2023-11-28 10:57:00,YELLOW,4,92.85,44.8,137.72,98.05,61.37,159.42,5642.37,134.23,38.63,5508.14,1180523.91,TARGET,1180523.91,0.0
2023-11-28 11:00:00,2023-11-28 11:30:00,YELLOW,4,95.25,43.0,138.32,91.7,60.62,152.32,3641.22,131.39,37.78,3509.83,1184033.74,TIME_OUT,1184033.74,0.0
2023-11-28 11:35:00,2023-11-28 11:49:00,YELLOW,4,92.8,43.15,136.02,93.2,61.92,155.12,4967.15,132.19,37.85,4834.96,1188868.7,TARGET,1188868.7,0.0
2023-11-28 12:30:00,2023-11-28 13:00:00,YELLOW,4,71.6,54.6,126.26,66.17,58.37,124.54,-448.6,118.05,32.6,-566.66,1188302.04,TIME_OUT,1188868.7,0.05
2023-11-28 13:05:00,2023-11-28 13:13:00,GREEN,9,95.65,39.7,135.42,95.7,58.17,153.87,10796.38,237.06,84.62,10559.32,1198861.36,TARGET,1198861.36,0.0
2023-11-28 13:15:00,2023-11-28 13:23:00,YELLOW,4,94.05,40.2,134.32,95.05,57.82,152.87,4824.66,131.0,37.33,4693.66,1203555.02,TARGET,1203555.02,0.0
2023-11-29 10:25:00,2023-11-29 10:55:00,YELLOW,5,73.4,37.8,111.26,69.42,37.63,107.05,-1367.97,123.85,35.47,-1491.82,1202063.19,TIME_OUT,1203555.02,0.12
2023-11-29 11:20:00,2023-11-29 11:34:00,YELLOW,5,68.4,35.8,104.25,86.76,43.88,130.63,8574.33,134.7,38.17,8439.63,1210502.83,TARGET,1210502.83,0.0
2023-11-29 12:50:00,2023-11-29 13:20:00,GREEN,12,56.25,42.0,98.3,56.52,39.93,96.45,-1440.95,212.06,75.95,-1653.01,1208849.82,TIME_OUT,1210502.83,0.14
2023-11-29 13:35:00,2023-11-29 14:05:00,GREEN,12,57.05,39.15,96.25,72.76,29.99,102.75,5070.39,218.92,77.61,4851.47,1213701.29,TIME_OUT,1213701.29,0.0
2023-12-01 10:40:00,2023-12-01 11:10:00,GREEN,4,155.8,100.9,256.83,154.82,100.7,255.52,-339.61,192.23,66.61,-531.84,1213169.45,TIME_OUT,1213701.29,0.04
2023-12-01 11:15:00,2023-12-01 11:45:00,GREEN,4,153.85,101.25,255.23,127.09,121.59,248.68,-1703.51,189.15,65.51,-1892.66,1211276.79,TIME_OUT,1213701.29,0.2
2023-12-01 11:50:00,2023-12-01 12:20:00,GREEN,4,127.65,121.95,249.72,153.97,101.8,255.77,1572.29,191.24,65.71,1381.04,1212657.83,TIME_OUT,1213701.29,0.09
2023-12-01 12:25:00,2023-12-01 12:55:00,GREEN,4,152.55,102.75,255.43,127.99,118.39,246.38,-2353.23,188.23,65.23,-2541.47,1210116.36,TIME_OUT,1213701.29,0.3
2023-12-01 13:00:00,2023-12-01 13:07:00,GREEN,5,126.85,119.75,246.72,158.82,117.74,276.56,9697.46,237.42,85.03,9460.04,1219576.4,TARGET,1219576.4,0.0
2023-12-01 13:10:00,2023-12-01 13:40:00,GREEN,4,156.85,97.8,254.78,128.19,115.74,243.93,-2820.83,187.12,64.83,-3007.95,1216568.45,TIME_OUT,1219576.4,0.25
2023-12-01 13:45:00,2023-12-01 14:15:00,GREEN,5,131.3,113.4,244.82,159.27,93.8,253.07,2681.59,224.92,80.91,2456.67,1219025.12,TIME_OUT,1219576.4,0.05
2023-12-01 14:20:00,2023-12-01 14:50:00,GREEN,4,162.6,90.8,253.53,148.93,97.8,246.73,-1768.03,188.09,65.03,-1956.12,1217069.0,TIME_OUT,1219576.4,0.21
2023-12-01 14:55:00,2023-12-01 15:10:00,GREEN,5,149.15,99.05,248.32,150.37,101.75,252.12,1234.93,225.1,81.32,1009.83,1218078.83,EOD,1219576.4,0.12
2023-12-04 10:10:00,2023-12-04 10:40:00,GREEN,6,107.7,83.3,191.1,103.2,81.61,184.81,-2452.3,205.77,73.3,-2658.07,1215420.75,TIME_OUT,1219576.4,0.34
2023-12-04 10:45:00,2023-12-04 11:15:00,GREEN,6,109.2,75.5,184.79,94.0,86.76,180.76,-1572.78,201.81,71.28,-1774.59,1213646.16,TIME_OUT,1219576.4,0.49
2023-12-04 11:40:00,2023-12-04 11:59:00,GREEN,6,116.6,67.95,184.64,119.94,87.41,207.35,8854.56,218.26,76.44,8636.3,1222282.46,TARGET,1222282.46,0.0
2023-12-04 12:00:00,2023-12-04 12:30:00,GREEN,6,119.5,66.1,185.69,93.35,84.76,178.11,-2956.94,200.37,70.94,-3157.32,1219125.15,TIME_OUT,1222282.46,0.26
2023-12-04 12:35:00,2023-12-04 12:48:00,GREEN,7,93.35,83.5,176.94,121.29,84.76,206.05,13244.37,243.76,87.13,13000.6,1232125.75,TARGET,1232125.75,0.0
2023-12-04 13:05:00,2023-12-04 13:35:00,GREEN,7,97.9,81.8,179.79,123.69,73.31,197.0,7831.28,237.99,85.72,7593.29,1239719.04,TIME_OUT,1239719.04,0.0
2023-12-04 14:20:00,2023-12-04 14:50:00,GREEN,6,119.65,75.7,195.45,133.78,74.91,208.7,5166.69,221.58,78.81,4945.11,1244664.15,TIME_OUT,1244664.15,0.0
2023-12-05 13:55:00,2023-12-05 14:25:00,YELLOW,3,106.75,69.05,175.89,93.95,74.36,168.32,-1476.56,119.62,33.56,-1596.18,1243067.97,TIME_OUT,1244664.15,0.13
2023-12-05 14:40:00,2023-12-05 15:10:00,YELLOW,3,83.4,86.35,169.83,91.2,74.81,166.02,-744.5,118.21,32.75,-862.71,1242205.26,TIME_OUT,1244664.15,0.2
2023-12-06 11:15:00,2023-12-06 11:21:00,YELLOW,4,63.4,68.35,131.82,84.61,72.06,156.67,6462.49,132.19,37.5,6330.31,1248535.56,TARGET,1248535.56,0.0
2023-12-06 11:35:00,2023-12-06 11:58:00,YELLOW,4,62.7,69.95,132.72,85.81,69.47,155.27,5864.56,131.75,37.44,5732.81,1254268.38,TARGET,1254268.38,0.0
2023-12-06 12:00:00,2023-12-06 12:23:00,YELLOW,4,60.9,69.5,130.47,83.46,69.22,152.67,5774.19,130.33,36.81,5643.86,1259912.24,TARGET,1259912.24,0.0
2023-12-06 13:30:00,2023-12-06 14:00:00,GREEN,10,61.0,63.8,124.86,72.51,46.98,119.49,-3491.91,218.58,79.41,-3710.49,1256201.75,TIME_OUT,1259912.24,0.29
2023-12-07 13:35:00,2023-12-07 13:36:00,YELLOW,6,26.1,7.4,33.52,9.9,35.33,45.23,4567.14,82.96,15.36,4484.19,1260685.93,TARGET,1260685.93,0.0
2023-12-08 10:30:00,2023-12-08 11:00:00,YELLOW,2,135.15,89.1,224.36,140.33,84.26,224.59,29.32,110.83,29.18,-81.51,1260604.42,TIME_OUT,1260685.93,0.01
2023-12-08 11:25:00,2023-12-08 11:55:00,YELLOW,2,132.0,84.5,216.61,138.78,78.91,217.69,140.77,108.81,28.23,31.96,1260636.38,TIME_OUT,1260685.93,0.0
2023-12-08 12:00:00,2023-12-08 12:30:00,YELLOW,3,114.25,97.55,211.91,126.49,87.46,213.94,397.23,137.91,41.52,259.32,1260895.7,TIME_OUT,1260895.7,0.0
2023-12-08 13:30:00,2023-12-08 14:00:00,YELLOW,2,123.55,96.65,220.31,120.74,95.65,216.39,-509.39,108.83,28.39,-618.21,1260277.49,TIME_OUT,1260895.7,0.05
2023-12-08 14:05:00,2023-12-08 14:35:00,YELLOW,2,125.65,90.55,216.31,137.63,77.96,215.59,-93.07,108.35,28.07,-201.43,1260076.06,TIME_OUT,1260895.7,0.07
2023-12-11 13:10:00,2023-12-11 13:13:00,YELLOW,3,91.55,92.35,183.99,116.64,90.8,207.45,4573.58,132.69,38.17,4440.9,1264516.95,TARGET,1264516.95,0.0
2023-12-11 14:15:00,2023-12-11 14:45:00,YELLOW,3,102.0,79.75,181.84,102.25,77.91,180.16,-327.79,123.98,35.3,-451.77,1264065.18,TIME_OUT,1264516.95,0.04
2023-12-11 14:50:00,2023-12-11 15:10:00,YELLOW,3,102.4,77.1,179.59,102.2,79.36,181.56,384.04,124.15,35.21,259.88,1264325.06,EOD,1264516.95,0.02
2023-12-12 11:20:00,2023-12-12 11:50:00,GREEN,8,95.9,65.05,161.03,92.1,67.92,160.02,-525.47,228.91,83.47,-754.38,1263570.68,TIME_OUT,1264516.95,0.07
2023-12-12 12:05:00,2023-12-12 12:35:00,YELLOW,4,91.1,68.75,159.93,96.95,62.52,159.47,-119.52,137.66,41.52,-257.18,1263313.5,TIME_OUT,1264516.95,0.1
2023-12-12 13:30:00,2023-12-12 14:00:00,YELLOW,3,110.45,56.35,166.88,103.15,64.02,167.17,55.18,118.23,32.57,-63.05,1263250.45,TIME_OUT,1264516.95,0.1
2023-12-12 14:05:00,2023-12-12 14:35:00,GREEN,7,103.85,62.3,166.23,94.35,68.57,162.92,-1508.13,209.69,74.88,-1717.82,1261532.63,TIME_OUT,1264516.95,0.24
2023-12-13 14:45:00,2023-12-13 15:10:00,YELLOW,5,66.3,45.75,112.11,69.02,35.33,104.35,-2521.42,122.62,35.17,-2644.04,1258888.59,EOD,1264516.95,0.45
2023-12-15 10:45:00,2023-12-15 11:15:00,GREEN,5,136.75,88.5,225.36,131.48,90.85,222.34,-982.75,205.31,72.75,-1188.06,1257700.53,TIME_OUT,1264516.95,0.54
2023-12-15 11:20:00,2023-12-15 11:50:00,GREEN,5,136.6,87.3,224.01,143.63,83.96,227.59,1161.62,207.76,73.38,953.86,1258654.39,TIME_OUT,1264516.95,0.46
2023-12-15 11:55:00,2023-12-15 12:25:00,GREEN,5,147.45,81.8,229.36,145.23,81.66,226.89,-805.39,208.42,74.14,-1013.81,1257640.57,TIME_OUT,1264516.95,0.54
2023-12-15 12:30:00,2023-12-15 12:40:00,GREEN,5,120.05,99.35,219.51,150.22,99.65,249.88,9868.72,218.41,76.28,9650.31,1267290.88,TARGET,1267290.88,0.0
2023-12-15 12:45:00,2023-12-15 13:15:00,GREEN,5,125.0,97.6,222.71,123.89,94.85,218.74,-1290.49,202.94,71.74,-1493.42,1265797.46,TIME_OUT,1267290.88,0.12
2023-12-15 13:20:00,2023-12-15 13:50:00,GREEN,5,124.4,93.8,218.31,131.53,88.96,220.49,708.7,203.0,71.3,505.7,1266303.15,TIME_OUT,1267290.88,0.08
2023-12-15 14:05:00,2023-12-15 14:35:00,GREEN,5,135.35,88.3,223.76,134.33,86.56,220.89,-933.51,204.25,72.26,-1137.76,1265165.4,TIME_OUT,1267290.88,0.17
2023-12-15 14:40:00,2023-12-15 15:00:00,GREEN,5,139.95,81.95,222.01,170.96,84.46,255.42,10858.66,221.76,77.58,10636.9,1275802.3,TARGET,1275802.3,0.0
2023-12-18 10:05:00,2023-12-18 10:35:00,GREEN,5,113.45,109.6,223.16,117.09,103.6,220.69,-803.38,204.03,72.13,-1007.41,1274794.89,TIME_OUT,1275802.3,0.08
2023-12-18 10:50:00,2023-12-18 11:20:00,GREEN,5,107.9,110.25,218.26,116.94,99.0,215.94,-753.06,200.64,70.56,-953.7,1273841.2,TIME_OUT,1275802.3,0.15
2023-12-18 11:40:00,2023-12-18 12:10:00,YELLOW,3,118.5,96.4,215.01,102.95,120.74,223.69,1692.73,141.29,42.77,1551.44,1275392.63,TIME_OUT,1275802.3,0.03
2023-12-18 12:50:00,2023-12-18 13:20:00,YELLOW,3,91.35,120.5,211.96,115.39,93.8,209.2,-538.31,136.45,41.06,-674.76,1274717.87,TIME_OUT,1275802.3,0.08
2023-12-18 13:25:00,2023-12-18 13:51:00,YELLOW,3,93.55,115.95,209.6,119.59,118.14,237.73,5484.63,145.02,43.62,5339.61,1280057.48,TARGET,1280057.48,0.0
2023-12-18 13:55:00,2023-12-18 14:25:00,YELLOW,3,91.4,118.0,209.5,116.19,109.99,226.19,3253.02,141.43,42.48,3111.59,1283169.07,TIME_OUT,1283169.07,0.0
2023-12-18 14:40:00,2023-12-18 15:10:00,YELLOW,3,104.1,104.75,208.95,97.1,109.65,206.75,-430.53,135.34,40.53,-565.87,1282603.2,TIME_OUT,1283169.07,0.04
2023-12-19 10:30:00,2023-12-19 11:00:00,YELLOW,3,103.0,71.1,174.19,87.61,78.66,166.27,-1544.44,118.79,33.19,-1663.24,1280939.96,TIME_OUT,1283169.07,0.17
2023-12-19 11:05:00,2023-12-19 11:35:00,GREEN,7,88.4,77.1,165.58,88.11,76.86,164.97,-279.95,211.0,75.2,-490.95,1280449.02,TIME_OUT,1283169.07,0.21
2023-12-19 12:40:00,2023-12-19 13:10:00,YELLOW,3,104.2,63.35,167.63,100.05,65.82,165.87,-344.52,117.91,32.52,-462.43,1279986.59,TIME_OUT,1283169.07,0.25
2023-12-19 13:15:00,2023-12-19 13:45:00,GREEN,7,101.35,64.9,166.33,110.74,55.32,166.07,-121.12,211.99,75.62,-333.11,1279653.47,TIME_OUT,1283169.07,0.27
2023-12-19 14:45:00,2023-12-19 15:10:00,GREEN,8,84.35,71.95,156.38,86.16,63.97,150.12,-3251.69,219.3,79.69,-3470.99,1276182.48,EOD,1283169.07,0.54
2023-12-20 10:45:00,2023-12-20 10:51:00,YELLOW,5,83.9,41.7,125.66,81.56,62.32,143.88,5919.95,145.64,43.8,5774.3,1281956.78,TARGET,1283169.07,0.09
2023-12-20 11:05:00,2023-12-20 11:31:00,YELLOW,5,55.1,66.75,121.91,78.96,59.22,138.18,5287.73,141.98,42.26,5145.75,1287102.54,TARGET,1287102.54,0.0
2023-12-20 12:10:00,2023-12-20 12:13:00,YELLOW,5,51.45,75.45,126.96,74.16,74.91,149.08,7186.39,148.58,44.86,7037.81,1294140.35,TARGET,1294140.35,0.0
2023-12-20 12:50:00,2023-12-20 13:09:00,YELLOW,5,55.35,62.3,117.71,75.96,68.92,144.88,8829.83,144.64,42.67,8685.19,1302825.54,TARGET,1302825.54,0.0
2023-12-21 11:55:00,2023-12-21 12:06:00,YELLOW,6,42.85,23.9,66.78,29.89,45.18,75.06,3228.84,109.11,27.66,3119.73,1305945.27,TARGET,1305945.27,0.0
2023-12-22 10:40:00,2023-12-22 11:10:00,YELLOW,2,182.2,105.4,287.74,199.25,96.0,295.25,976.1,130.3,37.89,845.81,1306791.07,TIME_OUT,1306791.07,0.0
2023-12-22 11:15:00,2023-12-22 11:45:00,YELLOW,2,196.1,96.85,293.1,163.07,115.94,279.01,-1831.19,127.35,37.19,-1958.54,1304832.53,TIME_OUT,1306791.07,0.15
2023-12-22 11:55:00,2023-12-22 12:25:00,GREEN,4,162.9,116.45,279.49,170.71,109.9,280.61,291.19,206.08,72.81,85.11,1304917.64,TIME_OUT,1306791.07,0.14
2023-12-22 12:55:00,2023-12-22 13:25:00,YELLOW,2,171.4,102.8,274.34,164.07,105.95,270.01,-561.88,124.05,35.38,-685.94,1304231.71,TIME_OUT,1306791.07,0.2
2023-12-22 13:30:00,2023-12-22 14:00:00,GREEN,5,156.25,111.15,267.53,171.11,106.85,277.96,3388.86,242.14,88.64,3146.72,1307378.43,TIME_OUT,1307378.43,0.0
2023-12-22 14:15:00,2023-12-22 14:45:00,GREEN,4,163.4,106.8,270.34,186.56,87.96,274.51,1086.17,202.15,70.83,884.02,1308262.44,TIME_OUT,1308262.44,0.0
2023-12-26 11:15:00,2023-12-26 11:45:00,YELLOW,3,134.85,77.0,211.96,123.69,82.31,206.0,-1162.0,135.45,40.75,-1297.46,1306964.99,TIME_OUT,1308262.44,0.1
2023-12-26 11:50:00,2023-12-26 12:20:00,YELLOW,3,118.3,86.1,204.5,131.73,78.61,210.34,1139.3,135.95,40.45,1003.36,1307968.35,TIME_OUT,1308262.44,0.02
2023-12-26 12:25:00,2023-12-26 12:55:00,YELLOW,3,144.45,71.1,215.66,106.55,89.66,196.2,-3793.91,132.84,40.16,-3926.75,1304041.6,TIME_OUT,1308262.44,0.32
2023-12-26 13:20:00,2023-12-26 13:50:00,YELLOW,3,114.85,82.3,197.25,110.54,81.51,192.05,-1012.96,129.44,37.96,-1142.4,1302899.2,TIME_OUT,1308262.44,0.41
2023-12-26 14:00:00,2023-12-26 14:30:00,YELLOW,3,113.15,79.95,193.2,117.19,72.56,189.76,-671.09,128.26,37.34,-799.35,1302099.85,TIME_OUT,1308262.44,0.47
2023-12-26 14:40:00,2023-12-26 15:10:00,YELLOW,3,113.75,75.45,189.29,91.4,89.21,180.61,-1693.57,124.98,36.07,-1818.54,1300281.31,TIME_OUT,1308262.44,0.61
2023-12-27 10:45:00,2023-12-27 11:15:00,YELLOW,4,92.75,62.75,155.58,69.42,79.76,149.18,-1664.62,132.73,39.62,-1797.35,1298483.96,TIME_OUT,1308262.44,0.75
2023-12-27 11:20:00,2023-12-27 11:24:00,YELLOW,4,67.5,79.1,146.67,92.6,81.96,174.56,7251.24,141.86,41.76,7109.37,1305593.33,TARGET,1308262.44,0.2
2023-12-27 11:35:00,2023-12-27 12:05:00,YELLOW,4,68.95,77.6,146.62,78.66,67.32,145.98,-168.04,130.04,38.04,-298.08,1305295.25,TIME_OUT,1308262.44,0.23
2023-12-27 12:10:00,2023-12-27 12:40:00,YELLOW,4,80.6,68.6,149.27,79.56,64.47,144.03,-1364.13,129.64,38.13,-1493.77,1303801.49,TIME_OUT,1308262.44,0.34
2023-12-27 13:15:00,2023-12-27 13:31:00,GREEN,9,75.6,65.4,141.07,103.8,64.92,168.72,16172.38,252.82,90.61,15919.56,1319721.05,TARGET,1319721.05,0.0
2023-12-29 10:30:00,2023-12-29 11:00:00,GREEN,4,184.3,127.15,311.61,186.11,120.24,306.35,-1367.33,221.64,80.33,-1588.98,1318132.07,TIME_OUT,1319721.05,0.12
2023-12-29 11:05:00,2023-12-29 11:35:00,GREEN,4,179.35,124.25,303.75,175.51,124.79,300.3,-897.53,217.94,78.53,-1115.47,1317016.6,TIME_OUT,1319721.05,0.2
2023-12-29 12:05:00,2023-12-29 12:35:00,GREEN,4,165.45,129.8,295.4,162.32,130.63,292.95,-635.49,213.62,76.49,-849.11,1316167.5,TIME_OUT,1319721.05,0.27
2023-12-29 13:00:00,2023-12-29 13:30:00,GREEN,4,181.35,114.1,295.6,173.86,114.84,288.71,-1791.96,211.9,75.96,-2003.85,1314163.64,TIME_OUT,1319721.05,0.42
2023-12-29 13:35:00,2023-12-29 14:05:00,GREEN,4,181.4,110.25,291.8,160.97,121.19,282.16,-2505.61,208.61,74.61,-2714.22,1311449.42,TIME_OUT,1319721.05,0.63
2023-12-29 14:25:00,2023-12-29 14:55:00,GREEN,4,156.55,126.5,283.19,157.92,119.44,277.36,-1515.87,205.3,72.87,-1721.17,1309728.25,TIME_OUT,1319721.05,0.76
2024-01-01 10:00:00,2024-01-01 10:30:00,GREEN,5,152.55,88.85,241.52,136.88,93.95,230.83,-3473.01,212.8,76.76,-3685.8,1306042.45,TIME_OUT,1319721.05,1.04
2024-01-01 10:35:00,2024-01-01 11:05:00,GREEN,5,137.7,93.45,231.27,119.49,104.0,223.49,-2527.65,207.03,73.9,-2734.68,1303307.77,TIME_OUT,1319721.05,1.24
2024-01-01 11:30:00,2024-01-01 12:00:00,YELLOW,2,128.3,96.85,225.26,115.14,105.95,221.09,-542.51,110.18,29.01,-652.69,1302655.08,TIME_OUT,1319721.05,1.29
2024-01-01 12:20:00,2024-01-01 12:34:00,YELLOW,3,116.6,98.5,215.21,146.43,102.6,249.03,6594.49,149.17,45.26,6445.32,1309100.39,TARGET,1319721.05,0.8
2024-01-01 12:35:00,2024-01-01 13:05:00,YELLOW,3,142.5,80.0,222.61,124.49,101.2,225.69,599.79,142.79,43.71,457.01,1309557.4,TIME_OUT,1319721.05,0.77
2024-01-01 13:25:00,2024-01-01 13:55:00,YELLOW,3,125.3,87.45,212.86,125.69,84.51,210.19,-519.0,136.86,41.25,-655.86,1308901.54,TIME_OUT,1319721.05,0.82
2024-01-02 09:50:00,2024-01-02 09:59:00,YELLOW,3,100.65,90.7,191.45,126.94,89.01,215.94,4776.78,136.18,39.72,4640.6,1313542.14,TARGET,1319721.05,0.47
2024-01-02 10:05:00,2024-01-02 10:35:00,YELLOW,3,114.65,85.45,200.2,119.99,83.06,203.05,555.43,133.19,39.32,422.24,1313964.39,TIME_OUT,1319721.05,0.44
2024-01-02 11:35:00,2024-01-02 12:05:00,YELLOW,3,111.7,91.25,203.05,114.54,83.76,198.3,-926.38,132.04,39.13,-1058.43,1312905.96,TIME_OUT,1319721.05,0.52
2024-01-02 12:25:00,2024-01-02 12:55:00,YELLOW,3,96.0,93.35,189.44,97.85,87.96,185.81,-709.34,126.61,36.59,-835.94,1312070.02,TIME_OUT,1319721.05,0.58
2024-01-02 13:00:00,2024-01-02 13:30:00,YELLOW,3,90.3,96.9,187.29,116.44,97.8,214.24,5255.1,135.17,39.15,5119.92,1317189.94,TARGET,1319721.05,0.19
2024-01-02 13:35:00,2024-01-02 14:05:00,YELLOW,3,93.7,89.3,183.09,93.35,87.41,180.76,-454.73,124.31,35.48,-579.03,1316610.91,TIME_OUT,1319721.05,0.24
2024-01-02 14:20:00,2024-01-02 14:50:00,YELLOW,3,103.5,76.35,179.94,117.04,65.67,182.71,539.89,124.55,35.36,415.34,1317026.25,TIME_OUT,1319721.05,0.2
2024-01-02 14:55:00,2024-01-02 15:10:00,YELLOW,3,105.0,73.8,178.89,81.86,92.5,174.36,-882.69,121.84,34.44,-1004.53,1316021.72,EOD,1319721.05,0.28
2024-01-03 11:05:00,2024-01-03 11:20:00,YELLOW,4,87.2,58.3,145.57,92.15,73.81,165.97,5302.5,138.14,40.5,5164.36,1321186.07,TARGET,1321186.07,0.0
2024-01-03 11:25:00,2024-01-03 11:55:00,YELLOW,4,90.95,52.6,143.62,72.16,73.51,145.68,534.39,129.45,37.61,404.94,1321591.01,TIME_OUT,1321591.01,0.0
2024-01-03 12:05:00,2024-01-03 12:35:00,YELLOW,4,88.7,52.15,140.92,62.52,66.32,128.84,-3142.07,122.08,35.07,-3264.15,1318326.86,TIME_OUT,1321591.01,0.25
2024-01-03 13:30:00,2024-01-03 13:44:00,YELLOW,5,83.7,51.35,135.12,83.11,72.11,155.22,6534.07,153.32,47.18,6380.75,1324707.61,TARGET,1324707.61,0.0
2024-01-03 13:45:00,2024-01-03 13:50:00,YELLOW,5,78.35,53.5,131.92,77.91,71.31,149.23,5625.56,149.61,45.69,5475.96,1330183.57,TARGET,1330183.57,0.0
2024-01-03 14:20:00,2024-01-03 14:50:00,GREEN,10,61.25,62.95,124.26,53.72,62.62,116.34,-5148.19,215.09,78.2,-5363.29,1324820.28,TIME_OUT,1330183.57,0.4
2024-01-05 10:10:00,2024-01-05 10:40:00,YELLOW,2,119.2,115.05,234.37,116.14,116.59,232.73,-212.36,113.28,30.36,-325.64,1324494.64,TIME_OUT,1330183.57,0.43
2024-01-05 11:30:00,2024-01-05 12:00:00,YELLOW,2,120.1,118.75,238.97,116.39,119.74,236.13,-368.88,114.34,30.88,-483.22,1324011.42,TIME_OUT,1330183.57,0.46
2024-01-05 12:10:00,2024-01-05 12:40:00,YELLOW,2,126.6,108.1,234.82,125.34,106.4,231.73,-400.83,113.11,30.33,-513.94,1323497.48,TIME_OUT,1330183.57,0.5
2024-01-05 12:45:00,2024-01-05 13:15:00,YELLOW,2,120.25,109.85,230.22,122.34,108.6,230.93,93.53,112.59,29.97,-19.07,1323478.41,TIME_OUT,1330183.57,0.5
2024-01-05 13:20:00,2024-01-05 13:50:00,YELLOW,2,123.8,106.55,230.47,141.93,93.9,235.83,697.69,113.62,30.31,584.07,1324062.48,TIME_OUT,1330183.57,0.46
2024-01-05 13:55:00,2024-01-05 14:25:00,YELLOW,2,140.05,97.7,237.87,111.39,127.24,238.63,99.03,114.77,30.97,-15.74,1324046.74,TIME_OUT,1330183.57,0.46
2024-01-05 14:30:00,2024-01-05 15:00:00,GREEN,5,114.9,119.75,234.77,130.58,93.5,224.09,-3470.81,208.01,74.56,-3678.83,1320367.91,TIME_OUT,1330183.57,0.74
2024-01-08 09:50:00,2024-01-08 10:20:00,YELLOW,3,107.85,100.35,208.3,97.65,106.3,203.95,-849.44,134.4,40.19,-983.84,1319384.07,TIME_OUT,1330183.57,0.81
2024-01-08 10:25:00,2024-01-08 10:55:00,YELLOW,3,98.8,101.55,200.45,101.85,98.65,200.5,9.66,132.43,39.09,-122.77,1319261.3,TIME_OUT,1330183.57,0.82
2024-01-09 11:25:00,2024-01-09 11:55:00,YELLOW,3,84.95,85.5,170.54,91.95,78.26,170.21,-62.47,119.6,33.22,-182.07,1319079.23,TIME_OUT,1330183.57,0.83
2024-01-09 12:05:00,2024-01-09 12:35:00,YELLOW,3,91.1,79.0,170.19,94.9,75.46,170.36,35.05,119.6,33.2,-84.56,1318994.68,TIME_OUT,1330183.57,0.84
2024-01-09 12:40:00,2024-01-09 13:10:00,YELLOW,3,97.15,73.85,171.09,98.75,70.26,169.02,-403.66,119.29,33.16,-522.95,1318471.73,TIME_OUT,1330183.57,0.88
2024-01-09 13:15:00,2024-01-09 13:45:00,YELLOW,4,96.5,72.45,169.03,88.36,75.41,163.77,-1369.26,140.83,43.26,-1510.1,1316961.63,TIME_OUT,1330183.57,0.99
2024-01-09 14:00:00,2024-01-09 14:17:00,GREEN,8,77.1,84.85,162.03,99.3,83.71,183.01,10908.29,248.22,89.71,10660.06,1327621.7,TARGET,1330183.57,0.19
2024-01-10 10:10:00,2024-01-10 10:13:00,YELLOW,4,68.55,90.7,159.33,90.5,93.7,184.21,6468.34,147.79,44.66,6320.55,1333942.24,TARGET,1333942.24,0.0
2024-01-10 10:25:00,2024-01-10 10:55:00,YELLOW,4,66.55,93.3,159.93,85.31,66.87,152.17,-2016.57,134.64,40.57,-2151.21,1331791.03,TIME_OUT,1333942.24,0.16
2024-01-10 11:15:00,2024-01-10 11:45:00,YELLOW,4,67.6,81.6,149.27,71.61,74.46,146.08,-831.4,130.49,38.4,-961.88,1330829.15,TIME_OUT,1333942.24,0.23
2024-01-10 11:50:00,2024-01-10 12:20:00,YELLOW,4,70.4,76.0,146.47,78.66,68.97,147.63,299.77,130.7,38.23,169.07,1330998.22,TIME_OUT,1333942.24,0.22
2024-01-10 12:35:00,2024-01-10 12:40:00,YELLOW,4,83.45,60.5,144.02,82.76,80.76,163.52,5069.02,136.89,39.98,4932.13,1335930.34,TARGET,1335930.34,0.0
2024-01-10 12:50:00,2024-01-10 13:20:00,YELLOW,4,67.15,77.85,145.07,65.22,78.61,143.83,-323.56,128.91,37.56,-452.47,1335477.87,TIME_OUT,1335930.34,0.03
2024-01-10 13:35:00,2024-01-10 14:05:00,YELLOW,4,63.1,78.6,141.77,79.76,58.12,137.88,-1011.35,125.95,36.35,-1137.3,1334340.57,TIME_OUT,1335930.34,0.12
2024-01-11 11:30:00,2024-01-11 12:00:00,GREEN,13,21.45,26.2,47.67,22.59,20.19,42.78,-4136.47,128.44,38.22,-4264.91,1330075.66,TIME_OUT,1335930.34,0.44
2024-01-12 11:05:00,2024-01-12 11:35:00,YELLOW,2,138.3,133.15,271.59,140.93,132.03,272.96,179.1,124.45,35.4,54.65,1330130.32,TIME_OUT,1335930.34,0.43
2024-01-12 11:40:00,2024-01-12 12:10:00,YELLOW,2,139.0,133.3,272.44,161.92,112.54,274.46,263.45,124.83,35.55,138.62,1330268.94,TIME_OUT,1335930.34,0.42
2024-01-12 12:15:00,2024-01-12 12:45:00,YELLOW,2,133.45,135.05,268.63,133.38,132.43,265.82,-366.24,122.75,34.74,-488.99,1329779.95,TIME_OUT,1335930.34,0.46
2024-01-12 13:00:00,2024-01-12 13:30:00,YELLOW,2,156.3,121.3,277.74,160.67,115.34,276.01,-224.49,125.55,35.99,-350.05,1329429.9,TIME_OUT,1335930.34,0.49
2024-01-12 14:15:00,2024-01-12 14:45:00,YELLOW,2,143.9,129.5,273.54,181.31,112.04,293.35,2576.15,128.82,36.85,2447.34,1331877.24,TIME_OUT,1335930.34,0.3
2024-01-12 14:50:00,2024-01-12 15:10:00,YELLOW,2,157.6,119.55,277.29,157.47,109.25,266.72,-1374.36,123.6,35.36,-1497.96,1330379.28,EOD,1335930.34,0.42
2024-01-16 09:50:00,2024-01-16 10:20:00,YELLOW,3,103.4,104.9,208.4,94.9,110.89,205.8,-508.38,134.98,40.38,-643.37,1329735.91,TIME_OUT,1335930.34,0.46
2024-01-16 11:15:00,2024-01-16 11:45:00,YELLOW,3,109.4,89.55,199.05,85.66,106.85,192.5,-1276.43,129.79,38.18,-1406.21,1328329.7,TIME_OUT,1335930.34,0.57
2024-01-16 11:55:00,2024-01-16 12:25:00,YELLOW,3,90.8,100.8,191.7,84.16,103.8,187.96,-729.27,127.53,37.02,-856.8,1327472.9,TIME_OUT,1335930.34,0.63
2024-01-16 12:40:00,2024-01-16 13:10:00,GREEN,7,80.2,108.95,189.24,104.55,103.85,208.4,8713.78,248.77,90.46,8465.02,1335937.92,TIME_OUT,1335937.92,0.0
2024-01-16 13:55:00,2024-01-16 14:25:00,GREEN,7,84.8,103.85,188.74,85.46,97.55,183.01,-2609.82,230.27,84.57,-2840.09,1333097.83,TIME_OUT,1335937.92,0.21
2024-01-16 14:35:00,2024-01-16 15:05:00,GREEN,7,104.85,81.75,186.69,82.46,102.35,184.81,-858.02,231.02,84.52,-1089.03,1332008.8,TIME_OUT,1335937.92,0.29
2024-01-17 11:25:00,2024-01-17 11:39:00,YELLOW,4,81.9,82.25,164.23,106.2,83.76,189.95,6687.95,150.92,46.04,6537.03,1338545.83,TARGET,1338545.83,0.0
2024-01-17 13:45:00,2024-01-17 14:15:00,YELLOW,3,99.65,80.45,180.19,93.4,73.86,167.27,-2520.13,119.79,33.88,-2639.92,1335905.91,TIME_OUT,1338545.83,0.2
2024-01-19 10:10:00,2024-01-19 10:40:00,YELLOW,2,179.45,130.5,310.1,168.52,134.58,303.1,-910.86,133.64,39.86,-1044.49,1334861.42,TIME_OUT,1338545.83,0.28
2024-01-19 10:45:00,2024-01-19 11:15:00,YELLOW,2,164.15,137.3,301.6,150.32,167.42,317.74,2098.24,136.01,40.26,1962.23,1336823.65,TIME_OUT,1338545.83,0.13
2024-01-19 11:55:00,2024-01-19 12:25:00,YELLOW,2,170.5,135.9,306.55,153.77,157.67,311.44,635.83,135.09,40.17,500.74,1337324.39,TIME_OUT,1338545.83,0.09
2024-01-19 12:30:00,2024-01-19 13:00:00,YELLOW,2,160.75,146.7,307.6,170.71,130.43,301.15,-839.07,133.04,39.57,-972.11,1336352.29,TIME_OUT,1338545.83,0.16
2024-01-19 13:25:00,2024-01-19 13:55:00,YELLOW,2,181.15,117.0,298.3,181.21,116.79,298.0,-38.76,131.68,38.76,-170.44,1336181.85,TIME_OUT,1338545.83,0.18
2024-01-19 14:15:00,2024-01-19 14:45:00,YELLOW,2,166.8,135.2,302.15,167.17,121.59,288.76,-1741.41,130.06,38.41,-1871.47,1334310.38,TIME_OUT,1338545.83,0.32
2024-01-19 14:55:00,2024-01-19 15:10:00,YELLOW,2,191.95,108.15,300.25,182.46,114.59,297.05,-415.82,131.63,38.82,-547.45,1333762.93,EOD,1338545.83,0.36
2024-01-20 11:25:00,2024-01-20 11:55:00,YELLOW,2,157.35,115.3,272.79,157.82,113.19,271.01,-230.35,124.14,35.35,-354.49,1333408.44,TIME_OUT,1338545.83,0.38
2024-01-20 12:00:00,2024-01-20 12:30:00,GREEN,5,157.3,112.25,269.68,142.78,123.84,266.62,-997.15,236.69,87.15,-1233.83,1332174.6,TIME_OUT,1338545.83,0.48
2024-01-20 12:55:00,2024-01-20 13:25:00,YELLOW,2,138.75,125.75,264.63,141.68,123.24,264.92,37.08,122.26,34.42,-85.18,1332089.43,TIME_OUT,1338545.83,0.48
2024-01-20 13:35:00,2024-01-20 14:05:00,YELLOW,2,141.85,122.2,264.18,160.52,107.7,268.22,524.39,122.9,34.61,401.49,1332490.92,TIME_OUT,1338545.83,0.45
2024-01-20 14:40:00,2024-01-20 15:10:00,YELLOW,2,160.6,104.65,265.38,153.42,131.58,285.01,2551.22,126.47,35.78,2424.76,1334915.68,TIME_OUT,1338545.83,0.27
2024-01-24 11:10:00,2024-01-24 11:37:00,YELLOW,3,130.35,82.65,213.11,127.34,112.39,239.73,5191.6,146.05,44.15,5045.55,1339961.23,TARGET,1339961.23,0.0
2024-01-24 12:15:00,2024-01-24 12:45:00,YELLOW,3,120.75,99.45,220.31,104.45,106.3,210.74,-1865.28,137.89,42.03,-2003.17,1337958.06,TIME_OUT,1339961.23,0.15
2024-01-24 12:50:00,2024-01-24 13:20:00,YELLOW,3,125.95,84.35,210.41,105.0,89.26,194.25,-3149.7,131.64,39.45,-3281.34,1334676.72,TIME_OUT,1339961.23,0.39
2024-01-24 13:45:00,2024-01-24 14:15:00,YELLOW,3,113.8,83.3,197.2,107.1,82.01,189.11,-1578.16,128.52,37.66,-1706.68,1332970.04,TIME_OUT,1339961.23,0.52
2024-01-30 11:45:00,2024-01-30 12:15:00,YELLOW,2,188.85,139.45,328.46,175.91,146.13,322.04,-835.28,138.96,42.28,-974.24,1331995.8,TIME_OUT,1339961.23,0.59
2024-01-30 12:20:00,2024-01-30 12:50:00,YELLOW,2,179.4,141.7,321.26,164.42,154.92,319.34,-249.64,137.85,41.64,-387.49,1331608.31,TIME_OUT,1339961.23,0.62
2024-01-30 12:55:00,2024-01-30 13:25:00,YELLOW,2,172.4,144.6,317.16,186.91,134.53,321.44,556.49,137.97,41.51,418.52,1332026.83,TIME_OUT,1339961.23,0.59
2024-01-30 13:30:00,2024-01-30 14:00:00,YELLOW,2,167.55,145.35,313.06,181.41,134.48,315.89,368.62,136.51,40.88,232.11,1332258.95,TIME_OUT,1339961.23,0.57
2024-01-30 14:10:00,2024-01-30 14:40:00,YELLOW,2,166.0,151.15,317.31,153.17,170.51,323.69,829.34,138.44,41.66,690.89,1332949.84,TIME_OUT,1339961.23,0.52
2024-01-31 11:20:00,2024-01-31 11:50:00,GREEN,5,155.1,104.85,260.08,151.87,117.34,269.22,2968.99,236.19,86.01,2732.8,1335682.64,TIME_OUT,1339961.23,0.32
2024-01-31 12:20:00,2024-01-31 12:50:00,YELLOW,2,144.45,112.55,257.13,134.48,112.89,247.38,-1267.79,118.05,32.79,-1385.85,1334296.79,TIME_OUT,1339961.23,0.42
2024-01-31 13:15:00,2024-01-31 13:45:00,YELLOW,2,127.7,117.05,244.87,117.09,126.19,243.28,-207.23,116.27,31.73,-323.5,1333973.29,TIME_OUT,1339961.23,0.45
2024-01-31 13:50:00,2024-01-31 14:20:00,YELLOW,2,140.45,103.95,244.52,124.79,115.99,240.78,-486.54,115.72,31.54,-602.27,1333371.03,TIME_OUT,1339961.23,0.49
2024-01-31 14:25:00,2024-01-31 14:55:00,YELLOW,2,115.9,127.7,243.72,146.83,120.44,267.27,3060.78,121.14,33.21,2939.65,1336310.67,TIME_OUT,1339961.23,0.27
2024-02-02 10:10:00,2024-02-02 10:40:00,GREEN,4,189.0,129.55,318.71,206.1,117.14,323.24,1177.55,229.72,83.45,947.83,1337258.5,TIME_OUT,1339961.23,0.2
2024-02-02 10:45:00,2024-02-02 11:15:00,GREEN,4,203.7,116.2,320.06,195.8,129.94,325.74,1476.05,230.96,83.95,1245.09,1338503.59,TIME_OUT,1339961.23,0.11
2024-02-02 12:10:00,2024-02-02 12:40:00,GREEN,4,198.25,132.75,331.17,170.96,145.68,316.64,-3776.21,228.9,84.21,-4005.11,1334498.48,TIME_OUT,1339961.23,0.41
2024-02-02 13:35:00,2024-02-02 14:05:00,GREEN,4,191.6,140.05,331.82,181.76,134.63,316.39,-4010.27,228.9,84.27,-4239.16,1330259.31,TIME_OUT,1339961.23,0.72
2024-02-02 14:25:00,2024-02-02 14:55:00,YELLOW,2,183.9,133.2,317.26,184.01,133.93,317.94,88.71,137.25,41.29,-48.54,1330210.77,TIME_OUT,1339961.23,0.73
2024-02-05 11:45:00,2024-02-05 12:15:00,YELLOW,2,155.9,137.55,293.6,132.53,153.62,286.16,-967.18,128.87,37.68,-1096.05,1329114.72,TIME_OUT,1339961.23,0.81
2024-02-05 12:35:00,2024-02-05 13:05:00,YELLOW,2,148.9,138.1,287.14,137.13,147.03,284.16,-388.13,127.96,37.13,-516.09,1328598.63,TIME_OUT,1339961.23,0.85
2024-02-05 13:35:00,2024-02-05 14:05:00,YELLOW,2,129.7,151.65,281.49,152.72,126.44,279.16,-302.94,126.49,36.44,-429.44,1328169.19,TIME_OUT,1339961.23,0.88
2024-02-06 10:20:00,2024-02-06 10:50:00,YELLOW,2,127.85,142.6,270.59,135.58,125.34,260.92,-1256.55,121.89,34.55,-1378.43,1326790.76,TIME_OUT,1339961.23,0.98
2024-02-06 11:00:00,2024-02-06 11:30:00,YELLOW,2,125.7,131.05,256.88,125.14,131.23,256.37,-65.86,119.89,33.36,-185.76,1326605.0,TIME_OUT,1339961.23,1.0
2024-02-06 12:25:00,2024-02-06 12:55:00,YELLOW,2,120.05,134.5,254.68,121.39,128.59,249.97,-611.3,118.4,32.8,-729.71,1325875.3,TIME_OUT,1339961.23,1.05
2024-02-06 13:00:00,2024-02-06 13:30:00,YELLOW,2,118.65,132.45,251.23,120.54,134.58,255.12,506.59,119.2,32.91,387.38,1326262.68,TIME_OUT,1339961.23,1.02
2024-02-06 13:35:00,2024-02-06 14:05:00,YELLOW,2,133.9,115.55,249.57,120.94,129.94,250.87,168.97,118.2,32.53,50.77,1326313.46,TIME_OUT,1339961.23,1.02
2024-02-06 14:10:00,2024-02-06 14:40:00,YELLOW,2,114.0,133.0,247.12,142.68,126.39,269.07,2852.45,121.77,33.55,2730.68,1329044.13,TIME_OUT,1339961.23,0.81
2024-02-06 14:45:00,2024-02-06 15:10:00,YELLOW,2,134.7,110.8,245.62,106.25,130.23,236.48,-1188.34,114.92,31.34,-1303.26,1327740.88,EOD,1339961.23,0.91
2024-02-07 10:35:00,2024-02-07 11:05:00,YELLOW,3,94.45,101.4,195.95,92.4,99.8,192.2,-730.09,129.34,37.84,-859.43,1326881.45,TIME_OUT,1339961.23,0.98
2024-02-07 12:40:00,2024-02-07 13:10:00,GREEN,7,80.15,108.4,188.64,84.71,96.7,181.41,-3291.94,229.08,84.19,-3521.02,1323360.43,TIME_OUT,1339961.23,1.24
2024-02-07 13:15:00,2024-02-07 13:45:00,GREEN,7,80.2,102.5,182.79,71.71,105.2,176.91,-2675.33,224.26,81.83,-2899.59,1320460.84,TIME_OUT,1339961.23,1.46
2024-02-07 13:50:00,2024-02-07 14:20:00,GREEN,7,84.85,87.2,172.14,76.21,89.06,165.27,-3125.26,212.97,76.76,-3338.23,1317122.61,TIME_OUT,1339961.23,1.7
2024-02-07 14:25:00,2024-02-07 14:39:00,GREEN,8,73.4,89.7,163.18,95.9,91.15,187.06,12414.94,251.92,91.06,12163.01,1329285.62,TARGET,1339961.23,0.8
2024-02-07 14:40:00,2024-02-07 15:03:00,GREEN,8,88.95,71.35,160.38,92.6,90.85,183.46,12000.6,248.09,89.4,11752.51,1341038.13,TARGET,1341038.13,0.0
2024-02-09 10:05:00,2024-02-09 10:35:00,GREEN,3,195.4,161.8,357.38,193.7,156.82,350.52,-1336.52,197.0,69.02,-1533.52,1339504.61,TIME_OUT,1341038.13,0.11
2024-02-09 10:40:00,2024-02-09 11:10:00,GREEN,3,193.2,157.8,351.18,191.15,167.02,358.17,1364.09,198.65,69.16,1165.43,1340670.05,TIME_OUT,1341038.13,0.03
2024-02-09 11:30:00,2024-02-09 12:00:00,GREEN,3,166.65,182.05,348.87,169.42,172.66,342.08,-1325.12,193.4,67.37,-1518.52,1339151.53,TIME_OUT,1341038.13,0.14
2024-02-09 12:50:00,2024-02-09 13:20:00,GREEN,4,173.15,159.95,333.27,165.87,164.17,330.03,-840.23,234.76,86.23,-1074.99,1338076.54,TIME_OUT,1341038.13,0.22
2024-02-09 13:25:00,2024-02-09 13:55:00,GREEN,4,166.1,165.05,331.32,165.97,158.52,324.49,-1775.25,232.17,85.25,-2007.42,1336069.12,TIME_OUT,1341038.13,0.37
2024-02-09 14:00:00,2024-02-09 14:30:00,GREEN,4,164.0,160.3,324.46,180.51,142.78,323.29,-305.21,230.62,84.21,-535.83,1335533.29,TIME_OUT,1341038.13,0.41
2024-02-09 14:55:00,2024-02-09 15:10:00,GREEN,4,152.0,164.3,316.46,161.92,145.28,307.2,-2408.07,222.74,81.08,-2630.81,1332902.48,EOD,1341038.13,0.61
2024-02-12 10:55:00,2024-02-12 11:25:00,GREEN,4,136.6,139.9,276.64,151.92,120.09,272.01,-1202.32,202.09,71.32,-1404.41,1331498.07,TIME_OUT,1341038.13,0.71
2024-02-13 11:25:00,2024-02-13 11:55:00,GREEN,5,111.45,129.0,240.57,104.55,131.73,236.28,-1393.74,215.43,77.49,-1609.17,1329888.9,TIME_OUT,1341038.13,0.83
2024-02-13 13:10:00,2024-02-13 13:40:00,YELLOW,3,111.9,115.3,227.31,114.44,117.44,231.88,891.23,145.25,44.77,745.98,1330634.88,TIME_OUT,1341038.13,0.78
2024-02-13 14:15:00,2024-02-13 14:45:00,YELLOW,2,129.4,101.9,231.42,124.69,100.75,225.44,-777.2,111.55,29.7,-888.74,1329746.14,TIME_OUT,1341038.13,0.84
2024-02-13 14:50:00,2024-02-13 15:10:00,YELLOW,3,124.15,101.3,225.56,116.64,103.35,219.99,-1086.69,141.36,43.44,-1228.05,1328518.09,EOD,1341038.13,0.93
2024-02-14 10:40:00,2024-02-14 11:10:00,GREEN,7,89.35,88.9,178.34,73.06,100.45,173.51,-2195.8,220.6,80.05,-2416.4,1326101.69,TIME_OUT,1341038.13,1.11
2024-02-14 11:15:00,2024-02-14 11:45:00,GREEN,7,84.8,89.3,174.19,77.81,93.6,171.41,-1261.62,217.97,78.62,-1479.59,1324622.1,TIME_OUT,1341038.13,1.22
2024-02-14 11:55:00,2024-02-14 12:25:00,YELLOW,4,85.5,83.65,169.23,71.61,95.25,166.87,-615.69,142.14,43.69,-757.84,1323864.26,TIME_OUT,1341038.13,1.28
2024-02-14 13:20:00,2024-02-14 13:45:00,YELLOW,4,75.9,89.3,165.28,96.3,93.65,189.95,6414.82,151.08,46.18,6263.74,1330128.0,TARGET,1341038.13,0.81
2024-02-14 14:00:00,2024-02-14 14:04:00,YELLOW,4,95.0,68.05,163.13,99.5,85.81,185.31,5765.7,148.83,45.3,5616.87,1335744.87,TARGET,1341038.13,0.39
2024-02-14 14:05:00,2024-02-14 14:24:00,GREEN,8,94.55,67.95,162.58,98.45,85.36,183.81,11037.94,249.05,90.06,10788.88,1346533.75,TARGET,1346533.75,0.0
2024-02-16 10:15:00,2024-02-16 10:45:00,GREEN,4,175.75,153.15,329.06,172.26,151.87,324.14,-1280.92,231.68,84.92,-1512.59,1345021.16,TIME_OUT,1346533.75,0.11
2024-02-16 10:50:00,2024-02-16 11:20:00,GREEN,4,195.0,134.75,329.91,175.36,149.93,325.29,-1203.18,232.28,85.18,-1435.46,1343585.7,TIME_OUT,1346533.75,0.22
2024-02-16 11:25:00,2024-02-16 11:55:00,GREEN,4,168.15,154.9,323.21,161.77,155.87,317.64,-1448.31,228.09,83.31,-1676.4,1341909.3,TIME_OUT,1346533.75,0.34
2024-02-16 12:00:00,2024-02-16 12:30:00,GREEN,4,165.5,153.6,319.26,156.62,159.27,315.89,-875.57,226.76,82.57,-1102.33,1340806.96,TIME_OUT,1346533.75,0.43
2024-02-16 12:35:00,2024-02-16 13:05:00,GREEN,4,158.7,158.3,317.16,172.61,146.93,319.54,619.23,227.95,82.77,391.28,1341198.24,TIME_OUT,1346533.75,0.4
2024-02-16 13:15:00,2024-02-16 13:45:00,GREEN,4,170.5,147.5,318.16,165.92,150.97,316.89,-329.56,227.01,82.56,-556.57,1340641.68,TIME_OUT,1346533.75,0.44
2024-02-16 13:50:00,2024-02-16 14:20:00,GREEN,4,167.65,149.35,317.16,154.22,156.17,310.39,-1758.58,224.17,81.58,-1982.75,1338658.92,TIME_OUT,1346533.75,0.58
2024-02-16 14:25:00,2024-02-16 14:55:00,GREEN,4,156.75,151.8,308.7,164.87,140.83,305.7,-781.87,220.93,79.87,-1002.8,1337656.12,TIME_OUT,1346533.75,0.66
2024-02-16 15:00:00,2024-02-16 15:10:00,GREEN,4,166.45,138.75,305.35,157.47,144.78,302.25,-806.99,218.99,78.99,-1025.98,1336630.14,EOD,1346533.75,0.74
2024-02-19 09:50:00,2024-02-19 10:20:00,GREEN,4,127.6,162.75,290.5,147.83,136.18,284.01,-1686.69,209.17,74.69,-1895.86,1334734.29,TIME_OUT,1346533.75,0.88
2024-02-19 10:25:00,2024-02-19 10:55:00,GREEN,4,138.45,140.05,278.64,134.63,140.93,275.56,-800.05,203.86,72.05,-1003.91,1333730.38,TIME_OUT,1346533.75,0.95
2024-02-19 13:30:00,2024-02-19 14:00:00,YELLOW,2,140.8,134.05,274.99,156.32,120.79,277.11,276.11,125.57,35.89,150.54,1333880.92,TIME_OUT,1346533.75,0.94
2024-02-19 14:40:00,2024-02-19 15:10:00,YELLOW,2,156.0,116.35,272.49,135.23,130.63,265.87,-860.49,123.05,34.99,-983.55,1332897.38,TIME_OUT,1346533.75,1.01
2024-02-20 10:55:00,2024-02-20 11:25:00,YELLOW,2,108.0,140.2,248.32,123.49,119.99,243.48,-629.97,116.57,31.97,-746.54,1332150.84,TIME_OUT,1346533.75,1.07
2024-02-20 12:45:00,2024-02-20 13:15:00,YELLOW,2,125.8,109.3,235.22,108.65,124.69,233.33,-244.96,113.47,30.46,-358.43,1331792.41,TIME_OUT,1346533.75,1.09
2024-02-20 13:20:00,2024-02-20 13:50:00,GREEN,5,109.15,124.7,233.97,117.94,110.99,228.94,-1635.22,210.37,75.22,-1845.59,1329946.82,TIME_OUT,1346533.75,1.23
2024-02-20 14:20:00,2024-02-20 14:50:00,GREEN,6,103.35,118.55,222.01,104.25,115.64,219.89,-827.17,234.64,86.17,-1061.81,1328885.01,TIME_OUT,1346533.75,1.31
2024-02-20 14:55:00,2024-02-20 15:10:00,GREEN,6,108.55,109.95,218.61,106.1,111.39,217.49,-436.04,232.37,85.04,-668.41,1328216.61,EOD,1346533.75,1.36
2024-02-21 10:10:00,2024-02-21 10:40:00,YELLOW,3,81.95,107.05,189.09,77.36,111.19,188.56,-105.07,127.42,36.82,-232.49,1327984.12,TIME_OUT,1346533.75,1.38
2024-02-21 11:10:00,2024-02-21 11:40:00,GREEN,7,84.7,97.0,181.79,83.81,91.35,175.16,-3015.96,222.72,81.21,-3238.68,1324745.44,TIME_OUT,1346533.75,1.62
2024-02-21 11:55:00,2024-02-21 12:25:00,YELLOW,3,91.1,81.85,173.04,90.65,73.96,164.62,-1641.67,118.15,32.92,-1759.82,1322985.62,TIME_OUT,1346533.75,1.75
2024-02-21 12:30:00,2024-02-21 12:51:00,YELLOW,4,90.2,72.5,162.78,91.25,91.95,183.21,5311.02,147.91,44.98,5163.11,1328148.73,TARGET,1346533.75,1.37
2024-02-21 13:10:00,2024-02-21 13:40:00,GREEN,8,84.65,71.5,156.23,90.95,59.22,150.17,-3147.66,219.3,79.66,-3366.96,1324781.77,TIME_OUT,1346533.75,1.62
2024-02-23 10:10:00,2024-02-23 10:40:00,GREEN,4,180.15,143.5,323.81,189.51,139.68,329.19,1397.11,232.96,84.89,1164.15,1325945.92,TIME_OUT,1346533.75,1.53
2024-02-23 10:50:00,2024-02-23 11:20:00,GREEN,4,171.05,147.15,318.36,167.62,143.53,311.14,-1875.83,224.66,81.84,-2100.5,1323845.43,TIME_OUT,1346533.75,1.68
2024-02-23 11:40:00,2024-02-23 12:10:00,GREEN,4,175.25,136.55,311.96,165.92,145.68,311.59,-94.06,223.87,81.06,-317.93,1323527.5,TIME_OUT,1346533.75,1.71
2024-02-23 12:15:00,2024-02-23 12:45:00,GREEN,4,163.9,147.8,311.86,175.46,134.18,309.65,-574.8,223.05,80.8,-797.84,1322729.66,TIME_OUT,1346533.75,1.77
2024-02-23 12:55:00,2024-02-23 13:25:00,GREEN,4,178.25,132.9,311.31,168.97,141.28,310.24,-275.8,223.21,80.8,-499.01,1322230.65,TIME_OUT,1346533.75,1.8
2024-02-23 13:30:00,2024-02-23 14:00:00,GREEN,4,156.35,151.65,308.15,158.02,147.43,305.45,-703.77,220.74,79.77,-924.51,1321306.14,TIME_OUT,1346533.75,1.87
2024-02-23 14:10:00,2024-02-23 14:40:00,GREEN,4,182.55,128.65,311.36,160.07,139.93,300.0,-2952.48,218.98,79.48,-3171.46,1318134.68,TIME_OUT,1346533.75,2.11
2024-02-23 14:45:00,2024-02-23 15:10:00,GREEN,4,158.75,141.45,300.35,167.57,133.23,300.8,116.85,217.62,78.15,-100.77,1318033.9,EOD,1346533.75,2.12
2024-02-26 10:50:00,2024-02-26 11:20:00,GREEN,4,142.45,142.2,284.79,161.62,126.04,287.66,744.58,209.8,74.42,534.78,1318568.68,TIME_OUT,1346533.75,2.08
2024-02-27 11:40:00,2024-02-27 12:10:00,YELLOW,2,122.15,114.5,236.77,127.39,109.45,236.83,8.22,114.31,30.78,-106.1,1318462.58,TIME_OUT,1346533.75,2.08
2024-02-27 12:35:00,2024-02-27 13:05:00,YELLOW,2,108.05,123.85,232.02,117.39,115.04,232.43,54.31,113.04,30.19,-58.73,1318403.86,TIME_OUT,1346533.75,2.09
2024-02-27 14:30:00,2024-02-27 15:00:00,GREEN,6,111.55,105.1,216.76,105.4,110.54,215.94,-318.38,230.98,84.38,-549.36,1317854.5,TIME_OUT,1346533.75,2.13
2024-02-28 10:10:00,2024-02-28 10:40:00,YELLOW,3,77.55,106.9,184.54,98.9,93.95,192.85,1620.7,128.23,36.8,1492.48,1319346.97,TIME_OUT,1346533.75,2.02
2024-02-28 11:50:00,2024-02-28 12:20:00,YELLOW,3,84.15,113.05,197.3,87.91,103.9,191.8,-1071.44,129.37,37.94,-1200.81,1318146.17,TIME_OUT,1346533.75,2.11
2024-02-28 14:45:00,2024-02-28 15:10:00,GREEN,7,73.35,111.55,184.99,93.25,112.09,205.35,9261.45,245.42,88.8,9016.03,1327162.19,EOD,1346533.75,1.44
2024-03-01 10:35:00,2024-03-01 11:05:00,GREEN,4,180.4,155.7,336.27,178.06,153.42,331.48,-1243.81,235.82,86.81,-1479.63,1325682.57,TIME_OUT,1346533.75,1.55
2024-03-01 11:10:00,2024-03-01 11:40:00,GREEN,4,192.5,136.2,328.86,190.4,153.92,344.33,4020.48,239.99,87.51,3780.49,1329463.06,TIME_OUT,1346533.75,1.27
2024-03-01 12:25:00,2024-03-01 12:55:00,GREEN,3,182.9,159.6,342.67,186.41,158.12,344.53,362.0,193.45,67.0,168.55,1329631.61,TIME_OUT,1346533.75,1.26
2024-03-01 13:10:00,2024-03-01 13:40:00,GREEN,4,181.25,157.45,338.87,187.21,150.52,337.73,-295.96,238.8,87.96,-534.76,1329096.85,TIME_OUT,1346533.75,1.29
2024-03-01 13:50:00,2024-03-01 14:20:00,GREEN,4,188.85,148.2,337.22,162.87,160.82,323.69,-3517.92,232.74,85.92,-3750.66,1325346.19,TIME_OUT,1346533.75,1.57
2024-03-01 14:30:00,2024-03-01 15:00:00,GREEN,4,166.95,153.95,321.06,166.32,153.72,320.04,-265.34,228.76,83.34,-494.1,1324852.1,TIME_OUT,1346533.75,1.61
2024-03-02 11:40:00,2024-03-02 12:10:00,GREEN,4,150.1,153.45,303.7,149.18,140.63,289.81,-3613.15,213.59,77.16,-3826.75,1321025.35,TIME_OUT,1346533.75,1.89
2024-03-02 12:15:00,2024-03-04 09:30:00,GREEN,4,148.55,139.55,288.24,142.93,139.33,282.26,-1556.16,208.1,74.17,-1764.27,1319261.08,TIME_OUT,1346533.75,2.03
2024-03-04 10:50:00,2024-03-04 11:20:00,YELLOW,2,143.2,120.15,263.48,127.94,133.08,261.02,-320.09,121.36,34.09,-441.45,1318819.63,TIME_OUT,1346533.75,2.06
2024-03-04 11:35:00,2024-03-04 12:05:00,YELLOW,2,124.4,134.6,259.13,123.49,134.08,257.57,-202.59,120.32,33.59,-322.9,1318496.73,TIME_OUT,1346533.75,2.08
2024-03-04 12:15:00,2024-03-04 12:45:00,GREEN,5,122.4,131.5,254.03,129.39,124.74,254.12,31.18,227.23,82.57,-196.05,1318300.67,TIME_OUT,1346533.75,2.1
2024-03-04 12:55:00,2024-03-04 13:25:00,GREEN,5,115.4,140.4,255.93,125.19,124.79,249.97,-1934.71,225.45,82.21,-2160.16,1316140.52,TIME_OUT,1346533.75,2.26
2024-03-04 13:30:00,2024-03-04 14:00:00,GREEN,5,123.55,125.6,249.27,112.99,137.23,250.22,308.83,224.3,81.17,84.53,1316225.05,TIME_OUT,1346533.75,2.25
2024-03-04 14:05:00,2024-03-04 14:35:00,GREEN,5,119.1,125.15,244.37,123.34,120.99,244.33,-14.41,220.31,79.41,-234.73,1315990.32,TIME_OUT,1346533.75,2.27
2024-03-04 14:45:00,2024-03-04 15:10:00,GREEN,5,118.15,126.5,244.77,123.29,123.04,246.33,505.2,221.42,79.8,283.77,1316274.09,EOD,1346533.75,2.25
2024-03-05 11:05:00,2024-03-05 11:35:00,GREEN,6,99.8,116.95,216.86,97.85,112.44,210.29,-2559.79,227.5,83.29,-2787.3,1313486.79,TIME_OUT,1346533.75,2.45
2024-03-05 11:45:00,2024-03-05 12:15:00,GREEN,6,113.35,97.85,211.31,83.36,120.44,203.8,-2927.94,222.2,80.95,-3150.14,1310336.65,TIME_OUT,1346533.75,2.69
2024-03-05 12:30:00,2024-03-05 13:00:00,GREEN,6,99.75,104.7,204.55,111.59,94.9,206.5,758.35,222.32,80.15,536.03,1310872.68,TIME_OUT,1346533.75,2.65
2024-03-05 13:55:00,2024-03-05 14:25:00,GREEN,6,97.5,96.55,194.15,109.15,87.21,196.35,859.85,213.63,76.15,646.22,1311518.9,TIME_OUT,1346533.75,2.6
2024-03-05 14:30:00,2024-03-05 15:00:00,YELLOW,3,101.55,92.5,194.15,108.2,84.96,193.15,-193.76,129.42,37.76,-323.19,1311195.72,TIME_OUT,1346533.75,2.62
2024-03-06 13:15:00,2024-03-06 13:32:00,YELLOW,4,78.05,76.8,154.93,100.2,78.51,178.71,6183.63,144.84,43.37,6038.78,1317234.5,TARGET,1346533.75,2.18
2024-03-07 12:35:00,2024-03-07 13:05:00,YELLOW,6,21.1,31.7,52.83,31.88,20.19,52.07,-293.46,91.65,20.46,-385.1,1316849.39,TIME_OUT,1346533.75,2.2
2024-03-11 10:25:00,2024-03-11 10:55:00,YELLOW,2,131.7,116.3,248.12,128.09,116.74,244.83,-428.54,116.84,32.04,-545.38,1316304.02,TIME_OUT,1346533.75,2.25
2024-03-11 11:00:00,2024-03-11 11:30:00,YELLOW,2,128.3,116.5,244.92,144.73,102.8,247.53,338.49,117.15,32.01,221.34,1316525.36,TIME_OUT,1346533.75,2.23
2024-03-11 11:35:00,2024-03-11 12:05:00,YELLOW,2,122.05,119.6,241.77,133.43,112.24,245.68,507.82,116.53,31.68,391.29,1316916.65,TIME_OUT,1346533.75,2.2
2024-03-11 12:35:00,2024-03-11 13:05:00,YELLOW,2,128.9,116.9,245.92,125.09,118.89,243.98,-252.84,116.49,31.84,-369.34,1316547.31,TIME_OUT,1346533.75,2.23
2024-03-11 13:10:00,2024-03-11 13:40:00,YELLOW,2,127.5,118.15,245.77,130.23,111.89,242.13,-473.71,116.1,31.71,-589.81,1315957.5,TIME_OUT,1346533.75,2.27
2024-03-11 13:45:00,2024-03-11 14:15:00,YELLOW,2,127.2,115.75,243.07,122.09,120.39,242.48,-77.06,115.96,31.56,-193.02,1315764.47,TIME_OUT,1346533.75,2.29
2024-03-11 14:30:00,2024-03-11 15:00:00,YELLOW,2,146.45,97.7,244.27,117.99,114.94,232.93,-1474.02,114.08,31.02,-1588.1,1314176.37,TIME_OUT,1346533.75,2.4
2024-03-12 10:25:00,2024-03-12 10:46:00,YELLOW,3,116.0,92.8,208.9,151.07,88.36,239.43,5952.54,145.47,43.71,5807.07,1319983.44,TARGET,1346533.75,1.97
2024-03-12 11:30:00,2024-03-12 12:00:00,GREEN,6,141.3,78.65,220.06,124.29,90.65,214.94,-1995.83,231.12,84.83,-2226.95,1317756.49,TIME_OUT,1346533.75,2.14
2024-03-12 12:15:00,2024-03-12 12:38:00,GREEN,6,132.8,80.55,213.46,137.78,101.8,239.58,10188.16,244.88,88.34,9943.28,1327699.77,TARGET,1346533.75,1.4
2024-03-12 13:00:00,2024-03-12 13:30:00,GREEN,6,124.45,87.6,212.16,113.64,90.85,204.5,-2986.75,222.83,81.25,-3209.57,1324490.2,TIME_OUT,1346533.75,1.64
2024-03-12 13:35:00,2024-03-12 14:05:00,YELLOW,3,113.65,90.4,204.15,113.74,90.95,204.7,106.39,134.15,39.86,-27.77,1324462.43,TIME_OUT,1346533.75,1.64
2024-03-12 14:10:00,2024-03-12 14:37:00,GREEN,6,109.1,96.25,205.45,142.28,91.6,233.88,11087.83,239.51,85.67,10848.32,1335310.75,TARGET,1346533.75,0.83
2024-03-15 10:40:00,2024-03-15 11:10:00,YELLOW,2,185.45,144.75,330.37,174.01,146.88,320.89,-1231.83,138.87,42.33,-1370.7,1333940.05,TIME_OUT,1346533.75,0.94
2024-03-15 11:15:00,2024-03-15 11:45:00,YELLOW,2,178.5,144.7,323.36,185.71,137.13,322.84,-68.0,138.73,42.0,-206.74,1333733.32,TIME_OUT,1346533.75,0.95
2024-03-15 11:50:00,2024-03-15 12:20:00,YELLOW,2,158.8,157.4,316.36,164.62,153.12,317.74,179.78,137.14,41.22,42.64,1333775.96,TIME_OUT,1346533.75,0.95
2024-03-15 12:30:00,2024-03-15 13:00:00,YELLOW,2,166.85,149.45,316.46,162.32,146.83,309.15,-950.66,135.37,40.66,-1086.04,1332689.92,TIME_OUT,1346533.75,1.03
2024-03-15 13:55:00,2024-03-15 14:25:00,GREEN,4,160.3,139.55,300.0,156.82,137.73,294.55,-1416.29,214.99,77.29,-1631.28,1331058.64,TIME_OUT,1346533.75,1.15
2024-03-15 14:35:00,2024-03-15 15:05:00,GREEN,4,152.35,142.0,294.5,157.77,129.74,287.51,-1817.66,211.23,75.66,-2028.89,1329029.75,TIME_OUT,1346533.75,1.3
2024-03-18 09:55:00,2024-03-18 10:25:00,YELLOW,2,144.35,138.25,282.74,152.42,128.79,281.21,-199.16,127.01,36.66,-326.17,1328703.58,TIME_OUT,1346533.75,1.32
2024-03-18 10:40:00,2024-03-18 11:10:00,YELLOW,2,143.0,130.8,273.94,140.43,127.64,268.07,-763.23,123.62,35.23,-886.85,1327816.73,TIME_OUT,1346533.75,1.39
2024-03-18 13:55:00,2024-03-18 14:25:00,YELLOW,2,151.45,106.1,257.68,147.33,106.4,253.72,-514.24,119.41,33.24,-633.65,1327183.08,TIME_OUT,1346533.75,1.44
2024-03-18 14:50:00,2024-03-18 15:10:00,YELLOW,2,133.15,111.6,244.87,131.43,113.99,245.43,72.13,116.71,31.87,-44.58,1327138.5,EOD,1346533.75,1.44
2024-03-19 13:00:00,2024-03-19 13:30:00,YELLOW,3,131.5,92.9,224.51,121.94,98.6,220.54,-774.64,141.41,43.39,-916.05,1326222.45,TIME_OUT,1346533.75,1.51
2024-03-19 13:35:00,2024-03-19 14:05:00,YELLOW,3,123.3,96.85,220.26,130.13,91.25,221.39,220.19,141.18,43.06,79.01,1326301.46,TIME_OUT,1346533.75,1.5
2024-03-19 14:30:00,2024-03-19 15:00:00,GREEN,6,102.05,110.3,212.46,97.75,111.44,209.2,-1271.72,225.81,82.22,-1497.53,1324803.93,TIME_OUT,1346533.75,1.61
2024-03-20 11:05:00,2024-03-20 11:35:00,YELLOW,3,105.55,77.7,183.34,85.21,91.25,176.46,-1341.58,123.01,35.08,-1464.59,1323339.34,TIME_OUT,1346533.75,1.72
2024-03-20 12:30:00,2024-03-20 13:00:00,GREEN,8,96.35,70.7,167.13,94.6,88.96,183.56,8540.82,250.24,91.18,8290.58,1331629.92,TIME_OUT,1346533.75,1.11
2024-03-20 13:30:00,2024-03-20 14:00:00,YELLOW,4,75.2,80.85,156.13,96.4,74.36,170.76,3805.5,141.74,42.5,3663.76,1335293.68,TIME_OUT,1346533.75,0.83
2024-03-20 14:45:00,2024-03-20 15:04:00,YELLOW,4,79.65,69.6,149.32,100.85,77.71,178.56,7601.37,143.92,42.63,7457.45,1342751.12,TARGET,1346533.75,0.28
2024-03-22 11:05:00,2024-03-22 11:35:00,GREEN,4,178.6,101.0,279.74,166.37,109.45,275.81,-1021.22,204.13,72.22,-1225.35,1341525.77,TIME_OUT,1346533.75,0.37
2024-03-22 12:05:00,2024-03-22 12:35:00,GREEN,5,158.1,112.35,270.59,154.42,113.14,267.57,-981.2,237.35,87.45,-1218.55,1340307.22,TIME_OUT,1346533.75,0.46
2024-03-22 12:40:00,2024-03-22 13:10:00,GREEN,5,155.5,113.4,269.03,166.62,101.3,267.92,-363.5,237.23,87.25,-600.74,1339706.48,TIME_OUT,1346533.75,0.51
2024-03-22 13:20:00,2024-03-22 13:50:00,GREEN,5,173.35,95.15,268.63,163.92,99.3,263.22,-1760.18,234.73,86.43,-1994.9,1337711.58,TIME_OUT,1346533.75,0.66
2024-03-22 13:55:00,2024-03-22 14:25:00,GREEN,5,172.85,90.35,263.33,182.61,82.36,264.97,531.65,234.62,85.85,297.04,1338008.62,TIME_OUT,1346533.75,0.63
2024-03-26 10:20:00,2024-03-26 10:50:00,GREEN,5,160.35,74.6,235.07,138.18,78.61,216.79,-5939.68,204.3,73.43,-6143.98,1331864.64,TIME_OUT,1346533.75,1.09
2024-03-26 11:05:00,2024-03-26 11:35:00,GREEN,6,132.65,82.5,215.26,142.08,75.21,217.29,793.15,231.47,84.35,561.68,1332426.32,TIME_OUT,1346533.75,1.05
2024-03-26 11:50:00,2024-03-26 12:20:00,YELLOW,3,143.0,73.85,216.96,131.23,78.96,210.19,-1318.9,137.33,41.65,-1456.23,1330970.09,TIME_OUT,1346533.75,1.16
2024-03-26 12:25:00,2024-03-26 12:55:00,GREEN,6,139.95,72.4,212.46,146.08,66.97,213.04,229.03,228.19,82.97,0.83,1330970.92,TIME_OUT,1346533.75,1.16
2024-03-26 13:10:00,2024-03-26 13:40:00,GREEN,6,152.9,63.0,216.01,137.98,70.31,208.3,-3007.74,226.07,82.74,-3233.81,1327737.12,TIME_OUT,1346533.75,1.4
2024-03-26 14:15:00,2024-03-26 14:45:00,GREEN,6,131.35,69.0,200.45,154.67,63.42,218.09,6879.88,228.56,81.62,6651.32,1334388.44,TIME_OUT,1346533.75,0.9
2024-03-27 11:20:00,2024-03-27 11:50:00,YELLOW,4,103.6,55.65,159.33,66.17,74.51,140.68,-4849.0,129.8,39.0,-4978.8,1329409.64,TIME_OUT,1346533.75,1.27
2024-03-27 12:15:00,2024-03-27 12:45:00,YELLOW,4,84.6,61.2,145.87,82.81,60.17,142.98,-752.55,128.68,37.55,-881.23,1328528.4,TIME_OUT,1346533.75,1.34
2024-03-27 12:50:00,2024-03-27 13:20:00,YELLOW,4,83.5,59.5,143.07,79.06,57.87,136.93,-1596.4,125.75,36.4,-1722.15,1326806.25,TIME_OUT,1346533.75,1.47
2024-03-27 13:25:00,2024-03-27 13:40:00,YELLOW,5,77.8,57.8,135.67,86.66,73.51,160.17,7963.17,155.98,48.07,7807.19,1334613.44,TARGET,1346533.75,0.89
2024-03-27 13:45:00,2024-03-27 13:59:00,YELLOW,5,66.8,68.45,135.32,84.76,70.91,155.67,6615.21,153.59,47.29,6461.62,1341075.06,TARGET,1346533.75,0.41
2024-03-27 14:00:00,2024-03-27 14:30:00,GREEN,10,61.0,68.9,129.96,88.61,47.53,136.13,4008.52,237.73,86.48,3770.78,1344845.85,TIME_OUT,1346533.75,0.13
2024-03-27 14:35:00,2024-03-27 14:42:00,YELLOW,5,86.25,46.5,132.82,89.41,63.22,152.62,6437.36,151.54,46.38,6285.83,1351131.68,TARGET,1351131.68,0.0
2024-03-27 14:45:00,2024-03-27 15:10:00,GREEN,10,87.6,44.95,132.62,84.96,42.58,127.54,-3302.05,229.87,84.55,-3531.92,1347599.76,EOD,1351131.68,0.26
2024-04-01 10:10:00,2024-04-01 10:40:00,GREEN,5,128.9,114.9,243.92,127.69,109.6,237.28,-2158.19,216.59,78.2,-2374.78,1345224.98,TIME_OUT,1351131.68,0.44
2024-04-01 10:50:00,2024-04-01 11:20:00,GREEN,5,123.85,110.5,234.47,118.24,112.24,230.48,-1294.3,211.26,75.55,-1505.57,1343719.41,TIME_OUT,1351131.68,0.55
2024-04-01 11:25:00,2024-04-01 11:55:00,GREEN,6,115.1,114.0,229.21,136.23,94.25,230.48,495.36,242.87,89.64,252.49,1343971.9,TIME_OUT,1351131.68,0.53
2024-04-01 12:00:00,2024-04-01 12:30:00,GREEN,6,115.5,109.5,225.11,112.64,111.49,224.14,-380.1,237.99,87.6,-618.09,1343353.81,TIME_OUT,1351131.68,0.58
2024-04-01 12:35:00,2024-04-01 13:05:00,GREEN,5,139.15,90.9,230.17,123.04,108.7,231.73,509.94,211.08,75.06,298.86,1343652.67,TIME_OUT,1351131.68,0.55
2024-04-01 13:15:00,2024-04-01 13:45:00,GREEN,6,126.15,100.15,226.41,128.64,93.4,222.04,-1705.95,236.98,87.45,-1942.93,1341709.74,TIME_OUT,1351131.68,0.7
2024-04-01 13:50:00,2024-04-01 14:20:00,GREEN,6,130.55,91.3,221.96,128.09,96.65,224.74,1082.89,237.63,87.11,845.26,1342555.0,TIME_OUT,1351131.68,0.63
2024-04-01 14:25:00,2024-04-01 14:55:00,GREEN,6,126.7,97.6,224.41,124.29,96.05,220.34,-1588.23,235.47,86.73,-1823.7,1340731.31,TIME_OUT,1351131.68,0.77
2024-04-01 15:00:00,2024-04-01 15:10:00,GREEN,6,124.3,95.75,220.16,123.04,93.95,216.99,-1235.74,232.42,85.24,-1468.16,1339263.15,EOD,1351131.68,0.88
2024-04-02 10:00:00,2024-04-02 10:30:00,GREEN,6,88.95,109.95,199.0,84.26,107.95,192.2,-2650.28,212.18,76.28,-2862.46,1336400.69,TIME_OUT,1351131.68,1.09
2024-04-02 10:40:00,2024-04-02 10:49:00,GREEN,7,104.95,87.25,192.3,106.1,110.74,216.84,11168.17,255.7,93.08,10912.47,1347313.16,TARGET,1351131.68,0.28
2024-04-02 11:05:00,2024-04-02 11:14:00,GREEN,7,86.6,98.25,184.94,108.9,98.85,207.75,10375.66,247.14,89.34,10128.52,1357441.68,TARGET,1357441.68,0.0
2024-04-02 11:20:00,2024-04-02 11:35:00,GREEN,7,86.1,96.6,182.79,110.24,97.7,207.95,11445.35,246.71,88.89,11198.65,1368640.32,TARGET,1368640.32,0.0
2024-04-02 11:40:00,2024-04-02 11:48:00,GREEN,7,85.6,95.7,181.39,107.75,96.55,204.3,10422.75,243.69,87.74,10179.06,1378819.38,TARGET,1378819.38,0.0
2024-04-02 11:50:00,2024-04-02 11:52:00,GREEN,7,85.35,95.15,180.59,109.4,95.25,204.65,10946.11,243.73,87.64,10702.37,1389521.76,TARGET,1389521.76,0.0
2024-04-02 11:55:00,2024-04-02 12:07:00,YELLOW,3,107.55,74.8,182.44,104.8,99.75,204.55,4310.77,131.61,37.73,4179.16,1393700.91,TARGET,1393700.91,0.0
2024-04-02 12:10:00,2024-04-02 12:28:00,GREEN,7,103.95,78.35,182.39,106.35,98.15,204.5,10058.48,244.11,88.02,9814.37,1403515.29,TARGET,1403515.29,0.0
2024-04-02 12:30:00,2024-04-02 12:33:00,GREEN,7,107.9,72.85,180.84,107.8,95.95,203.75,10423.0,243.15,87.49,10179.86,1413695.14,TARGET,1413695.14,0.0
2024-04-02 12:35:00,2024-04-02 12:38:00,GREEN,7,107.55,74.0,181.64,110.34,93.55,203.9,10127.04,243.47,87.71,9883.57,1423578.71,TARGET,1423578.71,0.0
2024-04-02 12:40:00,2024-04-02 13:10:00,GREEN,8,84.4,94.0,178.49,101.8,77.16,178.96,245.06,249.93,92.94,-4.86,1423573.85,TIME_OUT,1423578.71,0.0
2024-04-02 13:20:00,2024-04-02 13:50:00,YELLOW,4,95.8,81.95,177.84,102.0,73.81,175.81,-526.97,147.16,45.97,-674.14,1422899.71,TIME_OUT,1423578.71,0.05
2024-04-02 13:55:00,2024-04-02 14:25:00,GREEN,8,99.0,75.7,174.79,98.05,76.81,174.86,39.09,245.4,90.91,-206.31,1422693.4,TIME_OUT,1423578.71,0.06
2024-04-02 14:30:00,2024-04-02 14:33:00,GREEN,8,105.6,70.85,176.54,107.45,92.55,200.0,12200.1,266.72,97.9,11933.38,1434626.78,TARGET,1434626.78,0.0
2024-04-02 14:35:00,2024-04-02 14:49:00,GREEN,8,103.0,71.2,174.29,105.4,92.05,197.45,12045.35,263.92,96.65,11781.42,1446408.2,TARGET,1446408.2,0.0
2024-04-02 14:55:00,2024-04-02 15:10:00,GREEN,8,87.75,85.5,173.34,84.31,86.21,170.51,-1467.4,241.36,89.4,-1708.76,1444699.44,EOD,1446408.2,0.12
2024-04-03 11:15:00,2024-04-03 11:45:00,GREEN,10,59.5,77.9,137.47,64.62,70.61,135.23,-1453.63,239.68,88.63,-1693.31,1443006.13,TIME_OUT,1446408.2,0.24
2024-04-03 11:50:00,2024-04-03 12:20:00,GREEN,10,62.4,72.65,135.12,55.47,79.56,135.03,-55.3,238.57,87.8,-293.87,1442712.25,TIME_OUT,1446408.2,0.26
2024-04-03 13:00:00,2024-04-03 13:30:00,YELLOW,5,70.1,66.05,136.22,65.67,64.92,130.58,-1830.85,140.8,43.36,-1971.65,1440740.6,TIME_OUT,1446408.2,0.39
2024-04-03 13:35:00,2024-04-03 14:05:00,YELLOW,5,64.55,65.85,130.47,82.21,58.27,140.48,3254.72,144.81,44.03,3109.91,1443850.51,TIME_OUT,1446408.2,0.18
2024-04-03 14:10:00,2024-04-03 14:29:00,YELLOW,5,54.55,71.95,126.56,77.41,72.61,150.02,7625.05,148.99,44.95,7476.06,1451326.57,TARGET,1451326.57,0.0
2024-04-05 10:10:00,2024-04-05 10:40:00,YELLOW,2,144.2,120.1,264.43,131.03,124.79,255.82,-1119.32,120.36,33.82,-1239.68,1450086.89,TIME_OUT,1451326.57,0.09
2024-04-05 10:45:00,2024-04-05 11:15:00,YELLOW,2,129.75,124.3,254.18,137.13,115.64,252.77,-182.45,118.94,32.95,-301.4,1449785.5,TIME_OUT,1451326.57,0.11
2024-04-05 11:20:00,2024-04-05 11:50:00,YELLOW,2,134.5,117.6,252.23,122.59,123.24,245.83,-831.87,117.36,32.37,-949.23,1448836.27,TIME_OUT,1451326.57,0.17
2024-04-05 11:55:00,2024-04-05 12:25:00,YELLOW,3,131.0,115.05,246.17,131.23,112.39,243.63,-496.26,151.06,47.76,-647.31,1448188.95,TIME_OUT,1451326.57,0.22
2024-04-05 12:30:00,2024-04-05 13:00:00,YELLOW,3,128.0,116.7,244.82,123.24,117.79,241.03,-739.62,150.1,47.37,-889.72,1447299.23,TIME_OUT,1451326.57,0.28
2024-04-05 13:05:00,2024-04-05 13:35:00,YELLOW,3,123.2,121.35,244.67,123.94,115.79,239.73,-963.73,149.68,47.23,-1113.41,1446185.83,TIME_OUT,1451326.57,0.35
2024-04-05 13:40:00,2024-04-05 14:10:00,YELLOW,3,121.4,118.05,239.57,127.99,110.14,238.13,-280.58,148.59,46.58,-429.17,1445756.66,TIME_OUT,1451326.57,0.38
2024-04-05 14:15:00,2024-04-05 14:45:00,GREEN,6,123.85,112.1,236.07,118.89,114.19,233.08,-1163.98,246.05,91.48,-1410.04,1444346.62,TIME_OUT,1451326.57,0.48
2024-04-05 14:55:00,2024-04-05 15:10:00,GREEN,6,117.5,114.55,232.17,134.68,100.9,235.58,1332.29,246.71,91.21,1085.58,1445432.2,EOD,1451326.57,0.41
2024-04-08 10:20:00,2024-04-08 10:50:00,YELLOW,3,116.65,87.5,204.25,116.94,81.86,198.8,-1063.05,132.34,39.3,-1195.38,1444236.81,TIME_OUT,1451326.57,0.49
2024-04-09 10:30:00,2024-04-09 11:00:00,YELLOW,5,82.85,60.65,143.57,79.56,62.32,141.88,-550.14,148.05,46.39,-698.18,1443538.63,TIME_OUT,1451326.57,0.54
2024-04-09 11:15:00,2024-04-09 11:45:00,YELLOW,5,71.5,68.3,139.87,75.81,60.22,136.03,-1247.33,144.31,44.83,-1391.65,1442146.99,TIME_OUT,1451326.57,0.63
2024-04-09 11:50:00,2024-04-09 12:20:00,GREEN,10,75.85,59.4,135.32,87.51,55.37,142.88,4914.59,246.76,90.41,4667.83,1446814.81,TIME_OUT,1451326.57,0.31
2024-04-12 10:30:00,2024-04-12 11:00:00,GREEN,6,124.4,117.15,241.67,126.74,111.19,237.93,-1458.52,250.35,93.52,-1708.87,1445105.94,TIME_OUT,1451326.57,0.43
2024-04-12 11:25:00,2024-04-12 11:55:00,GREEN,6,113.2,117.5,230.82,117.34,112.44,229.79,-401.82,242.8,89.82,-644.62,1444461.32,TIME_OUT,1451326.57,0.47
2024-04-12 12:05:00,2024-04-12 12:35:00,YELLOW,3,115.8,112.9,228.81,133.73,102.55,236.28,1456.15,146.78,45.35,1309.37,1445770.69,TIME_OUT,1451326.57,0.38
2024-04-12 13:25:00,2024-04-12 13:55:00,YELLOW,3,146.1,100.0,246.22,121.44,117.69,239.13,-1383.07,149.67,47.32,-1532.74,1444237.95,TIME_OUT,1451326.57,0.49
2024-04-12 14:00:00,2024-04-12 14:30:00,GREEN,6,122.1,117.0,239.22,134.63,109.35,243.98,1855.78,253.54,94.22,1602.24,1445840.19,TIME_OUT,1451326.57,0.38
2024-04-12 14:35:00,2024-04-12 15:05:00,GREEN,6,141.15,101.4,242.67,128.74,109.95,238.68,-1556.36,251.04,93.86,-1807.41,1444032.78,TIME_OUT,1451326.57,0.5
2024-04-15 11:35:00,2024-04-15 11:48:00,YELLOW,3,126.0,98.3,224.41,157.47,97.75,255.22,6007.98,152.15,46.76,5855.83,1449888.62,TARGET,1451326.57,0.1
2024-04-15 11:55:00,2024-04-15 12:25:00,YELLOW,3,148.35,81.95,230.42,130.73,90.05,220.79,-1876.99,142.17,43.99,-2019.16,1447869.46,TIME_OUT,1451326.57,0.24
2024-04-15 12:35:00,2024-04-15 13:05:00,YELLOW,3,117.1,99.2,216.41,108.95,107.35,216.29,-22.69,139.16,42.19,-161.85,1447707.61,TIME_OUT,1451326.57,0.25
2024-04-15 13:45:00,2024-04-15 14:15:00,YELLOW,3,113.55,97.3,210.96,106.9,102.55,209.45,-294.49,136.41,40.99,-430.9,1447276.71,TIME_OUT,1451326.57,0.28
2024-04-15 14:25:00,2024-04-15 14:55:00,YELLOW,3,123.2,90.65,213.96,122.84,86.96,209.8,-811.57,136.86,41.32,-948.43,1446328.28,TIME_OUT,1451326.57,0.34
2024-04-16 10:25:00,2024-04-16 10:55:00,GREEN,8,98.0,78.2,176.29,75.31,99.6,174.91,-715.31,245.9,91.31,-961.21,1445367.07,TIME_OUT,1451326.57,0.41
2024-04-16 11:00:00,2024-04-16 11:30:00,GREEN,9,76.15,86.55,162.78,72.21,87.61,159.82,-1732.36,252.04,94.36,-1984.4,1443382.67,TIME_OUT,1451326.57,0.55
2024-04-16 11:35:00,2024-04-16 12:05:00,YELLOW,4,73.5,84.15,157.73,78.31,80.96,159.27,400.79,137.24,41.21,263.55,1443646.22,TIME_OUT,1451326.57,0.53
2024-04-16 13:30:00,2024-04-16 14:00:00,YELLOW,4,83.1,83.7,166.88,68.12,92.5,160.62,-1628.57,139.2,42.58,-1767.78,1441878.45,TIME_OUT,1451326.57,0.65
2024-04-16 14:25:00,2024-04-16 14:48:00,GREEN,9,62.7,89.5,152.28,90.15,91.7,181.86,17306.01,268.91,97.73,17037.1,1458915.54,TARGET,1458915.54,0.0
2024-04-16 15:00:00,2024-04-16 15:03:00,GREEN,9,66.7,92.15,158.93,89.26,89.56,178.81,11630.46,268.38,98.79,11362.08,1470277.63,TARGET,1470277.63,0.0
2024-04-19 10:20:00,2024-04-19 10:50:00,GREEN,4,172.15,170.6,342.92,181.66,166.42,348.08,1340.17,243.7,89.83,1096.47,1471374.1,TIME_OUT,1471374.1,0.0
2024-04-19 11:05:00,2024-04-19 11:35:00,GREEN,4,180.55,166.75,347.47,175.36,168.92,344.28,-830.93,242.83,89.93,-1073.75,1470300.34,TIME_OUT,1471374.1,0.07
2024-04-19 13:30:00,2024-04-19 14:00:00,GREEN,4,156.5,189.25,345.92,158.07,174.26,332.33,-3533.17,237.65,88.17,-3770.82,1466529.52,TIME_OUT,1471374.1,0.33
2024-04-19 14:40:00,2024-04-19 15:10:00,GREEN,4,152.0,179.0,331.17,135.18,173.21,308.4,-5920.14,225.49,83.14,-6145.63,1460383.89,TIME_OUT,1471374.1,0.75
2024-04-22 10:10:00,2024-04-22 10:40:00,GREEN,5,111.45,153.95,265.53,118.74,140.38,259.12,-2084.01,232.02,85.26,-2316.02,1458067.86,TIME_OUT,1471374.1,0.9
2024-04-22 11:45:00,2024-04-22 12:15:00,YELLOW,2,117.15,134.0,251.28,118.89,132.38,251.27,-0.17,118.41,32.67,-118.58,1457949.29,TIME_OUT,1471374.1,0.91
2024-04-22 13:00:00,2024-04-22 13:30:00,YELLOW,2,131.4,130.1,261.63,132.93,123.74,256.67,-644.69,120.32,33.69,-765.01,1457184.28,TIME_OUT,1471374.1,0.96
2024-04-22 13:35:00,2024-04-22 14:05:00,YELLOW,2,108.95,146.15,255.23,115.54,130.28,245.83,-1222.07,117.59,32.57,-1339.66,1455844.62,TIME_OUT,1471374.1,1.06
2024-04-22 14:15:00,2024-04-22 14:45:00,YELLOW,3,116.5,129.1,245.72,128.89,112.44,241.33,-856.74,150.29,47.49,-1007.03,1454837.59,TIME_OUT,1471374.1,1.12
2024-04-22 14:50:00,2024-04-22 15:10:00,YELLOW,3,132.55,108.9,241.57,136.88,100.05,236.93,-904.65,148.45,46.65,-1053.11,1453784.48,EOD,1471374.1,1.2
2024-04-23 10:30:00,2024-04-23 11:00:00,GREEN,7,93.1,101.85,195.05,80.46,116.34,196.8,798.1,241.94,89.15,556.17,1454340.65,TIME_OUT,1471374.1,1.16
2024-04-23 11:20:00,2024-04-23 11:50:00,GREEN,7,86.85,104.9,191.85,80.96,106.45,187.41,-2020.03,234.28,86.28,-2254.31,1452086.34,TIME_OUT,1471374.1,1.31
2024-04-23 12:10:00,2024-04-23 12:40:00,YELLOW,4,98.4,86.0,184.49,97.0,84.26,181.26,-840.55,150.43,47.55,-990.98,1451095.36,TIME_OUT,1471374.1,1.38
2024-04-23 12:45:00,2024-04-23 13:15:00,YELLOW,4,83.95,97.75,181.79,80.01,101.8,181.81,4.73,150.25,47.27,-145.51,1450949.84,TIME_OUT,1471374.1,1.39
2024-04-23 13:30:00,2024-04-23 14:00:00,GREEN,8,84.95,94.9,179.94,85.81,90.75,176.56,-1756.69,248.39,92.69,-2005.08,1448944.77,TIME_OUT,1471374.1,1.52
2024-04-23 14:10:00,2024-04-23 14:40:00,GREEN,8,77.65,101.6,179.34,85.46,87.71,173.16,-3211.65,245.39,91.65,-3457.04,1445487.72,TIME_OUT,1471374.1,1.76
2024-04-23 14:45:00,2024-04-23 15:10:00,GREEN,8,87.8,85.05,172.94,98.65,82.66,181.31,4353.9,250.16,92.1,4103.73,1449591.45,EOD,1471374.1,1.48
2024-04-24 11:05:00,2024-04-24 11:35:00,YELLOW,5,78.9,62.2,141.17,81.26,57.57,138.83,-760.5,146.01,45.5,-906.51,1448684.94,TIME_OUT,1471374.1,1.54
2024-04-24 11:40:00,2024-04-24 12:10:00,YELLOW,5,78.5,59.1,137.67,77.76,58.07,135.83,-596.94,143.79,44.44,-740.73,1447944.21,TIME_OUT,1471374.1,1.59
2024-04-24 12:15:00,2024-04-24 12:45:00,YELLOW,5,80.0,56.8,136.87,75.26,58.67,133.93,-954.01,142.65,44.01,-1096.66,1446847.55,TIME_OUT,1471374.1,1.67
2024-04-24 12:50:00,2024-04-24 13:20:00,YELLOW,5,73.3,62.25,135.62,73.36,58.77,132.13,-1132.26,141.48,43.51,-1273.74,1445573.81,TIME_OUT,1471374.1,1.75
2024-04-24 13:40:00,2024-04-24 14:10:00,YELLOW,5,68.4,61.45,129.91,63.22,61.57,124.79,-1666.39,136.6,41.39,-1802.98,1443770.82,TIME_OUT,1471374.1,1.88
2024-04-24 14:15:00,2024-04-24 14:45:00,YELLOW,5,66.35,58.35,124.76,67.17,60.27,127.44,869.02,136.98,40.98,732.04,1444502.87,TIME_OUT,1471374.1,1.83
2024-04-26 10:50:00,2024-04-26 11:20:00,GREEN,5,140.25,137.4,277.79,162.97,115.44,278.41,202.12,244.33,90.38,-42.22,1444460.65,TIME_OUT,1471374.1,1.83
2024-04-26 11:25:00,2024-04-26 11:55:00,GREEN,5,139.8,131.15,271.09,161.37,113.69,275.06,1292.5,241.32,88.75,1051.18,1445511.83,TIME_OUT,1471374.1,1.76
2024-04-26 12:00:00,2024-04-26 12:30:00,GREEN,5,154.9,119.2,274.24,160.37,112.99,273.36,-283.99,241.05,88.99,-525.03,1444986.8,TIME_OUT,1471374.1,1.79
2024-04-26 12:50:00,2024-04-26 13:20:00,GREEN,5,154.3,120.15,274.59,146.88,122.79,269.67,-1599.69,239.2,88.44,-1838.89,1443147.91,TIME_OUT,1471374.1,1.92
2024-04-26 14:15:00,2024-04-26 14:45:00,GREEN,5,164.05,100.65,264.83,166.52,98.8,265.32,157.6,235.08,86.15,-77.48,1443070.42,TIME_OUT,1471374.1,1.92
2024-04-26 14:50:00,2024-04-26 15:10:00,GREEN,5,174.3,93.75,268.18,179.71,93.2,272.91,1537.07,239.65,87.93,1297.42,1444367.84,EOD,1471374.1,1.84
2024-04-29 11:05:00,2024-04-29 11:35:00,GREEN,6,127.15,89.65,216.91,127.34,90.75,218.09,461.18,232.35,84.82,228.83,1444596.67,TIME_OUT,1471374.1,1.82
2024-04-29 11:45:00,2024-04-29 12:15:00,GREEN,6,133.9,86.2,220.21,133.33,85.21,218.54,-651.06,233.39,85.56,-884.44,1443712.23,TIME_OUT,1471374.1,1.88
2024-04-29 12:55:00,2024-04-29 13:25:00,YELLOW,3,146.75,77.65,224.51,142.93,78.96,221.89,-511.52,141.83,43.52,-653.35,1443058.87,TIME_OUT,1471374.1,1.92
2024-04-29 14:10:00,2024-04-29 14:40:00,YELLOW,3,136.35,84.4,220.86,115.29,92.05,207.35,-2635.25,136.9,41.75,-2772.15,1440286.73,TIME_OUT,1471374.1,2.11
2024-04-30 10:35:00,2024-04-30 11:05:00,GREEN,8,83.55,85.35,168.98,113.09,67.62,180.71,6097.08,248.46,90.92,5848.62,1446135.35,TIME_OUT,1471374.1,1.72
2024-04-30 11:10:00,2024-04-30 11:13:00,YELLOW,4,85.85,81.5,167.43,113.49,83.16,196.65,7596.67,154.18,47.33,7442.49,1453577.84,TARGET,1471374.1,1.21
2024-04-30 11:15:00,2024-04-30 11:20:00,YELLOW,4,87.75,80.9,168.73,109.95,89.06,199.0,7869.19,155.35,47.81,7713.84,1461291.68,TARGET,1471374.1,0.69
2024-04-30 11:25:00,2024-04-30 11:55:00,YELLOW,4,87.1,81.95,169.13,80.46,87.36,167.82,-342.8,142.52,43.8,-485.32,1460806.35,TIME_OUT,1471374.1,0.72
2024-04-30 12:00:00,2024-04-30 12:30:00,YELLOW,4,87.3,78.85,166.23,89.31,75.86,165.17,-277.08,140.98,43.08,-418.06,1460388.29,TIME_OUT,1471374.1,0.75
2024-04-30 12:35:00,2024-04-30 13:05:00,YELLOW,4,92.7,72.75,165.53,79.31,81.36,160.67,-1264.41,139.01,42.41,-1403.42,1458984.87,TIME_OUT,1471374.1,0.84
2024-04-30 13:20:00,2024-04-30 13:50:00,GREEN,8,107.35,64.8,172.24,78.86,84.56,163.42,-4585.27,235.16,87.27,-4820.43,1454164.45,TIME_OUT,1471374.1,1.17
2024-04-30 14:40:00,2024-04-30 15:02:00,GREEN,9,82.45,71.35,153.88,115.09,60.22,175.31,12539.71,263.38,96.29,12276.33,1466440.78,TARGET,1471374.1,0.34
2024-05-02 12:35:00,2024-05-02 12:51:00,YELLOW,7,48.65,32.0,80.69,64.37,34.23,98.6,8149.21,140.19,40.79,8009.02,1474449.79,TARGET,1474449.79,0.0
2024-05-03 12:20:00,2024-05-03 12:50:00,YELLOW,2,183.65,136.55,320.36,182.21,128.74,310.94,-1224.03,136.04,41.03,-1360.08,1473089.72,TIME_OUT,1474449.79,0.09
2024-05-03 14:10:00,2024-05-03 14:40:00,YELLOW,2,182.1,132.1,314.36,171.01,127.44,298.45,-2067.83,133.0,39.83,-2200.83,1470888.88,TIME_OUT,1474449.79,0.24
2024-05-06 09:45:00,2024-05-06 10:15:00,YELLOW,2,143.75,141.1,284.99,161.67,125.24,286.91,248.83,128.36,37.17,120.46,1471009.35,TIME_OUT,1474449.79,0.23
2024-05-06 10:30:00,2024-05-06 11:00:00,YELLOW,2,147.2,128.1,275.44,134.08,129.84,263.92,-1497.56,122.88,35.06,-1620.44,1469388.91,TIME_OUT,1474449.79,0.34
2024-05-07 12:45:00,2024-05-07 13:15:00,YELLOW,3,124.05,111.95,236.12,113.19,121.69,234.88,-240.92,147.19,45.92,-388.11,1469000.8,TIME_OUT,1474449.79,0.37
2024-05-07 14:35:00,2024-05-07 15:05:00,YELLOW,3,106.15,114.45,220.71,115.04,100.25,215.29,-1056.51,139.34,42.51,-1195.85,1467804.94,TIME_OUT,1474449.79,0.45
2024-05-08 11:10:00,2024-05-08 11:22:00,YELLOW,4,103.0,76.7,179.79,108.4,96.95,205.35,6644.93,159.67,50.07,6485.26,1474290.2,TARGET,1474449.79,0.01
2024-05-08 12:35:00,2024-05-08 13:05:00,GREEN,8,106.85,72.4,179.34,88.16,83.21,171.36,-4147.18,243.91,91.18,-4391.09,1469899.12,TIME_OUT,1474449.79,0.31
2024-05-08 13:10:00,2024-05-08 13:40:00,GREEN,8,104.0,69.8,173.89,85.51,81.61,167.12,-3520.66,238.72,88.66,-3759.38,1466139.74,TIME_OUT,1474449.79,0.56
2024-05-08 14:40:00,2024-05-08 15:10:00,YELLOW,4,93.15,62.9,156.13,71.81,73.81,145.63,-2730.23,131.35,39.23,-2861.58,1463278.16,TIME_OUT,1474449.79,0.76
2024-05-10 10:40:00,2024-05-10 11:10:00,GREEN,4,175.8,145.4,321.36,179.26,146.03,325.29,1020.94,230.97,84.06,789.97,1464068.12,TIME_OUT,1474449.79,0.7
2024-05-10 11:15:00,2024-05-10 11:45:00,GREEN,4,180.15,143.75,324.06,170.81,147.18,317.99,-1578.47,228.37,83.47,-1806.84,1462261.29,TIME_OUT,1474449.79,0.83
2024-05-10 11:50:00,2024-05-10 12:20:00,GREEN,4,163.9,154.2,318.26,162.17,153.12,315.29,-771.36,226.36,82.36,-997.72,1461263.56,TIME_OUT,1474449.79,0.89
2024-05-10 12:35:00,2024-05-10 13:05:00,GREEN,4,161.4,153.25,314.81,171.91,147.83,319.74,1282.51,227.67,82.49,1054.84,1462318.4,TIME_OUT,1474449.79,0.82
2024-05-10 13:25:00,2024-05-10 13:55:00,GREEN,4,162.85,152.65,315.66,162.37,143.83,306.2,-2459.84,222.2,80.84,-2682.04,1459636.36,TIME_OUT,1474449.79,1.0
2024-05-10 14:15:00,2024-05-10 14:45:00,GREEN,4,146.75,157.25,304.15,153.02,145.13,298.15,-1560.3,217.11,78.3,-1777.41,1457858.94,TIME_OUT,1474449.79,1.13
2024-05-10 14:50:00,2024-05-10 15:10:00,GREEN,4,147.9,153.7,301.75,163.87,131.33,295.2,-1702.6,215.53,77.6,-1918.13,1455940.82,EOD,1474449.79,1.26
2024-05-13 10:25:00,2024-05-13 10:55:00,YELLOW,2,139.9,150.95,291.0,151.22,132.38,283.61,-960.35,128.14,37.35,-1088.49,1454852.32,TIME_OUT,1474449.79,1.33
2024-05-13 11:00:00,2024-05-13 11:30:00,YELLOW,2,157.1,125.85,283.09,134.38,138.18,272.56,-1368.62,125.25,36.12,-1493.87,1453358.46,TIME_OUT,1474449.79,1.43
2024-05-13 15:00:00,2024-05-13 15:10:00,YELLOW,3,125.45,115.7,241.27,125.19,116.54,241.73,89.41,149.91,47.09,-60.5,1453297.96,EOD,1474449.79,1.43
2024-05-14 10:15:00,2024-05-14 10:45:00,YELLOW,3,119.1,110.7,229.91,109.99,113.49,223.49,-1253.21,142.94,44.21,-1396.15,1451901.81,TIME_OUT,1474449.79,1.53
2024-05-14 11:25:00,2024-05-14 11:55:00,GREEN,6,122.55,95.6,218.26,93.5,122.44,215.94,-903.67,231.33,84.67,-1135.0,1450766.81,TIME_OUT,1474449.79,1.61
2024-05-14 12:00:00,2024-05-14 12:30:00,GREEN,7,94.4,115.05,209.55,97.1,108.4,205.5,-1846.17,252.12,94.42,-2098.3,1448668.51,TIME_OUT,1474449.79,1.75
2024-05-14 12:35:00,2024-05-14 13:00:00,YELLOW,3,99.2,104.95,204.25,124.24,109.65,233.88,5778.03,143.21,42.72,5634.82,1454303.33,TARGET,1474449.79,1.37
2024-05-14 13:15:00,2024-05-14 13:45:00,YELLOW,3,120.1,89.15,209.35,98.85,112.34,211.19,358.75,136.77,41.0,221.98,1454525.31,TIME_OUT,1474449.79,1.35
2024-05-14 14:15:00,2024-05-14 14:45:00,YELLOW,3,95.15,102.9,198.15,96.35,100.0,196.35,-350.46,130.88,38.46,-481.34,1454043.97,TIME_OUT,1474449.79,1.38
2024-05-15 10:55:00,2024-05-15 11:25:00,GREEN,8,73.2,107.9,181.19,92.05,76.86,168.92,-6383.03,242.45,91.03,-6625.47,1447418.5,TIME_OUT,1474449.79,1.83
2024-05-15 11:35:00,2024-05-15 12:05:00,GREEN,8,70.3,104.75,175.14,90.6,79.56,170.16,-2585.78,241.62,89.78,-2827.4,1444591.09,TIME_OUT,1474449.79,2.03
2024-05-15 13:00:00,2024-05-15 13:30:00,GREEN,8,72.45,92.8,165.33,63.47,100.05,163.52,-943.5,233.12,85.5,-1176.62,1443414.47,TIME_OUT,1474449.79,2.1
2024-05-15 13:45:00,2024-05-15 14:15:00,GREEN,9,62.95,98.55,161.58,84.36,74.26,158.62,-1731.66,250.51,93.66,-1982.17,1441432.3,TIME_OUT,1474449.79,2.24
2024-05-15 14:25:00,2024-05-15 14:55:00,YELLOW,4,62.7,89.7,152.48,86.41,64.17,150.57,-494.4,132.84,39.4,-627.23,1440805.07,TIME_OUT,1474449.79,2.28
2024-05-15 15:00:00,2024-05-15 15:10:00,GREEN,10,63.0,79.75,142.82,82.26,64.32,146.58,2440.95,253.46,94.05,2187.49,1442992.55,EOD,1474449.79,2.13
2024-05-17 10:05:00,2024-05-17 10:35:00,GREEN,4,161.75,138.0,299.9,144.73,152.02,296.75,-818.56,215.88,77.56,-1034.45,1441958.11,TIME_OUT,1474449.79,2.2
2024-05-17 11:25:00,2024-05-17 11:55:00,GREEN,5,146.7,144.75,291.6,128.74,155.22,283.96,-2482.28,249.85,93.53,-2732.13,1439225.98,TIME_OUT,1474449.79,2.39
2024-05-17 12:00:00,2024-05-17 12:30:00,GREEN,5,128.65,155.1,283.89,148.78,137.53,286.31,784.84,249.59,92.66,535.26,1439761.24,TIME_OUT,1474449.79,2.35
2024-05-17 12:35:00,2024-05-17 13:05:00,GREEN,5,126.45,157.4,283.99,142.13,143.78,285.91,622.39,249.4,92.61,372.99,1440134.23,TIME_OUT,1474449.79,2.33
2024-05-17 13:10:00,2024-05-17 13:40:00,GREEN,5,145.45,139.2,284.79,148.53,129.89,278.41,-2074.02,245.68,91.52,-2319.7,1437814.53,TIME_OUT,1474449.79,2.48
2024-05-17 13:45:00,2024-05-17 14:15:00,GREEN,5,127.75,144.75,272.64,129.19,141.08,270.26,-770.72,239.14,88.22,-1009.86,1436804.68,TIME_OUT,1474449.79,2.55
2024-05-17 14:25:00,2024-05-17 14:55:00,GREEN,5,155.8,119.0,274.94,142.43,149.23,291.65,5432.93,250.63,92.07,5182.3,1441986.97,TIME_OUT,1474449.79,2.2
2024-05-18 09:50:00,2024-05-18 11:50:00,GREEN,5,120.75,128.75,249.62,121.84,109.95,231.78,-5798.23,214.84,78.23,-6013.07,1435973.9,TIME_OUT,1474449.79,2.61
2024-05-18 12:05:00,2024-05-21 09:17:00,GREEN,6,122.6,110.6,233.32,159.22,102.7,261.92,11154.93,263.3,96.57,10891.62,1446865.53,TARGET,1474449.79,1.87
2024-05-21 14:35:00,2024-05-21 15:05:00,YELLOW,3,105.4,92.65,198.15,101.4,98.4,199.8,321.95,131.95,38.8,190.0,1447055.53,TIME_OUT,1474449.79,1.86
2024-05-22 11:05:00,2024-05-22 11:35:00,YELLOW,4,79.7,94.9,174.69,87.81,79.81,167.62,-1838.5,143.29,44.5,-1981.79,1445073.75,TIME_OUT,1474449.79,1.99
2024-05-22 11:45:00,2024-05-22 12:15:00,YELLOW,4,83.8,84.3,168.18,92.65,72.81,165.47,-706.37,141.4,43.37,-847.78,1444225.97,TIME_OUT,1474449.79,2.05
2024-05-22 12:20:00,2024-05-22 12:50:00,YELLOW,4,76.0,87.0,163.08,98.0,70.71,168.72,1464.87,141.96,43.13,1322.9,1445548.87,TIME_OUT,1474449.79,1.96
2024-05-22 12:55:00,2024-05-22 13:25:00,YELLOW,4,90.75,73.25,164.08,96.45,65.67,162.12,-510.41,139.39,42.41,-649.8,1444899.07,TIME_OUT,1474449.79,2.0
2024-05-22 13:30:00,2024-05-22 13:41:00,YELLOW,4,72.9,82.2,155.18,96.45,86.36,182.81,7184.06,146.58,43.94,7037.48,1451936.56,TARGET,1474449.79,1.53
2024-05-22 13:45:00,2024-05-22 14:15:00,YELLOW,4,66.85,85.7,152.63,88.31,77.66,165.97,3468.58,139.22,41.42,3329.36,1455265.91,TIME_OUT,1474449.79,1.3
2024-05-22 14:20:00,2024-05-22 14:30:00,GREEN,10,74.1,73.2,147.37,98.85,72.81,171.66,15788.81,281.13,103.69,15507.68,1470773.59,TARGET,1474449.79,0.25
2024-05-24 10:25:00,2024-05-24 10:55:00,GREEN,4,196.65,144.05,340.87,203.4,132.28,335.68,-1348.95,238.26,87.95,-1587.21,1469186.38,TIME_OUT,1474449.79,0.36
2024-05-24 11:10:00,2024-05-24 11:40:00,GREEN,4,199.25,135.95,335.37,197.45,134.08,331.53,-996.7,235.7,86.7,-1232.4,1467953.98,TIME_OUT,1474449.79,0.44
2024-05-24 11:45:00,2024-05-24 12:15:00,GREEN,4,169.0,155.2,324.36,193.75,133.48,327.24,747.29,232.24,84.71,515.06,1468469.04,TIME_OUT,1474449.79,0.41
2024-05-24 12:20:00,2024-05-24 12:50:00,GREEN,4,190.4,137.55,328.11,171.66,148.38,320.04,-2099.26,229.84,84.26,-2329.1,1466139.94,TIME_OUT,1474449.79,0.56
2024-05-24 13:30:00,2024-05-24 14:00:00,GREEN,4,192.65,128.65,321.46,185.26,134.13,319.39,-538.31,228.55,83.31,-766.86,1465373.08,TIME_OUT,1474449.79,0.62
2024-05-24 14:05:00,2024-05-24 14:35:00,GREEN,4,186.7,131.25,318.11,170.61,144.08,314.69,-888.26,226.09,82.26,-1114.36,1464258.72,TIME_OUT,1474449.79,0.69
2024-05-24 14:40:00,2024-05-24 15:10:00,GREEN,4,171.6,143.1,314.86,177.36,130.53,307.9,-1809.96,222.78,80.96,-2032.74,1462225.98,TIME_OUT,1474449.79,0.83
2024-05-27 09:55:00,2024-05-27 10:25:00,GREEN,5,182.0,116.3,298.45,155.82,129.29,285.11,-4336.08,251.76,94.83,-4587.83,1457638.15,TIME_OUT,1474449.79,1.14
2024-05-27 10:30:00,2024-05-27 11:00:00,GREEN,5,158.85,124.85,283.84,168.32,109.85,278.16,-1846.32,245.37,91.33,-2091.69,1455546.46,TIME_OUT,1474449.79,1.28
2024-05-27 11:10:00,2024-05-27 11:40:00,GREEN,5,160.1,117.3,277.54,175.31,100.8,276.11,-463.72,243.1,89.97,-706.82,1454839.64,TIME_OUT,1474449.79,1.33
2024-05-27 11:45:00,2024-05-27 12:15:00,GREEN,5,187.25,93.4,280.79,192.7,95.75,288.46,2491.25,250.1,92.5,2241.15,1457080.79,TIME_OUT,1474449.79,1.18
2024-05-27 12:55:00,2024-05-27 13:25:00,GREEN,5,185.65,100.0,285.79,163.67,109.8,273.46,-4007.13,243.31,90.88,-4250.44,1452830.35,TIME_OUT,1474449.79,1.47
2024-05-27 13:30:00,2024-05-27 14:00:00,GREEN,5,169.65,103.5,273.29,157.57,111.84,269.42,-1258.19,238.82,88.19,-1497.01,1451333.33,TIME_OUT,1474449.79,1.57
2024-05-27 14:10:00,2024-05-27 14:40:00,GREEN,5,192.25,90.15,282.54,168.17,103.45,271.61,-3551.3,241.73,90.05,-3793.03,1447540.3,TIME_OUT,1474449.79,1.83
2024-05-28 10:10:00,2024-05-28 10:40:00,YELLOW,2,136.85,122.8,259.78,130.83,115.49,246.33,-1748.9,118.04,32.9,-1866.94,1445673.36,TIME_OUT,1474449.79,1.95
2024-05-28 11:05:00,2024-05-28 11:35:00,YELLOW,2,155.7,95.6,251.43,136.58,109.5,246.08,-695.34,117.35,32.34,-812.69,1444860.68,TIME_OUT,1474449.79,2.01
2024-05-28 12:00:00,2024-05-28 12:30:00,YELLOW,3,134.4,110.15,244.67,152.37,97.05,249.43,926.83,152.68,48.17,774.14,1445634.82,TIME_OUT,1474449.79,1.95
2024-05-28 13:00:00,2024-05-28 13:30:00,YELLOW,3,123.15,110.15,233.42,130.63,102.8,233.43,3.23,146.43,45.52,-143.2,1445491.62,TIME_OUT,1474449.79,1.96
2024-05-28 13:55:00,2024-05-28 14:25:00,YELLOW,3,119.95,107.7,227.76,119.94,106.0,225.94,-356.24,143.46,44.24,-499.69,1444991.93,TIME_OUT,1474449.79,2.0
2024-05-29 11:35:00,2024-05-29 12:05:00,YELLOW,3,121.4,84.25,205.75,104.15,94.0,198.15,-1482.38,132.31,39.38,-1614.69,1443377.24,TIME_OUT,1474449.79,2.11
2024-05-29 12:20:00,2024-05-29 12:50:00,YELLOW,3,108.7,87.9,196.7,109.95,79.71,189.66,-1373.42,128.63,37.67,-1502.05,1441875.19,TIME_OUT,1474449.79,2.21
2024-05-29 12:55:00,2024-05-29 13:25:00,YELLOW,3,121.5,75.75,197.35,97.25,91.85,189.11,-1607.43,128.54,37.68,-1735.97,1440139.22,TIME_OUT,1474449.79,2.33
2024-05-29 13:40:00,2024-05-29 14:10:00,YELLOW,3,120.0,73.2,193.3,101.7,91.7,193.4,20.8,129.4,37.7,-108.61,1440030.62,TIME_OUT,1474449.79,2.33
2024-05-29 14:55:00,2024-05-29 15:10:00,GREEN,8,115.45,65.7,181.24,113.49,64.02,177.51,-1939.27,249.57,93.28,-2188.85,1437841.77,EOD,1474449.79,2.48
2024-05-31 11:10:00,2024-05-31 11:40:00,YELLOW,1,428.7,366.9,796.0,402.1,377.91,780.01,-1039.22,158.34,51.22,-1197.56,1436644.21,TIME_OUT,1474449.79,2.56
2024-05-31 11:50:00,2024-05-31 12:20:00,YELLOW,1,398.15,378.05,776.59,417.24,363.52,780.76,271.14,157.67,50.61,113.46,1436757.67,TIME_OUT,1474449.79,2.56
2024-05-31 12:35:00,2024-05-31 13:05:00,YELLOW,1,412.5,366.1,778.99,402.65,370.01,772.66,-411.18,156.93,50.43,-568.11,1436189.56,TIME_OUT,1474449.79,2.59
2024-05-31 13:10:00,2024-05-31 13:40:00,YELLOW,1,404.2,373.65,778.24,427.69,371.01,798.7,1330.0,159.59,51.25,1170.41,1437359.97,TIME_OUT,1474449.79,2.52
2024-05-31 14:15:00,2024-05-31 14:45:00,YELLOW,1,432.4,374.9,807.7,464.57,393.65,858.22,3283.61,166.87,54.14,3116.73,1440476.71,TIME_OUT,1474449.79,2.3
2024-06-03 10:40:00,2024-06-03 11:10:00,YELLOW,1,297.55,290.15,587.99,297.0,295.85,592.85,315.87,131.02,38.38,184.85,1440661.56,TIME_OUT,1474449.79,2.29
2024-06-03 11:20:00,2024-06-03 11:50:00,GREEN,2,282.2,307.0,589.49,294.85,298.25,593.1,469.13,215.01,76.87,254.12,1440915.68,TIME_OUT,1474449.79,2.27
2024-06-03 12:35:00,2024-06-03 13:05:00,YELLOW,1,313.4,274.35,588.04,310.74,282.36,593.1,328.86,131.05,38.39,197.81,1441113.49,TIME_OUT,1474449.79,2.26
2024-06-03 13:10:00,2024-06-03 13:40:00,YELLOW,1,315.7,283.0,599.0,308.4,301.15,609.55,685.47,133.17,39.28,552.3,1441665.8,TIME_OUT,1474449.79,2.22
2024-06-03 13:45:00,2024-06-03 14:15:00,YELLOW,1,312.85,296.8,609.95,307.7,314.09,621.79,769.22,134.85,40.03,634.36,1442300.16,TIME_OUT,1474449.79,2.18
2024-06-03 14:25:00,2024-06-03 14:55:00,YELLOW,1,313.0,306.3,619.61,319.39,314.49,633.88,927.76,136.47,40.74,791.29,1443091.45,TIME_OUT,1474449.79,2.13
2024-06-05 11:45:00,2024-06-05 12:15:00,YELLOW,1,156.85,236.7,393.75,166.07,239.33,405.4,757.28,104.2,25.97,653.08,1443744.53,TIME_OUT,1474449.79,2.08
2024-06-05 12:25:00,2024-06-05 12:55:00,YELLOW,1,159.15,242.65,402.0,161.57,225.89,387.46,-945.41,102.66,25.66,-1048.07,1442696.46,TIME_OUT,1474449.79,2.15
2024-06-07 10:20:00,2024-06-07 10:50:00,GREEN,3,214.3,227.75,442.27,211.89,219.54,431.43,-2113.19,231.85,85.19,-2345.04,1440351.43,TIME_OUT,1474449.79,2.31
2024-06-07 11:25:00,2024-06-07 11:55:00,GREEN,3,225.5,206.55,432.27,229.09,228.89,457.97,5012.45,238.93,86.8,4773.52,1445124.95,TIME_OUT,1474449.79,1.99
2024-06-07 12:40:00,2024-06-07 13:10:00,GREEN,3,237.65,218.3,456.18,219.69,234.08,453.77,-468.97,240.38,88.72,-709.35,1444415.61,TIME_OUT,1474449.79,2.04
2024-06-07 13:35:00,2024-06-07 14:05:00,GREEN,3,226.0,227.5,453.73,216.99,225.34,442.33,-2222.61,236.55,87.37,-2459.16,1441956.45,TIME_OUT,1474449.79,2.2
2024-06-07 14:35:00,2024-06-07 15:05:00,GREEN,3,227.4,205.05,432.67,209.25,216.44,425.69,-1360.94,228.96,83.69,-1589.9,1440366.54,TIME_OUT,1474449.79,2.31
2024-06-10 09:45:00,2024-06-10 10:15:00,GREEN,3,200.0,203.8,404.0,195.05,195.85,390.9,-2554.0,214.88,77.5,-2768.88,1437597.66,TIME_OUT,1474449.79,2.5
2024-06-10 11:05:00,2024-06-10 11:35:00,GREEN,3,181.2,196.35,377.74,171.96,201.4,373.36,-853.23,206.42,73.23,-1059.65,1436538.01,TIME_OUT,1474449.79,2.57
2024-06-10 11:50:00,2024-06-10 12:20:00,YELLOW,1,169.85,199.4,369.43,180.66,187.06,367.72,-111.71,99.37,23.96,-211.08,1436326.93,TIME_OUT,1474449.79,2.59
2024-06-10 12:40:00,2024-06-10 13:10:00,YELLOW,2,158.6,203.25,362.03,155.62,197.05,352.67,-1216.46,147.87,46.46,-1364.32,1434962.61,TIME_OUT,1474449.79,2.68
2024-06-10 13:30:00,2024-06-10 14:00:00,GREEN,4,153.2,200.8,354.18,171.06,173.51,344.58,-2495.84,243.98,90.84,-2739.82,1432222.79,TIME_OUT,1474449.79,2.86
2024-06-11 10:55:00,2024-06-11 11:25:00,YELLOW,2,152.4,119.65,272.19,147.68,122.34,270.01,-282.24,123.89,35.24,-406.13,1431816.66,TIME_OUT,1474449.79,2.89
2024-06-11 11:30:00,2024-06-11 12:00:00,GREEN,5,143.25,124.0,267.38,145.28,116.49,261.77,-1824.74,233.74,85.99,-2058.48,1429758.18,TIME_OUT,1474449.79,3.03
2024-06-11 12:05:00,2024-06-11 12:35:00,GREEN,5,143.35,118.65,262.13,144.03,112.64,256.67,-1774.3,230.1,84.31,-2004.4,1427753.78,TIME_OUT,1474449.79,3.17
2024-06-11 12:40:00,2024-06-11 13:10:00,GREEN,5,120.0,130.15,250.28,127.64,119.09,246.73,-1153.26,222.69,80.76,-1375.95,1426377.83,TIME_OUT,1474449.79,3.26
2024-06-11 13:15:00,2024-06-11 13:41:00,GREEN,5,121.25,124.7,246.07,160.12,116.19,276.31,9827.61,237.17,84.89,9590.44,1435968.27,TARGET,1474449.79,2.61
2024-06-11 14:00:00,2024-06-11 14:30:00,YELLOW,2,150.75,100.1,250.98,119.04,125.64,244.68,-818.72,117.02,32.22,-935.74,1435032.53,TIME_OUT,1474449.79,2.67
2024-06-11 14:50:00,2024-06-11 15:10:00,GREEN,6,106.15,127.45,233.72,134.68,121.89,256.57,8913.39,260.08,95.61,8653.31,1443685.84,EOD,1474449.79,2.09
2024-06-12 10:45:00,2024-06-12 10:48:00,GREEN,8,94.05,89.9,184.04,117.79,90.95,208.75,12845.87,276.25,102.12,12569.62,1456255.46,TARGET,1474449.79,1.23
2024-06-12 11:00:00,2024-06-12 11:30:00,GREEN,7,115.75,74.5,190.35,103.3,96.45,199.75,4279.25,242.81,88.75,4036.44,1460291.91,TIME_OUT,1474449.79,0.96
2024-06-12 11:45:00,2024-06-12 12:15:00,YELLOW,4,93.0,83.75,176.84,95.45,79.31,174.76,-539.71,146.57,45.71,-686.28,1459605.62,TIME_OUT,1474449.79,1.01
2024-06-12 12:35:00,2024-06-12 13:05:00,GREEN,8,87.3,85.3,172.69,88.41,82.41,170.81,-973.31,241.41,89.31,-1214.72,1458390.9,TIME_OUT,1474449.79,1.09
2024-06-12 13:15:00,2024-06-12 13:45:00,GREEN,8,81.95,87.6,169.63,82.56,85.96,168.52,-581.92,238.57,87.92,-820.49,1457570.41,TIME_OUT,1474449.79,1.14
2024-06-12 14:40:00,2024-06-12 15:10:00,GREEN,8,77.65,89.25,166.98,71.26,100.95,172.21,2719.81,240.82,88.19,2478.99,1460049.4,TIME_OUT,1474449.79,0.98
2024-06-14 10:50:00,2024-06-14 11:20:00,GREEN,6,123.4,123.75,247.27,117.64,124.29,241.93,-2084.39,254.12,95.39,-2338.51,1457710.89,TIME_OUT,1474449.79,1.14
2024-06-14 11:25:00,2024-06-14 11:55:00,GREEN,6,117.2,125.15,242.47,119.99,119.19,239.18,-1283.42,251.31,93.92,-1534.73,1456176.16,TIME_OUT,1474449.79,1.24
2024-06-14 12:00:00,2024-06-14 12:30:00,YELLOW,3,117.9,120.15,238.17,104.6,126.64,231.23,-1352.27,146.3,45.77,-1498.56,1454677.6,TIME_OUT,1474449.79,1.34
2024-06-14 12:35:00,2024-06-14 13:05:00,YELLOW,3,100.1,130.9,231.12,112.34,119.69,232.03,179.09,145.73,45.16,33.36,1454710.96,TIME_OUT,1474449.79,1.34
2024-06-14 13:25:00,2024-06-14 13:55:00,YELLOW,3,118.45,120.7,239.27,99.15,134.38,233.53,-1118.6,147.13,46.1,-1265.73,1453445.23,TIME_OUT,1474449.79,1.42
2024-06-14 14:10:00,2024-06-14 14:40:00,YELLOW,3,102.55,127.35,230.01,113.89,117.94,231.83,354.72,145.54,45.03,209.18,1453654.4,TIME_OUT,1474449.79,1.41
2024-06-18 11:35:00,2024-06-18 12:05:00,YELLOW,4,93.9,77.45,171.44,90.2,82.96,173.16,449.2,145.08,44.8,304.12,1453958.52,TIME_OUT,1474449.79,1.39
2024-06-18 12:55:00,2024-06-18 13:04:00,YELLOW,4,87.3,81.0,168.38,112.44,85.16,197.6,7596.42,154.72,47.58,7441.7,1461400.22,TARGET,1474449.79,0.89
2024-06-18 13:15:00,2024-06-18 13:45:00,YELLOW,4,88.3,79.2,167.58,88.61,76.51,165.12,-641.25,141.17,43.25,-782.42,1460617.81,TIME_OUT,1474449.79,0.94
2024-06-18 13:50:00,2024-06-18 14:20:00,YELLOW,4,84.2,80.0,164.28,83.96,79.56,163.52,-198.61,140.0,42.61,-338.61,1460279.19,TIME_OUT,1474449.79,0.96
2024-06-19 11:50:00,2024-06-19 12:20:00,YELLOW,4,76.15,89.45,165.68,77.31,82.56,159.87,-1511.32,138.71,42.32,-1650.03,1458629.16,TIME_OUT,1474449.79,1.07
2024-06-19 12:30:00,2024-06-19 13:00:00,YELLOW,4,77.6,82.75,160.43,72.11,88.41,160.52,23.28,138.17,41.72,-114.89,1458514.27,TIME_OUT,1474449.79,1.08
2024-06-19 13:25:00,2024-06-19 13:55:00,YELLOW,4,63.6,95.2,158.88,60.17,94.95,155.12,-976.82,135.7,40.82,-1112.52,1457401.75,TIME_OUT,1474449.79,1.16
2024-06-19 14:00:00,2024-06-19 14:30:00,YELLOW,4,75.45,78.3,153.83,61.72,86.56,148.28,-1443.27,132.09,39.27,-1575.37,1455826.39,TIME_OUT,1474449.79,1.26
2024-06-21 10:05:00,2024-06-21 10:35:00,GREEN,5,132.65,131.0,263.78,132.53,126.04,258.57,-1693.63,231.4,84.88,-1925.03,1453901.36,TIME_OUT,1474449.79,1.39
2024-06-21 11:30:00,2024-06-21 12:00:00,GREEN,5,154.1,116.75,270.99,133.58,127.19,260.77,-3320.16,233.91,86.41,-3554.07,1450347.28,TIME_OUT,1474449.79,1.63
2024-06-21 12:10:00,2024-06-21 12:40:00,GREEN,5,134.35,125.75,260.23,132.88,135.73,268.62,2725.31,235.91,85.94,2489.41,1452836.69,TIME_OUT,1474449.79,1.47
2024-06-21 13:25:00,2024-06-21 13:55:00,GREEN,5,125.35,148.1,273.59,127.89,131.63,259.52,-4571.63,233.77,86.63,-4805.4,1448031.29,TIME_OUT,1474449.79,1.79
2024-06-21 14:20:00,2024-06-21 14:50:00,GREEN,5,129.15,124.1,253.38,135.53,126.54,262.07,2824.99,231.21,83.76,2593.78,1450625.07,TIME_OUT,1474449.79,1.62
2024-06-24 10:05:00,2024-06-24 10:35:00,YELLOW,3,107.0,138.65,245.77,125.19,119.74,244.93,-164.84,151.42,47.84,-316.26,1450308.81,TIME_OUT,1474449.79,1.64
2024-06-24 10:55:00,2024-06-24 11:25:00,YELLOW,2,143.2,108.35,251.68,146.68,112.04,258.72,915.82,119.98,33.18,795.84,1451104.66,TIME_OUT,1474449.79,1.58
2024-06-25 11:00:00,2024-06-25 11:30:00,YELLOW,3,106.4,92.45,198.95,122.14,85.11,207.25,1617.9,134.35,39.6,1483.55,1452588.21,TIME_OUT,1474449.79,1.48
2024-06-25 11:40:00,2024-06-25 12:10:00,YELLOW,3,95.45,106.35,201.9,105.25,90.25,195.5,-1247.75,131.04,38.75,-1378.79,1451209.42,TIME_OUT,1474449.79,1.58
2024-06-25 12:15:00,2024-06-25 12:45:00,GREEN,7,104.1,91.0,195.2,106.25,100.7,206.95,5345.76,249.32,91.49,5096.44,1456305.86,TIME_OUT,1474449.79,1.23
2024-06-25 14:40:00,2024-06-25 15:10:00,YELLOW,3,111.1,97.25,208.45,119.64,84.16,203.8,-907.94,134.37,40.19,-1042.31,1455263.55,TIME_OUT,1474449.79,1.3
2024-06-26 10:10:00,2024-06-26 10:40:00,YELLOW,4,89.55,93.75,183.39,98.25,79.21,177.46,-1541.91,148.69,46.91,-1690.61,1453572.94,TIME_OUT,1474449.79,1.42
2024-06-26 12:20:00,2024-06-26 12:50:00,YELLOW,4,92.4,85.7,178.19,93.9,78.76,172.66,-1436.61,145.91,45.61,-1582.52,1451990.42,TIME_OUT,1474449.79,1.52
2024-06-26 12:55:00,2024-06-26 13:25:00,YELLOW,4,88.7,84.3,173.09,85.91,80.36,166.27,-1773.12,142.49,44.12,-1915.6,1450074.82,TIME_OUT,1474449.79,1.65
2024-06-26 13:30:00,2024-06-26 14:00:00,YELLOW,4,83.25,83.4,166.73,97.4,71.11,168.52,463.42,142.44,43.58,320.98,1450395.79,TIME_OUT,1474449.79,1.63
2024-06-26 14:10:00,2024-06-26 14:40:00,YELLOW,4,99.55,68.55,168.18,74.36,85.81,160.17,-2083.69,139.21,42.69,-2222.9,1448172.89,TIME_OUT,1474449.79,1.78
2024-06-26 14:45:00,2024-06-26 14:57:00,YELLOW,4,93.9,65.25,159.23,94.0,87.16,181.16,5701.75,146.52,44.25,5555.23,1453728.12,TARGET,1474449.79,1.41
2024-06-28 10:10:00,2024-06-28 10:40:00,GREEN,4,161.45,166.95,328.56,170.86,151.47,322.34,-1618.62,230.86,84.62,-1849.47,1451878.65,TIME_OUT,1474449.79,1.53
2024-06-28 10:45:00,2024-06-28 11:15:00,GREEN,4,169.75,151.75,321.66,172.21,143.73,315.94,-1486.89,227.15,82.89,-1714.04,1450164.61,TIME_OUT,1474449.79,1.65
2024-06-28 11:20:00,2024-06-28 11:50:00,GREEN,4,163.1,155.45,318.71,156.62,156.22,312.84,-1525.1,225.42,82.1,-1750.52,1448414.09,TIME_OUT,1474449.79,1.77
2024-06-28 12:05:00,2024-06-28 12:35:00,GREEN,4,181.75,138.8,320.71,170.61,148.18,318.79,-499.13,228.18,83.14,-727.32,1447686.77,TIME_OUT,1474449.79,1.82
2024-06-28 13:10:00,2024-06-28 13:40:00,GREEN,4,160.65,155.8,316.61,179.61,135.13,314.74,-485.08,225.88,82.08,-710.96,1446975.81,TIME_OUT,1474449.79,1.86
2024-06-28 14:30:00,2024-06-28 15:00:00,GREEN,4,171.1,129.7,300.95,182.21,120.49,302.7,454.53,218.5,78.47,236.02,1447211.83,TIME_OUT,1474449.79,1.85
2024-07-01 10:10:00,2024-07-01 10:40:00,GREEN,5,144.25,127.1,271.49,127.04,135.73,262.77,-2833.07,235.04,86.82,-3068.11,1444143.73,TIME_OUT,1474449.79,2.06
2024-07-01 10:45:00,2024-07-01 11:15:00,GREEN,5,129.15,134.1,263.38,149.53,114.39,263.92,174.31,234.08,85.69,-59.77,1444083.96,TIME_OUT,1474449.79,2.06
2024-07-01 11:20:00,2024-07-01 11:50:00,YELLOW,2,132.6,127.0,259.73,148.93,115.34,264.27,589.94,121.75,34.06,468.19,1444552.15,TIME_OUT,1474449.79,2.03
2024-07-01 13:40:00,2024-07-01 14:10:00,YELLOW,2,132.6,118.2,250.93,124.59,122.04,246.63,-558.84,117.42,32.34,-676.26,1443875.89,TIME_OUT,1474449.79,2.07
2024-07-01 14:20:00,2024-07-01 14:50:00,YELLOW,2,135.05,112.0,247.17,126.24,120.39,246.63,-71.1,117.14,32.1,-188.23,1443687.65,TIME_OUT,1474449.79,2.09
2024-07-01 14:55:00,2024-07-01 15:10:00,YELLOW,2,123.0,124.85,247.97,125.49,121.69,247.18,-103.68,117.31,32.18,-221.0,1443466.66,EOD,1474449.79,2.1
2024-07-02 11:35:00,2024-07-02 11:44:00,GREEN,6,111.95,103.05,215.11,141.48,105.1,246.58,12272.97,249.6,90.03,12023.37,1455490.03,TARGET,1474449.79,1.29
2024-07-02 11:45:00,2024-07-02 12:15:00,YELLOW,3,116.25,103.45,219.81,117.89,102.55,220.44,122.83,140.84,42.92,-18.01,1455472.02,TIME_OUT,1474449.79,1.29
2024-07-02 12:25:00,2024-07-02 12:55:00,GREEN,6,120.05,99.5,219.66,122.09,100.6,222.69,1181.24,235.83,86.26,945.41,1456417.43,TIME_OUT,1474449.79,1.22
2024-07-02 13:20:00,2024-07-02 13:50:00,YELLOW,3,114.85,100.85,215.81,127.79,87.81,215.59,-42.06,138.87,42.06,-180.93,1456236.49,TIME_OUT,1474449.79,1.24
2024-07-02 14:00:00,2024-07-02 14:30:00,YELLOW,3,126.4,88.45,214.96,100.6,107.2,207.8,-1396.47,136.36,41.22,-1532.83,1454703.67,TIME_OUT,1474449.79,1.34
2024-07-02 14:35:00,2024-07-02 15:05:00,YELLOW,3,102.55,104.45,207.1,122.24,88.86,211.09,778.23,136.48,40.77,641.75,1455345.41,TIME_OUT,1474449.79,1.3
2024-07-03 10:45:00,2024-07-03 11:15:00,YELLOW,4,108.65,70.85,179.59,100.7,89.56,190.25,2772.92,153.4,48.08,2619.52,1457964.93,TIME_OUT,1474449.79,1.12
2024-07-03 11:20:00,2024-07-03 11:33:00,GREEN,8,95.1,71.95,167.13,97.0,90.75,187.76,10723.73,253.71,92.27,10470.01,1468434.95,TARGET,1474449.79,0.41
2024-07-03 11:35:00,2024-07-03 12:05:00,YELLOW,4,92.35,74.55,166.98,87.61,76.61,164.22,-719.06,140.7,43.06,-859.76,1467575.19,TIME_OUT,1474449.79,0.47
2024-07-03 12:10:00,2024-07-03 12:40:00,YELLOW,4,86.9,79.05,166.03,74.36,89.31,163.67,-614.86,140.33,42.86,-755.19,1466820.0,TIME_OUT,1474449.79,0.52
2024-07-03 13:05:00,2024-07-03 13:12:00,YELLOW,4,74.3,88.0,162.38,95.0,90.15,185.16,5921.82,148.65,45.18,5773.17,1472593.16,TARGET,1474449.79,0.13
2024-07-03 13:15:00,2024-07-03 13:45:00,YELLOW,4,70.5,91.55,162.13,79.36,76.96,156.32,-1510.4,136.69,41.4,-1647.09,1470946.07,TIME_OUT,1474449.79,0.24
2024-07-03 13:50:00,2024-07-03 14:20:00,GREEN,9,76.2,83.1,159.38,95.25,67.82,163.07,2157.93,253.89,94.32,1904.05,1472850.11,TIME_OUT,1474449.79,0.11
2024-07-03 14:50:00,2024-07-03 15:10:00,GREEN,9,79.15,75.55,154.78,66.17,82.46,148.63,-3598.74,238.87,88.75,-3837.61,1469012.5,EOD,1474449.79,0.37
2024-07-04 12:55:00,2024-07-04 13:25:00,GREEN,14,17.6,26.0,43.62,9.05,32.98,42.03,-1449.47,131.43,38.97,-1580.9,1467431.6,TIME_OUT,1474449.79,0.48
2024-07-05 10:10:00,2024-07-05 10:40:00,GREEN,5,144.0,113.25,257.38,141.93,115.14,257.07,-99.85,229.39,83.6,-329.24,1467102.36,TIME_OUT,1474449.79,0.5
2024-07-05 11:00:00,2024-07-05 11:30:00,GREEN,5,143.95,110.3,254.38,143.98,106.45,250.42,-1284.53,225.38,82.03,-1509.91,1465592.44,TIME_OUT,1474449.79,0.6
2024-07-05 11:35:00,2024-07-05 12:05:00,GREEN,5,152.15,102.7,254.98,131.53,122.19,253.72,-407.66,227.2,82.66,-634.87,1464957.58,TIME_OUT,1474449.79,0.64
2024-07-05 12:20:00,2024-07-05 12:50:00,GREEN,5,137.65,118.6,256.38,158.67,101.5,260.17,1232.31,230.8,83.94,1001.51,1465959.08,TIME_OUT,1474449.79,0.58
2024-07-05 12:55:00,2024-07-05 13:25:00,YELLOW,2,128.9,122.4,251.43,149.38,107.95,257.32,766.43,119.67,33.07,646.76,1466605.84,TIME_OUT,1474449.79,0.53
2024-07-05 13:30:00,2024-07-05 14:00:00,GREEN,5,150.45,106.0,256.58,138.13,112.84,250.97,-1821.23,226.09,82.48,-2047.32,1464558.53,TIME_OUT,1474449.79,0.67
2024-07-05 14:05:00,2024-07-05 14:35:00,GREEN,5,141.3,110.5,251.93,126.74,120.59,247.33,-1494.88,223.31,81.13,-1718.19,1462840.34,TIME_OUT,1474449.79,0.79
2024-07-05 14:40:00,2024-07-05 15:10:00,GREEN,6,128.85,116.35,245.32,124.24,116.94,241.18,-1615.87,253.2,94.87,-1869.07,1460971.26,TIME_OUT,1474449.79,0.91
2024-07-08 10:05:00,2024-07-08 10:35:00,YELLOW,3,116.55,101.5,218.16,106.9,106.6,213.49,-909.84,138.49,42.09,-1048.33,1459922.94,TIME_OUT,1474449.79,0.99
2024-07-08 11:25:00,2024-07-08 11:55:00,YELLOW,3,98.05,118.1,216.26,124.79,111.19,235.98,3846.16,145.25,44.09,3700.91,1463623.84,TIME_OUT,1474449.79,0.73
2024-07-08 12:00:00,2024-07-08 12:30:00,YELLOW,3,102.0,109.5,211.61,117.89,97.5,215.39,738.37,138.33,41.63,600.04,1464223.88,TIME_OUT,1474449.79,0.69
2024-07-08 12:35:00,2024-07-08 13:05:00,YELLOW,3,101.05,111.05,212.21,108.15,105.4,213.54,260.74,137.82,41.51,122.92,1464346.8,TIME_OUT,1474449.79,0.69
2024-07-08 14:40:00,2024-07-08 15:10:00,YELLOW,3,115.3,94.9,210.31,121.09,90.75,211.84,300.09,137.08,41.16,163.01,1464509.81,TIME_OUT,1474449.79,0.67
2024-07-09 11:25:00,2024-07-09 11:55:00,GREEN,8,90.0,84.85,174.94,90.1,82.96,173.06,-974.48,243.96,90.48,-1218.44,1463291.37,TIME_OUT,1474449.79,0.76
2024-07-09 12:00:00,2024-07-09 12:30:00,YELLOW,4,90.15,82.8,173.04,91.75,79.71,171.46,-408.78,144.63,44.79,-553.41,1462737.96,TIME_OUT,1474449.79,0.79
2024-07-09 12:35:00,2024-07-09 13:05:00,YELLOW,4,89.55,81.6,171.24,103.4,73.56,176.96,1488.73,146.62,45.27,1342.11,1464080.07,TIME_OUT,1474449.79,0.7
2024-07-09 14:05:00,2024-07-09 14:35:00,GREEN,8,116.55,61.5,178.14,113.84,78.21,192.05,7235.75,260.64,96.25,6975.1,1471055.18,TIME_OUT,1474449.79,0.23
2024-07-10 13:50:00,2024-07-10 14:20:00,YELLOW,4,78.7,78.95,157.73,74.91,68.87,143.78,-3627.19,130.83,39.2,-3758.03,1467297.15,TIME_OUT,1474449.79,0.49
2024-07-12 10:10:00,2024-07-12 10:40:00,GREEN,6,150.8,94.7,245.62,123.69,109.75,233.43,-4753.91,248.47,93.42,-5002.38,1462294.76,TIME_OUT,1474449.79,0.82
2024-07-12 10:45:00,2024-07-12 11:04:00,GREEN,6,128.7,106.2,235.02,127.69,135.83,263.52,11115.28,264.69,97.21,10850.6,1473145.36,TARGET,1474449.79,0.09
2024-07-12 12:05:00,2024-07-12 12:35:00,GREEN,6,130.2,113.15,243.47,126.99,117.39,244.38,353.37,254.76,95.13,98.61,1473243.97,TIME_OUT,1474449.79,0.08
2024-07-12 12:40:00,2024-07-12 13:10:00,GREEN,6,132.05,113.3,245.47,143.38,105.15,248.53,1190.67,257.79,96.33,932.88,1474176.84,TIME_OUT,1474449.79,0.02
2024-07-12 14:05:00,2024-07-12 14:35:00,GREEN,5,144.25,112.25,256.63,133.13,111.49,244.63,-3900.2,222.82,81.45,-4123.02,1470053.82,TIME_OUT,1474449.79,0.3
2024-07-12 14:40:00,2024-07-12 15:10:00,GREEN,6,133.15,111.95,245.22,126.59,109.8,236.38,-3447.91,250.21,93.91,-3698.12,1466355.7,TIME_OUT,1474449.79,0.55
2024-07-15 10:10:00,2024-07-15 10:40:00,GREEN,6,121.75,94.7,216.56,103.45,108.4,211.84,-1838.54,228.39,83.54,-2066.93,1464288.77,TIME_OUT,1474449.79,0.69
2024-07-15 11:00:00,2024-07-15 11:30:00,GREEN,7,100.25,105.05,205.4,98.25,105.2,203.45,-889.26,249.52,93.01,-1138.79,1463149.98,TIME_OUT,1474449.79,0.77
2024-07-15 12:00:00,2024-07-15 12:30:00,YELLOW,3,102.65,100.5,203.25,98.7,104.85,203.55,57.84,133.69,39.66,-75.86,1463074.13,TIME_OUT,1474449.79,0.77
2024-07-15 13:50:00,2024-07-15 14:20:00,YELLOW,3,112.6,89.85,202.55,104.85,92.75,197.6,-965.26,131.77,39.01,-1097.03,1461977.09,TIME_OUT,1474449.79,0.85
2024-07-15 14:30:00,2024-07-15 15:00:00,YELLOW,3,107.85,88.6,196.55,101.1,96.7,197.8,244.3,131.14,38.45,113.16,1462090.25,TIME_OUT,1474449.79,0.84
2024-07-16 10:15:00,2024-07-16 10:45:00,YELLOW,4,83.35,86.45,169.88,97.6,71.86,169.47,-109.12,143.32,44.12,-252.43,1461837.82,TIME_OUT,1474449.79,0.86
2024-07-16 10:50:00,2024-07-16 11:20:00,YELLOW,4,96.9,71.0,167.98,91.5,72.96,164.47,-914.22,140.96,43.22,-1055.18,1460782.64,TIME_OUT,1474449.79,0.93
2024-07-16 11:25:00,2024-07-16 11:55:00,YELLOW,4,94.3,69.6,163.98,87.66,73.41,161.07,-757.26,138.94,42.26,-896.2,1459886.44,TIME_OUT,1474449.79,0.99
2024-07-16 12:00:00,2024-07-16 12:30:00,GREEN,9,87.35,72.65,160.08,79.26,77.41,156.67,-1993.9,248.18,92.65,-2242.08,1457644.36,TIME_OUT,1474449.79,1.14
2024-07-16 12:35:00,2024-07-16 13:05:00,GREEN,9,76.55,79.75,156.38,83.56,72.91,156.47,54.74,246.72,91.51,-191.97,1457452.39,TIME_OUT,1474449.79,1.15
2024-07-16 13:10:00,2024-07-16 13:40:00,YELLOW,4,81.95,73.7,155.73,97.05,62.67,159.72,1037.99,137.12,41.01,900.87,1458353.26,TIME_OUT,1474449.79,1.09
2024-07-16 13:50:00,2024-07-16 13:59:00,GREEN,9,96.75,62.8,159.63,99.45,80.21,179.66,11717.75,269.41,99.24,11448.35,1469801.61,TARGET,1474449.79,0.32
2024-07-16 14:50:00,2024-07-16 15:10:00,GREEN,10,87.0,59.9,146.97,88.76,53.27,142.03,-3213.92,250.35,93.93,-3464.28,1466337.33,EOD,1474449.79,0.55
2024-07-19 11:35:00,2024-07-19 12:05:00,GREEN,3,227.2,225.3,452.73,232.08,230.63,462.72,1948.49,242.75,89.26,1705.74,1468043.08,TIME_OUT,1474449.79,0.43
2024-07-19 12:10:00,2024-07-19 12:40:00,YELLOW,1,233.7,227.85,461.78,233.23,223.29,456.52,-341.84,112.09,29.84,-453.94,1467589.14,TIME_OUT,1474449.79,0.47
2024-07-19 12:45:00,2024-07-19 13:15:00,YELLOW,1,215.9,237.7,453.83,230.68,228.69,459.37,360.32,112.08,29.68,248.24,1467837.38,TIME_OUT,1474449.79,0.45
2024-07-19 13:20:00,2024-07-19 13:50:00,YELLOW,1,231.0,230.15,461.38,214.64,241.08,455.72,-367.81,111.99,29.81,-479.8,1467357.58,TIME_OUT,1474449.79,0.48
2024-07-19 13:55:00,2024-07-19 14:25:00,YELLOW,1,239.6,218.05,457.88,225.34,235.88,461.22,217.13,112.43,29.87,104.7,1467462.29,TIME_OUT,1474449.79,0.47
2024-07-22 09:50:00,2024-07-22 10:20:00,YELLOW,1,229.2,231.6,461.03,231.03,226.49,457.52,-228.1,112.17,29.85,-340.27,1467122.02,TIME_OUT,1474449.79,0.5
2024-07-22 10:55:00,2024-07-22 11:25:00,YELLOW,1,239.2,212.65,452.08,220.74,224.34,445.08,-454.91,110.54,29.16,-565.44,1466556.57,TIME_OUT,1474449.79,0.54
2024-07-23 11:45:00,2024-07-23 12:15:00,YELLOW,1,186.45,227.4,414.06,192.8,197.15,389.95,-1566.63,103.38,26.13,-1670.01,1464886.56,TIME_OUT,1474449.79,0.65
2024-07-23 14:55:00,2024-07-23 15:10:00,GREEN,6,133.3,109.45,242.87,98.95,133.68,232.63,-3992.72,247.34,92.72,-4240.06,1460646.5,EOD,1474449.79,0.94
2024-07-24 10:45:00,2024-07-24 11:15:00,GREEN,7,86.95,124.2,211.26,93.95,106.45,200.4,-4939.4,248.89,93.65,-5188.29,1455458.21,TIME_OUT,1474449.79,1.29
2024-07-24 11:20:00,2024-07-24 11:50:00,GREEN,7,92.75,109.1,201.95,94.45,112.84,207.3,2432.15,251.38,93.1,2180.76,1457638.97,TIME_OUT,1474449.79,1.14
2024-07-24 14:05:00,2024-07-24 14:33:00,GREEN,7,95.45,96.8,192.35,63.62,97.5,161.12,-14208.16,215.4,80.41,-14423.56,1443215.42,STOP_LOSS,1474449.79,2.12
2024-07-25 12:35:00,2024-07-25 12:39:00,YELLOW,7,43.65,19.2,62.88,39.53,44.63,84.16,9680.8,124.96,33.45,9555.83,1452771.25,TARGET,1474449.79,1.47
2024-07-26 10:50:00,2024-07-26 11:20:00,YELLOW,2,150.75,134.25,285.14,154.17,135.63,289.81,606.13,128.97,37.37,477.16,1453248.4,TIME_OUT,1474449.79,1.44
2024-07-26 11:50:00,2024-07-26 12:20:00,YELLOW,2,150.85,132.6,283.59,160.37,117.89,278.26,-693.02,126.47,36.52,-819.49,1452428.91,TIME_OUT,1474449.79,1.49
2024-07-26 12:25:00,2024-07-26 12:55:00,YELLOW,2,158.0,121.15,279.29,148.43,135.88,284.31,652.37,127.39,36.63,524.98,1452953.89,TIME_OUT,1474449.79,1.46
2024-07-26 14:00:00,2024-07-26 14:30:00,YELLOW,2,147.0,134.5,281.64,149.03,129.98,279.01,-341.94,126.47,36.44,-468.42,1452485.48,TIME_OUT,1474449.79,1.49
2024-07-26 14:35:00,2024-07-26 15:05:00,YELLOW,2,151.4,128.05,279.59,143.83,127.44,271.26,-1082.31,124.71,35.81,-1207.02,1451278.46,TIME_OUT,1474449.79,1.57
2024-07-29 15:00:00,2024-07-29 15:10:00,YELLOW,3,121.55,118.25,239.92,140.63,99.4,240.03,21.45,149.22,46.8,-127.77,1451150.69,EOD,1474449.79,1.58
2024-07-30 11:55:00,2024-07-30 12:25:00,YELLOW,3,91.9,110.15,202.15,100.4,99.45,199.85,-448.69,132.42,39.2,-581.12,1450569.57,TIME_OUT,1474449.79,1.62
2024-07-30 12:45:00,2024-07-30 13:15:00,GREEN,7,98.95,102.45,201.5,91.1,103.25,194.35,-3252.31,241.9,90.06,-3494.2,1447075.37,TIME_OUT,1474449.79,1.86
2024-07-30 13:45:00,2024-07-30 14:15:00,GREEN,7,110.0,87.85,197.95,91.4,100.4,191.8,-2795.92,239.1,88.67,-3035.02,1444040.35,TIME_OUT,1474449.79,2.06
2024-07-30 14:50:00,2024-07-30 15:10:00,GREEN,7,100.35,93.3,193.75,110.79,83.41,194.2,207.49,239.71,88.26,-32.22,1444008.13,EOD,1474449.79,2.06
2024-07-31 12:20:00,2024-07-31 12:35:00,YELLOW,4,78.2,97.8,176.09,97.9,105.1,203.0,6996.72,158.13,49.28,6838.59,1450846.72,TARGET,1474449.79,1.6
2024-07-31 12:40:00,2024-07-31 13:10:00,YELLOW,4,74.25,102.55,176.89,102.1,71.71,173.81,-799.59,146.19,45.59,-945.78,1449900.94,TIME_OUT,1474449.79,1.66
2024-07-31 14:20:00,2024-07-31 14:45:00,YELLOW,4,77.35,84.35,161.78,99.3,83.46,182.76,5454.21,147.57,44.79,5306.64,1455207.58,TARGET,1474449.79,1.31
2024-08-01 12:30:00,2024-08-01 12:41:00,YELLOW,7,20.05,39.55,59.63,43.93,42.38,86.31,12138.05,125.65,33.2,12012.4,1467219.98,TARGET,1474449.79,0.49
2024-08-02 11:00:00,2024-08-02 11:30:00,GREEN,5,153.25,141.35,294.75,150.42,145.58,296.0,407.75,256.68,96.0,151.08,1467371.05,TIME_OUT,1474449.79,0.48
2024-08-02 11:35:00,2024-08-02 12:05:00,GREEN,5,147.55,148.75,296.45,141.93,156.62,298.55,683.31,258.32,96.69,424.99,1467796.05,TIME_OUT,1474449.79,0.45
2024-08-02 12:20:00,2024-08-02 12:50:00,GREEN,5,135.25,165.2,300.6,145.48,158.82,304.3,1201.7,262.09,98.3,939.62,1468735.66,TIME_OUT,1474449.79,0.39
2024-08-02 12:55:00,2024-08-02 13:25:00,YELLOW,2,152.25,151.15,303.55,152.32,146.38,298.7,-630.65,132.22,39.15,-762.87,1467972.79,TIME_OUT,1474449.79,0.44
2024-08-02 13:30:00,2024-08-02 14:00:00,YELLOW,2,128.95,167.7,296.8,137.58,155.57,293.15,-473.85,130.56,38.35,-604.41,1467368.39,TIME_OUT,1474449.79,0.48
2024-08-02 14:05:00,2024-08-02 14:35:00,YELLOW,2,134.8,157.9,292.85,137.63,161.57,299.2,826.02,131.51,38.48,694.51,1468062.9,TIME_OUT,1474449.79,0.43
2024-08-05 14:45:00,2024-08-05 15:10:00,YELLOW,1,195.3,206.3,401.8,212.89,200.55,413.44,756.75,105.34,26.5,651.42,1468714.32,EOD,1474449.79,0.39
2024-08-06 11:50:00,2024-08-06 12:20:00,GREEN,5,155.6,135.4,291.15,148.78,130.93,279.71,-3716.51,247.57,92.76,-3964.08,1464750.24,TIME_OUT,1474449.79,0.66
2024-08-06 13:25:00,2024-08-06 13:55:00,GREEN,5,131.85,140.5,272.49,156.47,137.63,294.1,7025.43,251.43,92.07,6774.0,1471524.24,TIME_OUT,1474449.79,0.2
2024-08-06 15:00:00,2024-08-06 15:10:00,YELLOW,2,144.0,144.4,288.54,144.23,143.13,287.36,-154.43,128.73,37.43,-283.16,1471241.07,EOD,1474449.79,0.22
2024-08-07 10:25:00,2024-08-07 10:55:00,GREEN,6,129.6,98.35,228.06,115.09,97.0,212.09,-6228.33,231.2,85.83,-6459.53,1464781.55,TIME_OUT,1474449.79,0.66
2024-08-07 12:00:00,2024-08-07 12:30:00,YELLOW,3,118.0,100.25,218.36,107.05,98.75,205.8,-2449.6,136.13,41.36,-2585.73,1462195.81,TIME_OUT,1474449.79,0.83
2024-08-07 12:35:00,2024-08-07 13:05:00,YELLOW,3,105.85,99.55,205.5,87.41,111.59,199.0,-1267.94,132.54,39.44,-1400.48,1460795.33,TIME_OUT,1474449.79,0.93
2024-08-07 13:35:00,2024-08-07 14:05:00,YELLOW,3,109.25,90.3,199.65,106.4,79.41,185.81,-2699.33,127.78,37.58,-2827.11,1457968.22,TIME_OUT,1474449.79,1.12
2024-08-09 10:10:00,2024-08-09 10:40:00,GREEN,4,161.4,158.4,319.96,144.03,183.66,327.69,2008.81,231.75,84.19,1777.06,1459745.28,TIME_OUT,1474449.79,1.0
2024-08-09 10:50:00,2024-08-09 11:20:00,GREEN,4,154.25,162.55,316.96,158.17,153.27,311.44,-1433.69,224.57,81.69,-1658.26,1458087.02,TIME_OUT,1474449.79,1.11
2024-08-09 11:25:00,2024-08-09 11:55:00,GREEN,4,161.6,149.5,311.26,164.52,145.23,309.75,-392.73,223.0,80.73,-615.73,1457471.29,TIME_OUT,1474449.79,1.15
2024-08-09 12:00:00,2024-08-09 12:30:00,GREEN,4,165.45,141.35,306.95,154.22,146.63,300.85,-1587.01,218.66,79.01,-1805.67,1455665.62,TIME_OUT,1474449.79,1.27
2024-08-09 12:35:00,2024-08-09 13:05:00,GREEN,4,151.85,148.85,300.85,153.62,146.38,300.0,-221.11,217.37,78.11,-438.48,1455227.14,TIME_OUT,1474449.79,1.3
2024-08-09 13:10:00,2024-08-09 13:40:00,GREEN,4,153.75,146.55,300.45,159.72,134.43,294.15,-1637.3,214.89,77.3,-1852.19,1453374.95,TIME_OUT,1474449.79,1.43
2024-08-09 13:45:00,2024-08-09 14:15:00,GREEN,5,163.4,131.25,294.8,148.53,146.83,295.35,180.35,256.35,95.9,-76.0,1453298.95,TIME_OUT,1474449.79,1.43
2024-08-09 14:20:00,2024-08-09 14:50:00,GREEN,5,163.65,131.9,295.7,167.97,132.18,300.15,1446.92,259.0,96.83,1187.92,1454486.87,TIME_OUT,1474449.79,1.35
2024-08-09 14:55:00,2024-08-09 15:10:00,GREEN,4,164.15,134.15,298.45,139.53,150.07,289.61,-2299.45,212.7,76.45,-2512.15,1451974.72,EOD,1474449.79,1.52
2024-08-12 12:35:00,2024-08-12 13:05:00,YELLOW,3,129.4,107.55,237.07,135.23,104.85,240.08,587.23,148.91,46.52,438.32,1452413.03,TIME_OUT,1474449.79,1.49
2024-08-12 13:15:00,2024-08-12 13:45:00,YELLOW,3,124.45,113.6,238.17,140.18,100.7,240.88,528.54,149.29,46.71,379.26,1452792.29,TIME_OUT,1474449.79,1.47
2024-08-12 13:55:00,2024-08-12 14:25:00,YELLOW,3,141.8,98.05,239.97,117.04,111.69,228.74,-2190.7,145.73,45.7,-2336.43,1450455.86,TIME_OUT,1474449.79,1.63
2024-08-12 14:30:00,2024-08-12 15:00:00,YELLOW,3,122.45,108.5,231.07,122.69,115.14,237.83,1319.28,147.52,45.72,1171.76,1451627.62,TIME_OUT,1474449.79,1.55
2024-08-13 10:50:00,2024-08-13 11:20:00,YELLOW,3,119.1,76.8,196.0,112.59,78.91,191.5,-876.28,129.13,37.78,-1005.41,1450622.22,TIME_OUT,1474449.79,1.62
2024-08-13 11:25:00,2024-08-13 11:55:00,GREEN,7,113.55,77.0,190.65,85.46,97.1,182.56,-3679.4,230.45,84.9,-3909.85,1446712.36,TIME_OUT,1474449.79,1.88
2024-08-13 12:05:00,2024-08-13 12:35:00,YELLOW,3,106.75,83.1,189.94,96.5,106.6,203.1,2564.93,132.02,38.32,2432.9,1449145.27,TIME_OUT,1474449.79,1.72
2024-08-13 13:25:00,2024-08-13 13:55:00,YELLOW,4,90.45,92.9,183.44,78.76,109.35,188.11,1212.7,153.1,48.3,1059.6,1450204.86,TIME_OUT,1474449.79,1.64
2024-08-13 14:50:00,2024-08-13 15:10:00,YELLOW,4,82.45,98.4,180.94,104.55,80.21,184.76,992.46,151.34,47.54,841.12,1451045.99,EOD,1474449.79,1.59
2024-08-16 11:15:00,2024-08-16 11:45:00,YELLOW,2,151.3,154.75,306.2,145.13,136.88,282.01,-3145.23,128.98,38.23,-3274.21,1447771.78,TIME_OUT,1474449.79,1.81
2024-08-16 12:50:00,2024-08-16 13:20:00,YELLOW,2,136.05,141.35,277.54,141.68,135.08,276.76,-101.03,125.69,36.03,-226.72,1447545.05,TIME_OUT,1474449.79,1.82
2024-08-16 13:25:00,2024-08-16 13:55:00,YELLOW,2,147.1,131.3,278.54,164.27,121.69,285.96,964.31,127.67,36.69,836.64,1448381.69,TIME_OUT,1474449.79,1.77
2024-08-16 14:30:00,2024-08-16 15:00:00,YELLOW,2,154.95,125.95,281.04,159.42,120.04,279.46,-205.43,126.52,36.43,-331.95,1448049.74,TIME_OUT,1474449.79,1.79
2024-08-19 10:15:00,2024-08-19 10:45:00,YELLOW,3,101.6,132.7,234.42,113.14,124.09,237.23,548.76,147.72,45.99,401.04,1448450.78,TIME_OUT,1474449.79,1.76
2024-08-19 11:10:00,2024-08-19 11:40:00,GREEN,6,100.9,143.65,244.67,104.1,124.04,228.14,-6449.2,244.97,92.2,-6694.16,1441756.61,TIME_OUT,1474449.79,2.22
2024-08-19 12:05:00,2024-08-19 12:35:00,YELLOW,3,101.05,128.9,230.06,113.59,117.04,230.63,111.08,145.18,44.92,-34.1,1441722.52,TIME_OUT,1474449.79,2.22
2024-08-19 12:40:00,2024-08-19 13:10:00,GREEN,6,96.0,134.35,230.47,121.19,124.44,245.63,5913.16,252.54,92.84,5660.62,1447383.14,TIME_OUT,1474449.79,1.84
2024-08-19 14:25:00,2024-08-19 14:55:00,YELLOW,3,103.15,119.15,222.41,104.75,111.79,216.54,-1144.55,139.93,42.8,-1284.47,1446098.66,TIME_OUT,1474449.79,1.92
2024-08-19 15:00:00,2024-08-19 15:10:00,YELLOW,3,122.55,97.7,220.36,111.19,104.75,215.94,-861.54,139.51,42.54,-1001.04,1445097.62,EOD,1474449.79,1.99
2024-08-20 10:50:00,2024-08-20 11:20:00,YELLOW,4,92.85,92.15,185.09,93.1,91.05,184.16,-243.0,151.72,48.0,-394.73,1444702.89,TIME_OUT,1474449.79,2.02
2024-08-20 11:25:00,2024-08-20 11:55:00,GREEN,8,97.05,87.0,184.14,92.95,89.11,182.06,-1083.21,254.22,95.21,-1337.43,1443365.46,TIME_OUT,1474449.79,2.11
2024-08-20 12:00:00,2024-08-20 12:30:00,YELLOW,4,98.55,83.7,182.34,98.85,78.56,177.41,-1281.77,148.51,46.77,-1430.28,1441935.18,TIME_OUT,1474449.79,2.21
2024-08-20 12:35:00,2024-08-20 13:01:00,YELLOW,4,99.4,77.55,177.04,102.85,99.95,202.8,6697.62,158.19,49.38,6539.42,1448474.6,TARGET,1474449.79,1.76
2024-08-20 13:05:00,2024-08-20 13:10:00,YELLOW,4,99.45,75.75,175.29,100.25,96.6,196.85,5606.62,155.47,48.38,5451.15,1453925.76,TARGET,1474449.79,1.39
2024-08-20 13:15:00,2024-08-20 13:45:00,YELLOW,4,100.05,75.65,175.79,89.86,83.71,173.56,-578.42,145.92,45.42,-724.33,1453201.42,TIME_OUT,1474449.79,1.44
2024-08-20 13:50:00,2024-08-20 14:00:00,GREEN,8,93.85,79.8,173.74,96.25,101.15,197.4,12305.5,263.71,96.5,12041.79,1465243.21,TARGET,1474449.79,0.62
2024-08-20 14:05:00,2024-08-20 14:35:00,GREEN,8,89.1,80.15,169.33,83.71,83.41,167.12,-1153.48,237.32,87.48,-1390.8,1463852.41,TIME_OUT,1474449.79,0.72
2024-08-20 14:45:00,2024-08-20 15:10:00,GREEN,8,94.95,74.6,169.63,77.11,98.0,175.11,2848.37,244.03,89.63,2604.34,1466456.75,EOD,1474449.79,0.54
2024-08-21 11:20:00,2024-08-21 11:50:00,YELLOW,5,74.3,71.75,146.12,75.76,68.52,144.28,-599.69,149.77,47.19,-749.46,1465707.28,TIME_OUT,1474449.79,0.59
2024-08-21 11:55:00,2024-08-21 12:13:00,YELLOW,5,80.15,63.3,143.52,81.51,79.66,161.17,5735.49,158.0,49.51,5577.48,1471284.76,TARGET,1474449.79,0.21
2024-08-21 12:15:00,2024-08-21 12:21:00,YELLOW,5,59.7,78.9,138.67,81.96,81.61,163.57,8092.13,158.31,49.11,7933.82,1479218.59,TARGET,1479218.59,0.0
2024-08-21 13:10:00,2024-08-21 13:14:00,YELLOW,5,53.95,81.25,135.27,79.46,77.46,156.92,7037.52,154.23,47.48,6883.29,1486101.88,TARGET,1486101.88,0.0
2024-08-21 13:50:00,2024-08-21 13:53:00,YELLOW,5,61.9,68.95,130.92,85.41,69.72,155.12,7867.27,152.46,46.48,7714.8,1493816.68,TARGET,1493816.68,0.0
2024-08-21 14:15:00,2024-08-21 14:45:00,YELLOW,5,65.1,63.55,128.71,51.22,70.11,121.34,-2396.88,134.58,40.63,-2531.47,1491285.21,TIME_OUT,1493816.68,0.17
2024-08-21 14:55:00,2024-08-21 15:10:00,GREEN,12,56.1,64.25,120.41,67.52,48.58,116.09,-3368.23,246.59,92.24,-3614.82,1487670.39,EOD,1493816.68,0.41
2024-08-22 12:35:00,2024-08-22 12:39:00,YELLOW,7,10.9,34.5,45.42,9.6,41.98,51.57,2798.93,96.71,22.07,2702.23,1490372.62,TARGET,1493816.68,0.23
2024-08-23 10:05:00,2024-08-23 10:35:00,YELLOW,2,154.65,109.25,264.03,157.02,102.95,259.97,-528.06,121.19,34.06,-649.25,1489723.37,TIME_OUT,1493816.68,0.27
2024-08-23 10:40:00,2024-08-23 11:10:00,YELLOW,2,162.6,99.4,262.13,138.93,115.24,254.17,-1034.56,119.84,33.56,-1154.4,1488568.97,TIME_OUT,1493816.68,0.35
2024-08-23 11:15:00,2024-08-23 11:45:00,GREEN,6,131.2,119.55,250.88,130.58,119.44,250.02,-331.68,259.97,97.68,-591.64,1487977.32,TIME_OUT,1493816.68,0.39
2024-08-23 11:50:00,2024-08-23 12:20:00,GREEN,6,126.3,122.85,249.27,133.43,114.29,247.73,-603.91,258.17,96.92,-862.09,1487115.24,TIME_OUT,1493816.68,0.45
2024-08-23 12:25:00,2024-08-23 12:55:00,GREEN,6,131.5,116.65,248.27,126.84,120.64,247.48,-311.17,257.79,96.67,-568.96,1486546.28,TIME_OUT,1493816.68,0.49
2024-08-23 13:00:00,2024-08-23 13:30:00,GREEN,6,128.25,118.2,246.57,122.49,124.94,247.43,332.67,257.37,96.33,75.3,1486621.58,TIME_OUT,1493816.68,0.48
2024-08-23 13:35:00,2024-08-23 14:05:00,GREEN,6,123.2,124.25,247.57,127.19,115.84,243.03,-1772.67,254.87,95.67,-2027.54,1484594.05,TIME_OUT,1493816.68,0.62
2024-08-23 14:10:00,2024-08-23 14:40:00,GREEN,6,128.25,114.8,243.17,123.94,118.19,242.13,-406.63,253.3,94.63,-659.93,1483934.11,TIME_OUT,1493816.68,0.66
2024-08-23 14:45:00,2024-08-23 15:10:00,GREEN,6,127.3,117.45,244.87,159.97,103.55,263.52,7271.86,266.95,99.14,7004.91,1490939.02,EOD,1493816.68,0.19
2024-08-26 10:30:00,2024-08-26 11:00:00,YELLOW,3,134.1,90.5,224.71,111.59,101.15,212.74,-2333.9,139.01,42.65,-2472.92,1488466.11,TIME_OUT,1493816.68,0.36
2024-08-26 11:45:00,2024-08-26 12:15:00,YELLOW,3,136.15,82.85,219.11,120.04,91.95,211.99,-1387.53,138.14,42.03,-1525.67,1486940.44,TIME_OUT,1493816.68,0.46
2024-08-26 12:30:00,2024-08-26 13:00:00,YELLOW,3,124.35,86.85,211.31,104.85,101.1,205.95,-1044.93,135.36,40.68,-1180.3,1485760.14,TIME_OUT,1493816.68,0.54
2024-08-26 13:05:00,2024-08-26 13:14:00,YELLOW,3,108.5,99.45,208.05,138.28,97.95,236.23,5494.68,144.38,43.32,5350.3,1491110.44,TARGET,1493816.68,0.18
2024-08-26 13:15:00,2024-08-26 13:45:00,YELLOW,3,138.35,79.0,217.46,120.44,102.05,222.49,980.85,141.2,42.89,839.65,1491950.1,TIME_OUT,1493816.68,0.12
2024-08-26 14:05:00,2024-08-26 14:35:00,YELLOW,3,129.6,82.6,212.31,106.6,95.3,201.9,-2029.38,134.22,40.38,-2163.61,1489786.49,TIME_OUT,1493816.68,0.27
2024-08-26 14:40:00,2024-08-26 15:10:00,YELLOW,3,108.0,95.35,203.45,124.59,84.56,209.15,1110.27,135.45,40.23,974.82,1490761.31,TIME_OUT,1493816.68,0.2
2024-08-27 10:40:00,2024-08-27 10:54:00,YELLOW,4,100.7,73.75,174.54,101.0,96.5,197.5,5970.63,155.62,48.36,5815.01,1496576.32,TARGET,1496576.32,0.0
2024-08-27 10:55:00,2024-08-27 11:19:00,GREEN,8,101.75,71.05,172.89,103.75,93.55,197.3,12695.75,263.37,96.25,12432.38,1509008.7,TARGET,1509008.7,0.0
2024-08-27 11:45:00,2024-08-27 12:15:00,GREEN,9,91.75,76.6,168.43,79.16,84.81,163.97,-2612.73,257.85,97.23,-2870.58,1506138.12,TIME_OUT,1509008.7,0.19
2024-08-27 12:20:00,2024-08-27 12:50:00,YELLOW,4,79.3,84.1,163.48,85.41,78.66,164.07,152.42,140.1,42.58,12.31,1506150.43,TIME_OUT,1509008.7,0.19
2024-08-27 12:55:00,2024-08-27 13:25:00,GREEN,9,84.1,78.1,162.28,88.21,74.71,162.92,372.88,254.75,95.12,118.13,1506268.56,TIME_OUT,1509008.7,0.18
2024-08-27 13:30:00,2024-08-27 14:00:00,YELLOW,4,84.0,77.85,161.93,81.86,76.66,158.52,-886.66,137.57,41.66,-1024.23,1505244.33,TIME_OUT,1509008.7,0.25
2024-08-27 14:05:00,2024-08-27 14:35:00,YELLOW,4,82.5,77.05,159.63,82.21,74.01,156.22,-886.06,136.27,41.06,-1022.33,1504222.0,TIME_OUT,1509008.7,0.32
2024-08-27 14:40:00,2024-08-27 15:10:00,YELLOW,4,78.6,78.2,156.88,64.97,96.1,161.07,1089.67,137.85,41.33,951.82,1505173.82,TIME_OUT,1509008.7,0.25
2024-08-28 10:40:00,2024-08-28 10:43:00,YELLOW,5,59.5,74.6,134.17,83.91,73.71,157.62,7622.58,154.38,47.42,7468.21,1512642.02,TARGET,1512642.02,0.0
2024-08-28 10:45:00,2024-08-28 11:05:00,YELLOW,5,82.2,53.7,135.97,83.26,75.26,158.52,7329.64,155.19,47.85,7174.46,1519816.48,TARGET,1519816.48,0.0
2024-08-28 11:10:00,2024-08-28 11:23:00,YELLOW,6,60.1,67.0,127.16,89.86,53.72,143.58,6401.7,165.49,52.79,6236.21,1526052.69,TARGET,1526052.69,0.0
2024-08-28 12:05:00,2024-08-28 12:35:00,YELLOW,5,84.25,56.2,140.52,75.21,57.52,132.73,-2530.65,142.73,44.4,-2673.39,1523379.3,TIME_OUT,1526052.69,0.18
2024-08-28 12:40:00,2024-08-28 13:10:00,YELLOW,5,77.0,57.65,134.72,71.71,56.92,128.64,-1976.54,139.5,42.79,-2116.05,1521263.25,TIME_OUT,1526052.69,0.31
2024-08-28 13:15:00,2024-08-28 13:45:00,YELLOW,6,64.65,60.45,125.16,64.32,59.27,123.59,-614.01,152.64,48.51,-766.64,1520496.61,TIME_OUT,1526052.69,0.36
2024-08-28 13:50:00,2024-08-28 14:20:00,YELLOW,6,70.1,54.5,124.66,74.41,48.43,122.84,-711.26,152.06,48.26,-863.32,1519633.29,TIME_OUT,1526052.69,0.42
2024-08-28 14:25:00,2024-08-28 14:55:00,YELLOW,6,74.65,48.3,123.01,59.77,62.17,121.94,-418.27,151.12,47.77,-569.38,1519063.91,TIME_OUT,1526052.69,0.46
2024-08-29 11:30:00,2024-08-29 11:52:00,YELLOW,7,42.8,30.3,73.14,52.92,38.18,91.1,8175.38,132.74,37.36,8042.64,1527106.55,TARGET,1527106.55,0.0
2024-08-30 10:10:00,2024-08-30 10:40:00,GREEN,5,152.6,119.95,272.69,130.43,131.83,262.27,-3385.68,235.01,86.93,-3620.69,1523485.85,TIME_OUT,1527106.55,0.24
2024-08-30 10:45:00,2024-08-30 11:15:00,GREEN,5,153.0,112.35,265.48,138.43,118.44,256.87,-2798.63,230.84,84.88,-3029.48,1520456.37,TIME_OUT,1527106.55,0.44
2024-08-30 11:20:00,2024-08-30 11:50:00,GREEN,6,136.9,119.45,256.48,137.88,116.84,254.72,-684.68,264.17,99.68,-948.85,1519507.52,TIME_OUT,1527106.55,0.5
2024-08-30 11:55:00,2024-08-30 12:25:00,GREEN,6,143.9,111.1,255.13,139.33,114.94,254.27,-333.33,263.58,99.33,-596.91,1518910.61,TIME_OUT,1527106.55,0.54
2024-08-30 12:30:00,2024-08-30 13:00:00,GREEN,6,138.85,116.35,255.33,131.83,118.59,250.42,-1912.12,261.24,98.62,-2173.36,1516737.25,TIME_OUT,1527106.55,0.68
2024-08-30 13:05:00,2024-08-30 13:35:00,GREEN,6,133.6,115.5,249.22,136.38,112.69,249.08,-58.17,259.0,97.17,-317.17,1516420.08,TIME_OUT,1527106.55,0.7
2024-08-30 13:40:00,2024-08-30 14:10:00,GREEN,6,139.35,109.05,248.52,145.33,108.75,254.07,2163.99,261.94,98.01,1902.06,1518322.14,TIME_OUT,1527106.55,0.58
2024-08-30 14:15:00,2024-08-30 14:45:00,GREEN,6,143.6,108.75,252.48,139.78,110.69,250.47,-780.58,260.61,98.08,-1041.19,1517280.95,TIME_OUT,1527106.55,0.64
2024-08-30 14:50:00,2024-08-30 15:10:00,GREEN,6,136.3,112.55,248.97,174.31,89.76,264.07,5886.46,268.24,100.04,5618.22,1522899.17,EOD,1527106.55,0.28
2024-09-02 10:10:00,2024-09-02 10:40:00,GREEN,7,116.6,106.0,222.71,114.19,107.5,221.69,-465.1,267.37,101.1,-732.47,1522166.7,TIME_OUT,1527106.55,0.32
2024-09-02 10:45:00,2024-09-02 11:15:00,GREEN,7,110.75,110.3,221.16,124.84,94.7,219.54,-737.26,265.4,100.26,-1002.66,1521164.04,TIME_OUT,1527106.55,0.39
2024-09-02 11:20:00,2024-09-02 11:50:00,YELLOW,3,123.2,95.35,218.66,107.7,107.3,214.99,-715.03,139.02,42.28,-854.05,1520310.0,TIME_OUT,1527106.55,0.45
2024-09-02 12:00:00,2024-09-02 12:30:00,YELLOW,3,103.4,115.35,218.86,99.5,115.69,215.19,-715.07,139.1,42.32,-854.17,1519455.83,TIME_OUT,1527106.55,0.5
2024-09-02 12:40:00,2024-09-02 13:10:00,YELLOW,3,100.0,114.5,214.61,114.64,103.5,218.14,689.06,139.53,42.19,549.53,1520005.36,TIME_OUT,1527106.55,0.47
2024-09-02 13:45:00,2024-09-02 14:15:00,YELLOW,3,105.05,112.35,217.51,89.46,127.29,216.74,-149.59,139.43,42.34,-289.01,1519716.34,TIME_OUT,1527106.55,0.48
2024-09-02 14:50:00,2024-09-02 15:08:00,YELLOW,3,92.3,119.35,211.76,115.99,123.34,239.33,5377.02,145.77,43.98,5231.25,1524947.59,TARGET,1527106.55,0.14
2024-09-03 10:25:00,2024-09-03 10:55:00,YELLOW,4,105.75,80.25,186.09,107.7,76.56,184.26,-477.15,151.92,48.15,-629.06,1524318.53,TIME_OUT,1527106.55,0.18
2024-09-03 11:25:00,2024-09-03 11:55:00,YELLOW,4,99.7,84.75,184.54,100.4,79.66,180.06,-1165.4,149.95,47.4,-1315.34,1523003.19,TIME_OUT,1527106.55,0.27
2024-09-03 12:05:00,2024-09-03 12:35:00,YELLOW,4,100.95,78.7,179.74,101.85,75.61,177.46,-592.44,148.13,46.44,-740.57,1522262.62,TIME_OUT,1527106.55,0.32
2024-09-03 12:40:00,2024-09-03 13:10:00,YELLOW,4,106.45,72.45,178.99,86.96,88.46,175.41,-930.07,147.17,46.07,-1077.24,1521185.37,TIME_OUT,1527106.55,0.39
2024-09-03 13:25:00,2024-09-03 13:55:00,YELLOW,4,93.1,84.35,177.54,110.94,67.17,178.11,148.77,148.07,46.23,0.7,1521186.07,TIME_OUT,1527106.55,0.39
2024-09-03 14:25:00,2024-09-03 14:55:00,YELLOW,4,111.75,63.45,175.29,86.36,80.96,167.32,-2072.54,143.26,44.54,-2215.8,1518970.28,TIME_OUT,1527106.55,0.53
2024-09-04 10:30:00,2024-09-04 11:00:00,YELLOW,4,79.95,77.55,157.58,63.57,85.76,149.33,-2145.9,133.1,39.9,-2279.0,1516691.28,TIME_OUT,1527106.55,0.68
2024-09-04 11:25:00,2024-09-04 11:27:00,GREEN,10,61.0,88.2,149.27,84.06,88.71,172.76,15267.83,283.0,104.66,14984.84,1531676.11,TARGET,1531676.11,0.0
2024-09-04 11:55:00,2024-09-04 12:25:00,YELLOW,5,57.85,92.65,150.58,59.67,91.1,150.77,64.78,153.99,48.97,-89.2,1531586.91,TIME_OUT,1531676.11,0.01
2024-09-04 12:30:00,2024-09-04 13:00:00,GREEN,10,60.35,88.25,148.67,60.07,86.41,146.48,-1428.42,255.6,95.92,-1684.02,1529902.88,TIME_OUT,1531676.11,0.12
2024-09-04 13:05:00,2024-09-04 13:17:00,GREEN,10,60.35,86.15,146.57,85.71,89.01,174.71,18290.58,283.98,104.42,18006.6,1547909.48,TARGET,1547909.48,0.0
2024-09-04 14:00:00,2024-09-04 14:30:00,GREEN,10,57.25,89.8,147.12,78.96,73.11,152.07,3217.76,260.79,97.24,2956.97,1550866.45,TIME_OUT,1550866.45,0.0
2024-09-04 14:35:00,2024-09-04 14:56:00,GREEN,11,67.1,73.6,140.77,68.07,92.1,160.17,13870.66,288.67,107.59,13581.99,1564448.44,TARGET,1564448.44,0.0
2024-09-06 10:55:00,2024-09-06 11:25:00,YELLOW,2,146.6,164.8,311.56,154.42,155.07,309.5,-267.87,135.07,40.37,-402.94,1564045.5,TIME_OUT,1564448.44,0.03
2024-09-06 11:30:00,2024-09-06 12:00:00,YELLOW,2,157.7,151.15,309.0,164.42,138.53,302.95,-787.28,133.52,39.78,-920.8,1563124.71,TIME_OUT,1564448.44,0.08
2024-09-06 12:30:00,2024-09-06 13:00:00,YELLOW,2,144.85,149.65,294.65,161.17,156.67,317.84,3015.19,135.5,39.81,2879.69,1566004.4,TIME_OUT,1566004.4,0.0
2024-09-06 14:00:00,2024-09-06 14:30:00,YELLOW,2,160.2,147.8,308.15,152.72,175.31,328.04,2584.65,138.64,41.35,2446.01,1568450.4,TIME_OUT,1568450.4,0.0
2024-09-09 10:25:00,2024-09-09 10:55:00,YELLOW,3,118.0,130.0,248.12,129.34,114.89,244.23,-759.75,151.47,48.0,-911.22,1567539.18,TIME_OUT,1568450.4,0.06
2024-09-09 11:25:00,2024-09-09 11:55:00,YELLOW,3,131.3,111.95,243.37,111.39,128.59,239.98,-661.38,149.61,47.13,-810.98,1566728.2,TIME_OUT,1568450.4,0.11
2024-09-09 12:45:00,2024-09-09 13:15:00,YELLOW,3,119.8,120.9,240.82,110.74,124.24,234.98,-1138.39,147.76,46.39,-1286.15,1565442.04,TIME_OUT,1568450.4,0.19
2024-09-09 13:55:00,2024-09-09 14:25:00,GREEN,7,111.6,117.4,229.11,103.0,129.89,232.88,1714.89,277.19,105.1,1437.71,1566879.75,TIME_OUT,1568450.4,0.1
2024-09-09 14:30:00,2024-09-09 15:00:00,GREEN,6,123.1,109.8,233.02,124.09,106.55,230.63,-928.91,243.83,90.41,-1172.75,1565707.01,TIME_OUT,1568450.4,0.17
2024-09-10 14:00:00,2024-09-10 14:30:00,YELLOW,4,88.6,84.0,172.69,81.96,86.21,168.17,-1175.31,143.21,44.31,-1318.52,1564388.49,TIME_OUT,1568450.4,0.26
2024-09-11 10:25:00,2024-09-11 10:55:00,GREEN,10,54.3,97.9,152.28,59.92,87.56,147.48,-3119.92,258.01,97.42,-3377.93,1561010.55,TIME_OUT,1568450.4,0.47
2024-09-11 11:00:00,2024-09-11 11:16:00,GREEN,10,62.9,85.4,148.37,65.02,110.64,175.66,17737.18,285.65,105.31,17451.54,1578462.09,TARGET,1578462.09,0.0
2024-09-11 11:55:00,2024-09-11 12:05:00,GREEN,11,72.35,70.2,142.62,68.97,92.4,161.37,13404.82,290.82,108.68,13114.0,1591576.09,TARGET,1591576.09,0.0
2024-09-11 12:10:00,2024-09-11 12:40:00,YELLOW,5,57.6,90.2,147.87,59.97,82.76,142.73,-1672.22,149.31,47.22,-1821.53,1589754.56,TIME_OUT,1591576.09,0.11
2024-09-13 10:05:00,2024-09-13 10:35:00,GREEN,5,126.9,155.6,282.64,133.28,145.08,278.36,-1391.16,245.24,91.16,-1636.4,1588118.16,TIME_OUT,1591576.09,0.22
2024-09-13 11:15:00,2024-09-13 11:45:00,GREEN,5,126.05,145.3,271.49,135.93,135.83,271.76,90.47,239.69,88.28,-149.22,1587968.94,TIME_OUT,1591576.09,0.23
2024-09-13 11:50:00,2024-09-13 12:20:00,GREEN,5,137.55,135.6,273.29,142.08,125.79,267.87,-1761.69,238.02,87.94,-1999.71,1585969.23,TIME_OUT,1591576.09,0.35
2024-09-13 12:25:00,2024-09-13 12:55:00,GREEN,6,144.6,124.5,269.23,127.09,138.98,266.07,-1235.38,274.14,104.38,-1509.52,1584459.71,TIME_OUT,1591576.09,0.45
2024-09-13 13:00:00,2024-09-13 13:30:00,GREEN,6,124.2,141.65,265.98,126.24,139.43,265.67,-123.17,273.14,103.67,-396.31,1584063.39,TIME_OUT,1591576.09,0.47
2024-09-13 13:40:00,2024-09-13 14:10:00,GREEN,6,123.0,142.35,265.48,114.19,148.93,263.12,-922.08,271.45,103.08,-1193.52,1582869.87,TIME_OUT,1591576.09,0.55
2024-09-13 14:15:00,2024-09-13 14:45:00,GREEN,6,117.75,142.7,260.58,134.13,126.99,261.12,210.27,269.08,101.73,-58.81,1582811.06,TIME_OUT,1591576.09,0.55
2024-09-13 14:50:00,2024-09-13 15:10:00,GREEN,6,138.85,124.45,263.43,123.79,137.28,261.07,-921.28,269.7,102.28,-1190.98,1581620.08,EOD,1591576.09,0.63
2024-09-16 10:10:00,2024-09-16 10:40:00,GREEN,6,134.65,98.55,233.32,123.59,105.6,229.19,-1611.19,243.0,90.19,-1854.19,1579765.88,TIME_OUT,1591576.09,0.74
2024-09-16 10:45:00,2024-09-16 11:15:00,GREEN,7,122.15,107.55,229.81,107.15,122.34,229.49,-149.99,274.91,104.49,-424.91,1579340.98,TIME_OUT,1591576.09,0.77
2024-09-16 11:20:00,2024-09-16 11:50:00,YELLOW,3,110.85,116.95,227.91,122.09,114.74,236.83,1738.94,146.85,45.31,1592.09,1580933.06,TIME_OUT,1591576.09,0.67
2024-09-17 10:10:00,2024-09-17 10:40:00,YELLOW,3,93.2,113.7,207.0,99.3,102.5,201.8,-1014.86,133.58,39.86,-1148.44,1579784.62,TIME_OUT,1591576.09,0.74
2024-09-17 11:05:00,2024-09-17 11:35:00,YELLOW,4,99.65,101.6,201.35,108.1,94.05,202.15,207.55,161.66,52.45,45.89,1579830.51,TIME_OUT,1591576.09,0.74
2024-09-17 11:40:00,2024-09-17 12:10:00,GREEN,8,104.5,95.0,199.6,102.2,96.75,198.95,-337.62,272.93,103.62,-610.55,1579219.96,TIME_OUT,1591576.09,0.78
2024-09-17 12:15:00,2024-09-17 12:45:00,GREEN,8,101.5,98.3,199.9,85.46,111.09,196.55,-1741.08,271.04,103.08,-2012.12,1577207.84,TIME_OUT,1591576.09,0.9
2024-09-17 12:50:00,2024-09-17 13:14:00,GREEN,8,87.1,109.45,196.65,109.6,112.44,222.04,13203.14,291.11,108.86,12912.02,1590119.87,TARGET,1591576.09,0.09
2024-09-17 13:20:00,2024-09-17 13:50:00,GREEN,8,106.4,92.05,198.55,88.61,104.85,193.45,-2649.92,268.06,101.92,-2917.98,1587201.89,TIME_OUT,1591576.09,0.27
2024-09-17 14:10:00,2024-09-17 14:13:00,GREEN,8,86.8,106.05,192.95,111.44,106.5,217.94,12997.17,286.59,106.83,12710.58,1599912.46,TARGET,1599912.46,0.0
2024-09-17 14:15:00,2024-09-17 14:37:00,GREEN,8,86.25,106.4,192.75,111.19,108.85,220.04,14192.67,288.26,107.32,13904.41,1613816.87,TARGET,1613816.87,0.0
2024-09-17 14:55:00,2024-09-17 15:10:00,GREEN,8,103.95,93.0,197.05,79.76,111.24,191.0,-3142.89,265.58,100.89,-3408.47,1610408.4,EOD,1613816.87,0.21
2024-09-20 11:30:00,2024-09-20 12:00:00,GREEN,5,149.15,156.25,305.55,149.93,155.57,305.5,-18.05,263.66,99.3,-281.7,1610126.7,TIME_OUT,1613816.87,0.23
2024-09-20 12:05:00,2024-09-20 12:35:00,GREEN,5,158.65,153.6,312.41,147.68,158.02,305.7,-2180.44,265.07,100.44,-2445.51,1607681.19,TIME_OUT,1613816.87,0.38
2024-09-20 12:40:00,2024-09-20 13:10:00,GREEN,5,148.2,158.4,306.75,137.73,175.31,313.04,2044.28,267.79,100.72,1776.5,1609457.68,TIME_OUT,1613816.87,0.27
2024-09-20 14:20:00,2024-09-20 14:50:00,GREEN,5,138.35,150.05,288.54,133.93,149.93,283.86,-1523.01,249.21,93.02,-1772.23,1607685.46,TIME_OUT,1613816.87,0.38
2024-09-20 14:55:00,2024-09-20 15:10:00,GREEN,5,115.1,172.3,287.54,120.09,154.32,274.41,-4267.57,244.14,91.32,-4511.71,1603173.75,EOD,1613816.87,0.66
2024-09-23 10:10:00,2024-09-23 10:40:00,GREEN,5,147.65,131.45,279.24,140.08,128.94,269.02,-3322.84,239.76,89.09,-3562.6,1599611.15,TIME_OUT,1613816.87,0.88
2024-09-23 10:50:00,2024-09-23 11:20:00,GREEN,6,121.5,145.25,266.88,118.94,137.63,256.57,-4021.57,267.71,102.07,-4289.28,1595321.87,TIME_OUT,1613816.87,1.15
2024-09-24 13:10:00,2024-09-24 13:40:00,YELLOW,3,106.4,101.65,208.15,113.79,90.85,204.65,-683.75,134.6,40.25,-818.35,1594503.52,TIME_OUT,1613816.87,1.2
2024-09-24 13:50:00,2024-09-24 14:20:00,YELLOW,3,120.65,84.95,205.7,92.3,107.05,199.35,-1238.74,132.67,39.49,-1371.42,1593132.11,TIME_OUT,1613816.87,1.28
2024-09-24 14:35:00,2024-09-24 15:05:00,GREEN,8,84.05,116.35,200.5,112.19,80.76,192.95,-3924.3,268.25,102.3,-4192.54,1588939.56,TIME_OUT,1613816.87,1.54
2024-09-25 11:05:00,2024-09-25 11:31:00,YELLOW,4,96.65,68.8,165.53,100.1,85.96,186.06,5336.29,149.51,45.71,5186.78,1594126.34,TARGET,1613816.87,1.22
2024-09-25 11:40:00,2024-09-25 12:10:00,YELLOW,5,88.6,69.95,158.63,81.66,88.86,170.51,3862.76,165.73,53.49,3697.03,1597823.38,TIME_OUT,1613816.87,0.99
2024-09-25 12:30:00,2024-09-25 13:00:00,YELLOW,5,77.85,80.95,158.88,79.26,74.46,153.72,-1675.8,157.1,50.8,-1832.9,1595990.48,TIME_OUT,1613816.87,1.1
2024-09-25 13:15:00,2024-09-25 13:45:00,YELLOW,5,77.35,77.2,154.63,87.26,61.97,149.23,-1755.63,153.96,49.38,-1909.59,1594080.89,TIME_OUT,1613816.87,1.22
2024-09-25 14:15:00,2024-09-25 14:45:00,YELLOW,5,69.1,73.7,142.87,72.31,66.57,138.88,-1297.03,146.36,45.78,-1443.4,1592637.49,TIME_OUT,1613816.87,1.31
2024-09-25 14:50:00,2024-09-25 15:10:00,YELLOW,5,69.7,68.7,138.47,63.57,72.96,136.53,-629.69,144.3,44.69,-773.99,1591863.5,EOD,1613816.87,1.36
2024-09-27 10:30:00,2024-09-27 11:00:00,GREEN,5,166.65,117.35,284.14,157.52,122.89,280.41,-1212.99,246.59,91.74,-1459.58,1590403.93,TIME_OUT,1613816.87,1.45
2024-09-27 11:10:00,2024-09-27 11:40:00,GREEN,5,164.95,117.95,283.04,142.43,134.08,276.51,-2122.18,244.36,90.93,-2366.54,1588037.39,TIME_OUT,1613816.87,1.6
2024-09-27 11:55:00,2024-09-27 12:25:00,GREEN,5,165.1,117.4,282.64,146.93,123.59,270.51,-3941.14,241.18,89.89,-4182.32,1583855.07,TIME_OUT,1613816.87,1.86
2024-09-27 12:30:00,2024-09-27 13:00:00,GREEN,5,142.95,128.05,271.14,148.38,128.84,277.21,1974.64,242.44,89.11,1732.2,1585587.27,TIME_OUT,1613816.87,1.75
2024-09-27 13:35:00,2024-09-27 14:05:00,GREEN,5,154.7,119.95,274.79,165.62,109.35,274.96,56.92,241.98,89.33,-185.06,1585402.21,TIME_OUT,1613816.87,1.76
2024-09-27 14:10:00,2024-09-27 14:40:00,GREEN,5,160.25,111.4,271.79,162.92,105.7,268.62,-1030.31,238.12,87.82,-1268.44,1584133.77,TIME_OUT,1613816.87,1.84
2024-09-27 14:50:00,2024-09-27 15:10:00,GREEN,5,170.9,100.5,271.54,176.21,97.0,273.21,545.23,240.45,88.52,304.78,1584438.55,EOD,1613816.87,1.82
2024-09-30 10:40:00,2024-09-30 11:10:00,GREEN,6,143.05,106.05,249.22,131.68,109.65,241.33,-3079.16,254.19,95.66,-3333.35,1581105.2,TIME_OUT,1613816.87,2.03
2024-10-01 11:20:00,2024-10-01 11:50:00,YELLOW,4,107.6,81.45,189.14,118.69,72.31,191.0,483.58,155.18,49.42,328.4,1581433.6,TIME_OUT,1613816.87,2.01
2024-10-01 12:30:00,2024-10-01 13:00:00,YELLOW,4,103.65,81.9,185.64,90.15,90.05,180.21,-1412.56,150.18,47.56,-1562.74,1579870.87,TIME_OUT,1613816.87,2.1
2024-10-01 13:45:00,2024-10-01 14:15:00,GREEN,9,89.1,84.3,173.49,92.75,72.01,164.77,-5100.69,260.34,98.94,-5361.03,1574509.84,TIME_OUT,1613816.87,2.44
2024-10-01 14:30:00,2024-10-01 15:00:00,GREEN,9,99.3,69.3,168.68,83.21,64.77,147.98,-12114.37,243.06,92.62,-12357.43,1562152.41,TIME_OUT,1613816.87,3.2
2024-10-04 10:25:00,2024-10-04 10:55:00,YELLOW,2,213.2,165.0,378.39,209.55,161.17,370.71,-997.69,152.85,48.69,-1150.54,1561001.87,TIME_OUT,1613816.87,3.27
2024-10-04 11:30:00,2024-10-04 12:00:00,YELLOW,2,213.25,166.65,380.09,211.99,163.77,375.76,-562.63,154.02,49.13,-716.65,1560285.22,TIME_OUT,1613816.87,3.32
2024-10-04 13:50:00,2024-10-04 14:20:00,YELLOW,1,242.45,168.75,411.41,216.34,181.51,397.85,-881.05,104.1,26.3,-985.15,1559300.07,TIME_OUT,1613816.87,3.38
2024-10-04 14:25:00,2024-10-04 14:55:00,YELLOW,1,211.7,188.15,400.05,212.54,177.81,390.35,-630.19,102.89,25.69,-733.07,1558567.0,TIME_OUT,1613816.87,3.42
2024-10-07 10:05:00,2024-10-07 10:35:00,YELLOW,2,191.95,155.4,347.52,199.1,154.72,353.82,818.91,146.99,45.59,671.92,1559238.92,TIME_OUT,1613816.87,3.38
2024-10-08 12:00:00,2024-10-08 12:30:00,YELLOW,2,165.6,140.15,305.9,156.22,140.88,297.1,-1144.19,132.07,39.2,-1276.27,1557962.65,TIME_OUT,1613816.87,3.46
2024-10-08 12:35:00,2024-10-08 13:05:00,YELLOW,2,127.0,164.65,291.8,138.33,136.83,275.16,-2162.35,126.46,36.85,-2288.81,1555673.84,TIME_OUT,1613816.87,3.6
2024-10-08 14:25:00,2024-10-08 14:55:00,YELLOW,2,128.25,138.85,267.23,120.19,150.07,270.26,394.06,123.56,34.94,270.5,1555944.34,TIME_OUT,1613816.87,3.59
2024-10-09 11:25:00,2024-10-09 11:55:00,GREEN,7,86.6,115.45,202.15,108.3,117.59,225.89,10799.87,264.89,97.38,10534.98,1566479.33,TIME_OUT,1613816.87,2.93
2024-10-09 12:30:00,2024-10-09 13:00:00,YELLOW,3,89.25,113.05,202.4,87.91,104.75,192.65,-1900.77,130.22,38.52,-2030.99,1564448.34,TIME_OUT,1613816.87,3.06
2024-10-09 13:05:00,2024-10-09 13:35:00,GREEN,8,88.95,107.5,196.55,83.01,111.59,194.6,-1011.7,268.4,101.7,-1280.1,1563168.24,TIME_OUT,1613816.87,3.14
2024-10-09 13:50:00,2024-10-09 14:20:00,YELLOW,4,87.1,106.4,193.6,74.66,111.29,185.96,-1986.34,153.77,49.34,-2140.11,1561028.13,TIME_OUT,1613816.87,3.27
2024-10-11 10:05:00,2024-10-11 10:35:00,YELLOW,2,173.85,136.15,310.15,172.21,135.13,307.35,-365.14,134.52,40.14,-499.65,1560528.47,TIME_OUT,1613816.87,3.3
2024-10-11 10:45:00,2024-10-11 11:15:00,YELLOW,2,173.4,137.0,310.56,160.17,148.78,308.95,-209.27,134.88,40.27,-344.15,1560184.33,TIME_OUT,1613816.87,3.32
2024-10-11 11:45:00,2024-10-11 12:15:00,YELLOW,2,145.15,168.2,313.51,156.07,146.88,302.95,-1372.57,133.87,40.07,-1506.43,1558677.89,TIME_OUT,1613816.87,3.42
2024-10-11 12:20:00,2024-10-11 12:50:00,YELLOW,2,153.75,145.9,299.8,155.62,140.78,296.4,-441.75,131.46,38.75,-573.21,1558104.68,TIME_OUT,1613816.87,3.45
2024-10-11 12:55:00,2024-10-11 13:25:00,YELLOW,2,155.05,143.05,298.25,161.02,131.98,293.0,-681.93,130.64,38.43,-812.57,1557292.11,TIME_OUT,1613816.87,3.5
2024-10-11 13:35:00,2024-10-11 14:05:00,YELLOW,2,160.95,134.2,295.3,162.02,129.34,291.35,-512.63,130.07,38.13,-642.7,1556649.4,TIME_OUT,1613816.87,3.54
2024-10-11 14:10:00,2024-10-11 14:40:00,YELLOW,2,158.95,133.25,292.35,153.82,132.68,286.51,-759.13,128.84,37.63,-887.97,1555761.44,TIME_OUT,1613816.87,3.6
2024-10-11 14:45:00,2024-10-11 15:10:00,YELLOW,2,154.7,131.35,286.19,150.62,132.08,282.71,-452.98,127.59,36.98,-580.57,1555180.87,EOD,1613816.87,3.63
2024-10-14 12:40:00,2024-10-14 13:10:00,YELLOW,3,115.25,115.2,230.57,129.09,105.35,234.43,754.16,146.41,45.34,607.75,1555788.62,TIME_OUT,1613816.87,3.6
2024-10-14 13:15:00,2024-10-14 13:45:00,YELLOW,3,125.2,109.1,234.42,128.39,103.8,232.18,-435.49,146.16,45.49,-581.65,1555206.97,TIME_OUT,1613816.87,3.63
2024-10-14 13:55:00,2024-10-14 14:25:00,YELLOW,3,111.9,116.25,228.26,131.33,98.7,230.03,345.32,144.78,44.68,200.53,1555407.5,TIME_OUT,1613816.87,3.62
2024-10-14 14:35:00,2024-10-14 15:05:00,YELLOW,3,112.9,110.4,223.41,105.75,116.84,222.59,-160.48,141.92,43.49,-302.4,1555105.1,TIME_OUT,1613816.87,3.64
2024-10-15 11:20:00,2024-10-15 11:50:00,GREEN,7,112.75,95.45,208.3,104.45,103.9,208.35,18.96,253.85,94.79,-234.88,1554870.21,TIME_OUT,1613816.87,3.65
2024-10-15 12:10:00,2024-10-15 12:40:00,GREEN,7,105.9,97.1,203.1,101.45,101.2,202.65,-206.06,248.33,92.31,-454.39,1554415.83,TIME_OUT,1613816.87,3.68
2024-10-15 14:15:00,2024-10-15 14:45:00,GREEN,8,88.1,106.45,194.65,83.26,109.99,193.25,-724.85,266.7,100.85,-991.55,1553424.27,TIME_OUT,1613816.87,3.74
2024-10-15 14:55:00,2024-10-15 15:10:00,GREEN,8,80.85,111.7,192.65,85.16,99.65,184.81,-4076.14,259.1,98.14,-4335.24,1549089.03,EOD,1613816.87,4.01
2024-10-16 12:30:00,2024-10-16 13:00:00,YELLOW,4,74.2,85.7,159.98,76.71,81.91,158.62,-353.42,137.31,41.42,-490.73,1548598.3,TIME_OUT,1613816.87,4.04
2024-10-16 13:05:00,2024-10-16 13:16:00,YELLOW,5,87.35,68.05,155.48,82.06,95.9,177.96,7307.06,168.97,54.18,7138.09,1555736.39,TARGET,1613816.87,3.6
2024-10-16 13:30:00,2024-10-16 13:42:00,YELLOW,5,80.75,70.7,151.53,81.31,93.0,174.31,7405.8,166.33,52.95,7239.47,1562975.86,TARGET,1613816.87,3.15
2024-10-16 13:50:00,2024-10-16 14:00:00,YELLOW,5,61.5,89.15,150.73,82.46,92.75,175.21,7958.28,166.64,52.96,7791.64,1570767.5,TARGET,1613816.87,2.67
2024-10-17 13:00:00,2024-10-17 13:17:00,GREEN,15,13.9,30.1,44.02,10.84,38.83,49.68,5511.82,149.53,45.68,5362.29,1576129.79,TARGET,1613816.87,2.34
2024-10-18 10:35:00,2024-10-18 11:05:00,YELLOW,2,173.6,142.85,316.61,190.55,131.03,321.59,647.52,137.96,41.48,509.56,1576639.35,TIME_OUT,1613816.87,2.3
2024-10-18 11:15:00,2024-10-18 11:45:00,YELLOW,2,189.5,129.05,318.71,166.87,133.68,300.55,-2360.75,133.77,40.25,-2494.52,1574144.83,TIME_OUT,1613816.87,2.46
2024-10-18 13:10:00,2024-10-18 13:40:00,YELLOW,2,159.2,134.35,293.7,174.91,125.09,300.0,819.41,131.74,38.59,687.67,1574832.5,TIME_OUT,1613816.87,2.42
2024-10-18 13:45:00,2024-10-18 14:15:00,YELLOW,2,161.95,135.0,297.1,177.81,118.89,296.7,-51.6,131.32,38.6,-182.91,1574649.59,TIME_OUT,1613816.87,2.43
2024-10-18 14:20:00,2024-10-18 14:50:00,YELLOW,2,181.4,113.85,295.4,173.51,108.55,282.06,-1734.03,128.16,37.53,-1862.19,1572787.4,TIME_OUT,1613816.87,2.54
2024-10-18 15:00:00,2024-10-18 15:10:00,YELLOW,2,169.5,108.75,278.39,148.63,122.74,271.36,-913.23,124.64,35.73,-1037.88,1571749.52,EOD,1613816.87,2.61
2024-10-21 11:05:00,2024-10-21 11:35:00,YELLOW,3,103.35,145.85,249.32,119.19,142.68,261.87,2446.16,157.08,49.84,2289.08,1574038.6,TIME_OUT,1613816.87,2.46
2024-10-21 12:30:00,2024-10-21 13:00:00,GREEN,6,107.8,145.65,253.58,117.94,136.98,254.92,524.84,263.63,99.16,261.22,1574299.82,TIME_OUT,1613816.87,2.45
2024-10-21 13:05:00,2024-10-21 13:35:00,GREEN,6,98.5,159.2,257.83,118.39,120.39,238.78,-7428.84,254.59,96.84,-7683.43,1566616.39,TIME_OUT,1613816.87,2.92
2024-10-21 14:55:00,2024-10-21 15:10:00,GREEN,6,97.95,140.2,238.27,96.45,134.43,230.88,-2879.98,245.2,91.48,-3125.18,1563491.2,EOD,1613816.87,3.12
2024-10-22 14:20:00,2024-10-22 14:50:00,YELLOW,3,106.1,114.25,220.46,118.39,104.95,223.34,561.23,141.81,43.27,419.42,1563910.62,TIME_OUT,1613816.87,3.09
2024-10-23 12:05:00,2024-10-23 12:35:00,YELLOW,3,115.25,88.0,203.35,93.0,112.49,205.5,418.39,134.31,39.86,284.08,1564194.7,TIME_OUT,1613816.87,3.07
2024-10-23 13:50:00,2024-10-23 14:20:00,YELLOW,4,78.4,85.0,163.48,87.76,83.51,171.26,2023.48,143.08,43.52,1880.4,1566075.1,TIME_OUT,1613816.87,2.96
2024-10-25 11:15:00,2024-10-25 11:45:00,YELLOW,2,182.9,159.85,342.92,175.01,156.92,331.93,-1428.37,142.11,43.87,-1570.48,1564504.63,TIME_OUT,1613816.87,3.06
2024-10-25 11:55:00,2024-10-25 12:25:00,YELLOW,2,167.5,164.2,331.87,173.11,168.92,342.03,1321.2,143.35,43.8,1177.85,1565682.47,TIME_OUT,1613816.87,2.98
2024-10-25 12:30:00,2024-10-25 13:00:00,YELLOW,2,181.85,158.15,340.17,182.66,149.83,332.48,-999.22,142.02,43.72,-1141.24,1564541.23,TIME_OUT,1613816.87,3.05
2024-10-25 13:05:00,2024-10-25 13:35:00,YELLOW,2,152.95,174.0,327.11,172.61,159.27,331.88,620.17,140.89,42.83,479.27,1565020.51,TIME_OUT,1613816.87,3.02
2024-10-25 13:40:00,2024-10-25 14:10:00,YELLOW,2,164.6,168.4,333.17,166.52,154.82,321.34,-1537.54,139.17,42.54,-1676.72,1563343.79,TIME_OUT,1613816.87,3.13
2024-10-25 14:15:00,2024-10-25 14:45:00,YELLOW,2,161.95,160.6,322.71,157.17,158.42,315.59,-925.49,137.18,41.49,-1062.67,1562281.12,TIME_OUT,1613816.87,3.19
2024-10-25 14:55:00,2024-10-25 15:10:00,YELLOW,2,146.45,168.15,314.76,161.47,153.67,315.14,50.06,136.48,40.94,-86.43,1562194.69,EOD,1613816.87,3.2
2024-10-28 11:05:00,2024-10-28 11:35:00,YELLOW,3,134.45,119.0,253.58,118.09,125.94,244.03,-1862.02,152.03,48.52,-2014.05,1560180.64,TIME_OUT,1613816.87,3.32
2024-10-28 12:50:00,2024-10-28 13:20:00,YELLOW,3,124.3,118.45,242.87,111.49,122.44,233.93,-1742.99,147.67,46.49,-1890.66,1558289.98,TIME_OUT,1613816.87,3.44
2024-10-28 13:35:00,2024-10-28 14:05:00,GREEN,6,105.0,125.35,230.47,134.78,109.95,244.73,5562.34,251.99,92.66,5310.35,1563600.33,TIME_OUT,1613816.87,3.11
2024-10-28 14:30:00,2024-10-28 15:00:00,YELLOW,3,108.5,124.5,233.12,135.33,99.6,234.93,354.12,146.86,45.63,207.25,1563807.58,TIME_OUT,1613816.87,3.1
2024-10-29 13:25:00,2024-10-29 13:55:00,YELLOW,3,108.5,110.5,219.11,108.95,101.35,210.29,-1718.87,137.61,41.87,-1856.48,1561951.11,TIME_OUT,1613816.87,3.21
2024-10-30 11:05:00,2024-10-30 11:35:00,YELLOW,4,89.3,88.7,178.09,95.3,79.56,174.86,-838.88,146.81,45.88,-985.69,1560965.42,TIME_OUT,1613816.87,3.27
2024-10-30 11:45:00,2024-10-30 12:15:00,YELLOW,4,98.1,73.55,171.74,87.71,79.31,167.02,-1227.04,142.59,44.04,-1369.63,1559595.79,TIME_OUT,1613816.87,3.36
2024-10-30 12:20:00,2024-10-30 12:50:00,YELLOW,4,89.9,75.1,165.08,95.05,68.62,163.67,-367.74,140.18,42.74,-507.92,1559087.87,TIME_OUT,1613816.87,3.39
2024-10-30 13:10:00,2024-10-30 13:32:00,YELLOW,5,86.1,68.5,154.68,89.86,85.86,175.71,6836.31,167.66,53.69,6668.65,1565756.52,TARGET,1613816.87,2.98
2024-10-30 14:40:00,2024-10-30 15:10:00,YELLOW,5,94.25,59.6,153.93,79.86,66.57,146.43,-2437.56,152.38,48.81,-2589.94,1563166.58,TIME_OUT,1613816.87,3.14
2024-10-31 12:05:00,2024-10-31 12:20:00,YELLOW,7,16.15,29.6,45.77,33.23,37.08,70.31,11166.59,110.36,26.41,11056.23,1574222.81,TARGET,1613816.87,2.45
2024-10-31 12:25:00,2024-10-31 12:30:00,GREEN,15,29.5,16.2,45.72,10.14,43.88,54.02,8092.62,157.25,48.63,7935.37,1582158.18,TARGET,1613816.87,1.96
2024-10-31 12:35:00,2024-10-31 13:05:00,YELLOW,7,27.55,17.35,44.92,20.54,22.69,43.23,-770.8,90.53,20.05,-861.34,1581296.85,TIME_OUT,1613816.87,2.02
2024-11-05 11:25:00,2024-11-05 11:55:00,YELLOW,2,184.7,185.9,370.79,206.95,180.31,387.26,2141.23,155.69,49.27,1985.54,1583282.39,TIME_OUT,1613816.87,1.89
2024-11-06 10:25:00,2024-11-06 10:38:00,GREEN,7,114.45,97.6,212.16,112.94,125.99,238.93,12182.37,277.01,102.62,11905.37,1595187.75,TARGET,1613816.87,1.15
2024-11-06 12:40:00,2024-11-06 13:10:00,GREEN,8,88.3,106.75,195.15,94.3,89.71,184.01,-5792.58,259.21,98.58,-6051.79,1589135.97,TIME_OUT,1613816.87,1.53
2024-11-06 14:00:00,2024-11-06 14:22:00,GREEN,9,79.45,95.05,174.59,101.2,100.15,201.35,15655.78,294.74,109.96,15361.04,1604497.01,TARGET,1613816.87,0.58
2024-11-06 14:35:00,2024-11-06 15:05:00,YELLOW,4,87.85,85.0,172.94,66.82,106.7,173.51,149.96,145.46,45.04,4.5,1604501.51,TIME_OUT,1613816.87,0.58
2024-11-08 10:50:00,2024-11-08 11:20:00,YELLOW,2,181.15,141.3,322.61,164.72,143.43,308.15,-1880.5,135.64,41.0,-2016.14,1602485.37,TIME_OUT,1613816.87,0.7
2024-11-08 11:35:00,2024-11-08 12:05:00,YELLOW,2,156.7,156.4,313.26,163.82,147.03,310.84,-313.57,135.48,40.57,-449.04,1602036.33,TIME_OUT,1613816.87,0.73
2024-11-08 12:15:00,2024-11-08 12:45:00,YELLOW,2,160.8,147.75,308.7,154.52,150.02,304.55,-540.36,133.83,39.86,-674.19,1601362.14,TIME_OUT,1613816.87,0.77
2024-11-08 12:50:00,2024-11-08 13:20:00,YELLOW,2,153.2,152.05,305.4,166.37,136.43,302.8,-338.53,133.21,39.53,-471.75,1600890.39,TIME_OUT,1613816.87,0.8
2024-11-08 13:30:00,2024-11-08 14:00:00,YELLOW,2,147.6,149.15,296.9,154.37,135.28,289.66,-941.63,129.84,38.13,-1071.47,1599818.92,TIME_OUT,1613816.87,0.87
2024-11-08 14:25:00,2024-11-08 14:55:00,YELLOW,2,141.35,147.35,288.84,154.87,135.93,290.8,254.82,129.46,37.68,125.36,1599944.28,TIME_OUT,1613816.87,0.86
2024-11-11 12:55:00,2024-11-11 13:25:00,YELLOW,3,111.3,130.15,241.57,133.03,113.09,246.13,888.45,151.3,47.55,737.14,1600681.43,TIME_OUT,1613816.87,0.81
2024-11-12 11:25:00,2024-11-12 11:55:00,GREEN,7,106.05,106.15,212.31,100.05,113.19,213.24,426.44,258.46,96.81,167.97,1600849.4,TIME_OUT,1613816.87,0.8
2024-11-12 12:00:00,2024-11-12 12:22:00,GREEN,7,96.7,117.9,214.71,122.39,118.59,240.98,11953.83,279.17,103.67,11674.65,1612524.05,TARGET,1613816.87,0.08
2024-11-12 12:30:00,2024-11-12 13:00:00,YELLOW,3,115.65,101.65,217.41,120.54,112.34,232.88,3017.6,144.42,43.9,2873.18,1615397.23,TIME_OUT,1615397.23,0.0
2024-11-12 14:15:00,2024-11-12 14:35:00,YELLOW,3,103.15,111.95,215.21,128.94,112.09,241.03,5035.27,146.69,44.48,4888.57,1620285.81,TARGET,1620285.81,0.0
2024-11-12 14:40:00,2024-11-12 15:10:00,YELLOW,3,107.95,103.95,212.01,126.59,91.45,218.04,1176.82,139.19,41.93,1037.63,1621323.43,TIME_OUT,1621323.43,0.0
2024-11-13 12:35:00,2024-11-13 13:05:00,YELLOW,4,98.45,87.2,185.74,91.2,97.7,188.91,822.3,153.79,48.7,668.51,1621991.94,TIME_OUT,1621991.94,0.0
2024-11-13 13:40:00,2024-11-13 14:09:00,YELLOW,4,101.85,80.65,182.59,106.2,104.6,210.79,7332.86,162.35,51.14,7170.51,1629162.45,TARGET,1629162.45,0.0
2024-11-13 14:15:00,2024-11-13 14:45:00,YELLOW,4,90.8,87.3,178.19,95.05,94.95,190.0,3072.13,153.08,47.87,2919.05,1632081.5,TIME_OUT,1632081.5,0.0
2024-11-18 10:20:00,2024-11-18 10:50:00,YELLOW,3,152.35,124.3,276.79,147.58,127.24,274.81,-385.28,164.25,53.78,-549.53,1631531.97,TIME_OUT,1632081.5,0.03
2024-11-18 11:15:00,2024-11-18 11:45:00,YELLOW,3,125.6,141.25,266.98,126.19,132.38,258.57,-1640.49,158.09,51.24,-1798.58,1629733.39,TIME_OUT,1632081.5,0.14
2024-11-18 14:50:00,2024-11-18 15:10:00,YELLOW,3,119.75,120.9,240.77,113.89,120.29,234.18,-1284.56,147.51,46.31,-1432.07,1628301.32,EOD,1632081.5,0.23
2024-11-19 10:30:00,2024-11-19 11:00:00,YELLOW,4,100.25,98.45,198.8,84.76,105.3,190.05,-2273.55,156.26,50.55,-2429.82,1625871.51,TIME_OUT,1632081.5,0.38
2024-11-19 11:55:00,2024-11-19 12:25:00,GREEN,8,98.7,87.0,185.79,93.45,86.91,180.36,-2825.2,253.32,95.2,-3078.52,1622792.99,TIME_OUT,1632081.5,0.57
2024-11-19 12:30:00,2024-11-19 13:00:00,YELLOW,4,89.45,91.5,181.04,92.9,86.11,179.01,-527.81,148.97,46.81,-676.78,1622116.21,TIME_OUT,1632081.5,0.61
2024-11-19 13:05:00,2024-11-19 13:35:00,GREEN,9,93.1,86.35,179.54,97.95,79.16,177.11,-1420.57,273.91,104.32,-1694.48,1620421.73,TIME_OUT,1632081.5,0.71
2024-11-19 13:40:00,2024-11-19 14:08:00,YELLOW,4,93.55,83.25,176.89,99.55,105.05,204.6,7204.4,158.92,49.59,7045.49,1627467.22,TARGET,1632081.5,0.28
2024-11-22 11:10:00,2024-11-22 11:40:00,YELLOW,2,187.05,197.45,384.69,217.34,172.41,389.76,658.16,157.27,50.34,500.89,1627968.11,TIME_OUT,1632081.5,0.25
2024-11-25 11:25:00,2024-11-25 11:55:00,YELLOW,2,164.9,135.1,300.15,151.62,140.88,292.5,-994.02,130.68,38.52,-1124.7,1626843.4,TIME_OUT,1632081.5,0.32
2024-11-25 12:25:00,2024-11-25 12:55:00,YELLOW,2,145.7,142.9,288.74,154.22,151.32,305.55,2184.37,132.5,38.63,2051.87,1628895.27,TIME_OUT,1632081.5,0.2
2024-11-25 14:05:00,2024-11-25 14:35:00,YELLOW,2,142.7,156.75,299.6,154.57,140.23,294.8,-623.64,131.11,38.64,-754.75,1628140.52,TIME_OUT,1632081.5,0.24
2024-11-26 10:05:00,2024-11-26 10:35:00,YELLOW,3,118.25,132.65,251.03,114.24,137.03,251.27,48.53,153.99,48.97,-105.46,1628035.06,TIME_OUT,1632081.5,0.25
2024-11-26 11:15:00,2024-11-26 11:45:00,GREEN,6,119.05,125.0,244.17,137.03,104.0,241.03,-1225.61,252.85,94.61,-1478.46,1626556.6,TIME_OUT,1632081.5,0.34
2024-11-26 11:55:00,2024-11-26 12:25:00,YELLOW,3,132.0,106.9,239.02,125.74,122.04,247.78,1707.54,151.52,47.46,1556.01,1628112.61,TIME_OUT,1632081.5,0.24
2024-11-26 12:50:00,2024-11-26 13:20:00,YELLOW,3,135.25,103.55,238.92,115.99,113.19,229.19,-1898.14,145.75,45.64,-2043.89,1626068.73,TIME_OUT,1632081.5,0.37
2024-11-26 13:25:00,2024-11-26 13:55:00,YELLOW,3,135.1,99.85,235.07,119.24,112.59,231.83,-630.52,146.12,45.52,-776.65,1625292.08,TIME_OUT,1632081.5,0.42
2024-11-26 14:05:00,2024-11-26 14:35:00,YELLOW,3,121.85,113.3,235.27,123.74,102.1,225.84,-1838.96,144.29,44.96,-1983.25,1623308.83,TIME_OUT,1632081.5,0.54
2024-11-26 14:45:00,2024-11-26 15:10:00,GREEN,7,141.45,89.7,231.27,114.64,102.55,217.19,-6403.77,266.41,102.02,-6670.18,1616638.65,EOD,1632081.5,0.95
2024-11-27 10:45:00,2024-11-27 11:15:00,GREEN,9,80.4,86.6,167.08,77.21,84.96,162.17,-2875.06,255.71,96.31,-3130.77,1613507.89,TIME_OUT,1632081.5,1.14
2024-11-27 11:20:00,2024-11-27 11:50:00,GREEN,10,81.7,79.15,160.93,79.96,80.46,160.42,-331.94,274.71,104.44,-606.65,1612901.24,TIME_OUT,1632081.5,1.18
2024-11-27 11:55:00,2024-11-27 11:57:00,GREEN,9,102.0,67.35,169.43,103.95,87.66,191.6,12969.14,283.9,105.6,12685.24,1625586.48,TARGET,1632081.5,0.4
2024-11-27 12:00:00,2024-11-27 12:23:00,YELLOW,4,103.55,68.4,172.04,109.75,86.71,196.45,6348.1,154.8,47.9,6193.29,1631779.77,TARGET,1632081.5,0.02
2024-11-27 13:55:00,2024-11-27 14:14:00,GREEN,10,88.25,78.95,167.28,110.54,77.16,187.71,13274.63,305.35,115.37,12969.28,1644749.05,TARGET,1644749.05,0.0
2024-11-27 14:20:00,2024-11-27 14:50:00,GREEN,10,90.45,71.5,162.03,82.11,73.16,155.27,-4393.12,269.81,103.12,-4662.94,1640086.11,TIME_OUT,1644749.05,0.28
2024-11-27 14:55:00,2024-11-27 15:10:00,GREEN,10,84.25,69.6,153.93,73.41,74.71,148.13,-3770.67,259.32,98.17,-4029.99,1636056.13,EOD,1644749.05,0.53
2024-11-29 10:10:00,2024-11-29 10:40:00,GREEN,4,233.25,159.25,392.7,227.24,169.02,396.25,924.44,271.25,102.56,653.19,1636709.31,TIME_OUT,1644749.05,0.49
2024-11-29 12:05:00,2024-11-29 12:35:00,GREEN,4,192.8,156.7,349.67,193.25,149.73,342.98,-1741.04,242.63,90.04,-1983.67,1634725.64,TIME_OUT,1644749.05,0.61
2024-11-29 12:45:00,2024-11-29 13:15:00,GREEN,4,185.55,156.65,342.37,201.4,140.68,342.08,-75.98,241.14,88.98,-317.11,1634408.53,TIME_OUT,1644749.05,0.63
2024-11-29 13:45:00,2024-11-29 14:15:00,GREEN,5,184.4,146.15,330.72,191.35,141.78,333.13,785.87,282.76,107.88,503.11,1634911.64,TIME_OUT,1644749.05,0.6
2024-11-29 14:20:00,2024-11-29 14:50:00,GREEN,5,199.25,134.85,334.27,190.8,133.78,324.59,-3145.81,279.03,107.06,-3424.84,1631486.8,TIME_OUT,1644749.05,0.81
2024-11-29 14:55:00,2024-11-29 15:10:00,GREEN,5,185.7,134.7,320.56,175.81,139.43,315.24,-1728.32,271.57,103.32,-1999.89,1629486.91,EOD,1644749.05,0.93
2024-12-02 09:45:00,2024-12-02 10:15:00,GREEN,5,165.7,145.6,311.46,182.31,126.54,308.85,-848.3,266.52,100.8,-1114.82,1628372.1,TIME_OUT,1644749.05,1.0
2024-12-02 10:35:00,2024-12-02 11:05:00,GREEN,5,171.1,145.75,317.01,162.07,153.32,315.39,-525.26,270.97,102.77,-796.23,1627575.87,TIME_OUT,1644749.05,1.04
2024-12-03 11:25:00,2024-12-03 11:55:00,YELLOW,3,127.7,135.0,262.83,146.43,126.39,272.81,1946.52,162.02,52.23,1784.5,1629360.37,TIME_OUT,1644749.05,0.94
2024-12-03 12:00:00,2024-12-03 12:30:00,YELLOW,3,131.25,134.9,266.28,143.23,132.18,275.41,1780.18,163.23,52.82,1616.96,1630977.32,TIME_OUT,1644749.05,0.84
2024-12-03 12:35:00,2024-12-03 13:05:00,YELLOW,3,146.0,127.25,273.39,150.42,123.94,274.36,190.34,163.72,53.41,26.63,1631003.95,TIME_OUT,1644749.05,0.84
2024-12-03 13:10:00,2024-12-03 13:40:00,YELLOW,3,146.9,127.25,274.29,142.73,130.23,272.96,-258.11,163.39,53.36,-421.5,1630582.45,TIME_OUT,1644749.05,0.86
2024-12-03 14:20:00,2024-12-03 14:50:00,YELLOW,3,145.6,121.15,266.88,135.78,130.23,266.02,-168.96,160.38,51.96,-329.34,1630253.11,TIME_OUT,1644749.05,0.88
2024-12-04 10:25:00,2024-12-04 10:55:00,YELLOW,3,126.4,118.4,244.92,111.14,121.24,232.38,-2445.04,147.43,46.54,-2592.47,1627660.65,TIME_OUT,1644749.05,1.04
2024-12-04 11:00:00,2024-12-04 11:30:00,YELLOW,3,127.25,111.35,238.72,106.1,126.59,232.68,-1176.96,146.81,45.96,-1323.77,1626336.88,TIME_OUT,1644749.05,1.12
2024-12-04 11:50:00,2024-12-04 11:57:00,YELLOW,3,103.65,126.95,230.72,107.5,164.92,272.41,8131.19,158.21,49.06,7972.99,1634309.86,TARGET,1644749.05,0.63
2024-12-04 13:05:00,2024-12-04 13:35:00,YELLOW,3,122.0,121.75,243.87,125.74,111.39,237.13,-1314.4,148.78,46.9,-1463.18,1632846.69,TIME_OUT,1644749.05,0.72
2024-12-06 11:10:00,2024-12-06 11:40:00,GREEN,4,190.5,213.1,403.8,191.9,201.1,393.0,-2807.58,271.61,103.58,-3079.19,1629767.49,TIME_OUT,1644749.05,0.91
2024-12-06 12:00:00,2024-12-06 12:30:00,GREEN,4,204.0,190.85,395.05,200.45,181.11,381.56,-3506.96,265.54,100.96,-3772.49,1625995.0,TIME_OUT,1644749.05,1.14
2024-12-06 12:45:00,2024-12-06 13:15:00,GREEN,4,201.6,179.1,380.89,207.85,171.86,379.71,-306.88,262.6,98.88,-569.48,1625425.52,TIME_OUT,1644749.05,1.17
2024-12-06 13:30:00,2024-12-06 14:00:00,GREEN,4,200.9,179.35,380.44,185.61,191.85,377.46,-774.53,261.6,98.53,-1036.13,1624389.39,TIME_OUT,1644749.05,1.24
2024-12-06 14:05:00,2024-12-06 14:35:00,GREEN,4,191.0,187.25,378.44,209.75,172.91,382.66,1097.06,263.44,98.94,833.61,1625223.0,TIME_OUT,1644749.05,1.19
2024-12-06 14:40:00,2024-12-06 15:10:00,GREEN,4,185.05,192.1,377.34,182.06,180.66,362.72,-3801.21,255.03,96.21,-4056.24,1621166.76,TIME_OUT,1644749.05,1.43
2024-12-09 10:40:00,2024-12-09 11:10:00,GREEN,5,163.35,164.3,327.81,150.57,169.67,320.24,-2461.56,275.54,105.31,-2737.1,1618429.66,TIME_OUT,1644749.05,1.6
2024-12-09 12:05:00,2024-12-09 12:35:00,YELLOW,2,165.6,148.6,314.36,142.08,165.02,307.1,-943.89,134.79,40.39,-1078.68,1617350.98,TIME_OUT,1644749.05,1.67
2024-12-09 13:05:00,2024-12-09 13:35:00,YELLOW,2,140.95,163.4,304.5,143.78,155.97,299.75,-617.78,132.51,39.28,-750.29,1616600.69,TIME_OUT,1644749.05,1.71
2024-12-09 13:40:00,2024-12-09 14:10:00,YELLOW,2,141.85,159.05,301.05,138.68,163.92,302.6,201.26,132.84,39.24,68.43,1616669.12,TIME_OUT,1644749.05,1.71
2024-12-09 14:15:00,2024-12-09 14:45:00,YELLOW,2,156.65,147.6,304.4,135.13,160.07,295.2,-1195.97,131.57,38.97,-1327.54,1615341.58,TIME_OUT,1644749.05,1.79
2024-12-09 14:50:00,2024-12-09 15:10:00,GREEN,5,137.2,158.55,295.9,145.43,142.68,288.11,-2532.4,252.82,94.9,-2785.22,1612556.36,EOD,1644749.05,1.96
2024-12-10 10:20:00,2024-12-10 10:50:00,GREEN,6,126.55,128.0,254.68,109.9,140.03,249.92,-1853.4,260.78,98.4,-2114.18,1610442.18,TIME_OUT,1644749.05,2.09
2024-12-10 10:55:00,2024-12-10 11:25:00,GREEN,6,112.35,135.5,247.97,116.39,128.14,244.53,-1344.04,255.89,96.04,-1599.93,1608842.26,TIME_OUT,1644749.05,2.18
2024-12-10 11:35:00,2024-12-10 12:05:00,GREEN,6,122.0,125.75,247.87,114.54,129.64,244.18,-1441.45,255.65,95.95,-1697.1,1607145.16,TIME_OUT,1644749.05,2.29
2024-12-10 13:25:00,2024-12-10 13:55:00,YELLOW,3,124.35,130.1,254.58,114.54,142.03,256.57,388.91,156.04,49.84,232.87,1607378.03,TIME_OUT,1644749.05,2.27
2024-12-10 14:05:00,2024-12-10 14:35:00,YELLOW,3,116.85,135.55,252.53,114.19,130.98,245.18,-1433.03,152.27,48.53,-1585.3,1605792.73,TIME_OUT,1644749.05,2.37
2024-12-10 14:45:00,2024-12-10 15:10:00,YELLOW,3,116.7,124.4,241.22,113.49,118.29,231.78,-1840.12,146.82,46.12,-1986.93,1603805.8,EOD,1644749.05,2.49
2024-12-11 11:00:00,2024-12-11 11:30:00,YELLOW,4,90.6,75.3,165.98,87.96,73.51,161.47,-1173.57,139.41,42.57,-1312.98,1602492.82,TIME_OUT,1644749.05,2.57
2024-12-11 11:35:00,2024-12-11 12:05:00,YELLOW,4,69.5,95.0,164.58,92.7,86.41,179.11,3777.32,146.49,44.68,3630.83,1606123.64,TIME_OUT,1644749.05,2.35
2024-12-11 12:10:00,2024-12-11 12:40:00,GREEN,10,91.5,66.25,157.83,63.97,86.31,150.27,-4910.13,263.04,100.13,-5173.17,1600950.48,TIME_OUT,1644749.05,2.66
2024-12-11 13:00:00,2024-12-11 13:30:00,YELLOW,5,64.45,82.15,146.67,71.46,70.41,141.88,-1558.14,148.64,46.89,-1706.78,1599243.7,TIME_OUT,1644749.05,2.77
2024-12-11 13:35:00,2024-12-11 14:05:00,YELLOW,5,73.8,66.8,140.67,69.82,66.82,136.63,-1312.56,144.78,45.06,-1457.34,1597786.36,TIME_OUT,1644749.05,2.86
2024-12-11 14:10:00,2024-12-11 14:40:00,GREEN,12,71.7,64.15,135.92,63.67,66.97,130.63,-4120.95,271.76,103.96,-4392.72,1593393.64,TIME_OUT,1644749.05,3.12
2024-12-11 14:45:00,2024-12-11 14:54:00,GREEN,12,55.5,79.8,135.37,76.51,79.06,155.57,15759.53,302.44,113.47,15457.09,1608850.73,TARGET,1644749.05,2.18
2024-12-11 14:55:00,2024-12-11 15:10:00,YELLOW,6,80.8,54.75,135.62,59.52,78.86,138.38,1077.57,164.22,53.43,913.35,1609764.09,EOD,1644749.05,2.13
2024-12-13 11:10:00,2024-12-13 11:40:00,YELLOW,2,191.2,193.0,384.39,184.21,188.71,372.91,-1492.22,153.76,49.22,-1645.99,1608118.1,TIME_OUT,1644749.05,2.23
2024-12-13 12:45:00,2024-12-13 13:15:00,YELLOW,2,196.05,171.85,368.08,180.16,170.51,350.67,-2263.22,147.92,46.72,-2411.14,1605706.96,TIME_OUT,1644749.05,2.37
2024-12-13 14:35:00,2024-12-13 15:05:00,YELLOW,2,156.65,154.9,311.71,148.08,140.08,288.16,-3061.49,130.67,38.99,-3192.16,1602514.8,TIME_OUT,1644749.05,2.57
2024-12-17 14:15:00,2024-12-17 14:45:00,YELLOW,3,131.8,111.6,243.52,120.94,119.64,240.58,-573.7,149.81,47.2,-723.51,1601791.29,TIME_OUT,1644749.05,2.61
2024-12-18 11:35:00,2024-12-18 12:05:00,GREEN,9,89.8,81.0,170.89,77.36,87.56,164.92,-3491.22,259.58,98.22,-3750.8,1598040.49,TIME_OUT,1644749.05,2.84
2024-12-18 12:10:00,2024-12-18 12:12:00,GREEN,10,78.1,84.35,162.53,99.8,87.56,187.36,16136.28,303.16,113.71,15833.12,1613873.61,TARGET,1644749.05,1.88
2024-12-18 14:55:00,2024-12-18 15:10:00,GREEN,11,74.35,73.6,148.02,68.72,75.96,144.68,-2392.64,274.12,104.64,-2666.76,1611206.85,EOD,1644749.05,2.04
2024-12-20 11:20:00,2024-12-20 11:50:00,YELLOW,2,224.15,158.65,382.99,209.45,147.13,356.57,-3434.57,150.28,48.07,-3584.85,1607622.0,TIME_OUT,1644749.05,2.26
2024-12-23 11:50:00,2024-12-23 12:20:00,GREEN,8,115.0,89.95,205.05,124.14,82.96,207.1,1062.84,281.34,107.16,781.5,1608403.51,TIME_OUT,1644749.05,2.21
2024-12-23 13:40:00,2024-12-23 14:10:00,YELLOW,3,129.65,90.05,219.81,101.1,114.74,215.84,-773.73,139.41,42.48,-913.14,1607490.37,TIME_OUT,1644749.05,2.27
2024-12-24 10:50:00,2024-12-24 11:20:00,GREEN,9,107.6,68.65,176.34,88.06,73.21,161.27,-8815.25,258.07,98.75,-9073.32,1598417.05,TIME_OUT,1644749.05,2.82
2024-12-24 11:45:00,2024-12-24 11:53:00,YELLOW,5,81.15,74.25,155.48,106.1,73.91,180.01,7972.98,170.03,54.52,7802.95,1606220.0,TARGET,1644749.05,2.34
2024-12-24 11:55:00,2024-12-24 12:03:00,GREEN,10,80.55,74.15,154.78,107.45,70.46,177.91,15036.87,290.43,108.12,14746.44,1620966.45,TARGET,1644749.05,1.45
2024-12-24 13:15:00,2024-12-24 13:45:00,GREEN,11,79.1,60.85,140.02,79.01,70.26,149.28,6617.58,275.97,103.42,6341.6,1627308.05,TIME_OUT,1644749.05,1.06
2024-12-24 14:30:00,2024-12-24 14:49:00,YELLOW,5,77.8,61.4,139.27,102.45,65.72,168.17,9391.29,160.8,49.96,9230.48,1636538.53,TARGET,1644749.05,0.5
2024-12-24 14:50:00,2024-12-24 14:52:00,YELLOW,6,69.8,66.05,135.92,101.45,65.72,167.17,12186.9,182.13,59.1,12004.76,1648543.3,TARGET,1648543.3,0.0
2024-12-24 14:55:00,2024-12-24 15:02:00,YELLOW,6,78.2,61.75,140.02,106.8,56.42,163.22,9047.37,180.63,59.13,8866.74,1657410.03,TARGET,1657410.03,0.0
2024-12-27 10:45:00,2024-12-27 11:15:00,YELLOW,2,187.8,129.0,316.96,177.61,128.74,306.35,-1379.51,134.83,40.51,-1514.35,1655895.68,TIME_OUT,1657410.03,0.09
2024-12-27 11:50:00,2024-12-27 12:20:00,YELLOW,2,178.4,127.5,306.05,166.67,138.83,305.5,-72.25,133.82,39.75,-206.07,1655689.61,TIME_OUT,1657410.03,0.1
2024-12-27 12:25:00,2024-12-27 12:55:00,YELLOW,2,163.25,138.75,302.15,169.82,133.18,303.0,110.17,133.0,39.33,-22.84,1655666.77,TIME_OUT,1657410.03,0.11
2024-12-27 13:00:00,2024-12-27 13:30:00,YELLOW,2,165.45,136.55,302.15,168.52,120.64,289.16,-1689.43,130.14,38.43,-1819.58,1653847.2,TIME_OUT,1657410.03,0.21
2024-12-27 13:35:00,2024-12-27 14:05:00,GREEN,5,167.1,124.35,291.6,167.47,119.44,286.91,-1524.01,251.37,94.01,-1775.38,1652071.82,TIME_OUT,1657410.03,0.32
2024-12-27 14:10:00,2024-12-27 14:40:00,YELLOW,2,169.0,119.1,288.24,167.72,116.54,284.26,-518.21,128.06,37.21,-646.28,1651425.54,TIME_OUT,1657410.03,0.36
2024-12-27 15:00:00,2024-12-27 15:10:00,GREEN,5,174.3,116.15,290.6,172.21,113.69,285.91,-1523.68,250.66,93.68,-1774.35,1649651.19,EOD,1657410.03,0.47
2024-12-31 14:30:00,2024-12-31 15:00:00,YELLOW,3,146.25,128.9,275.29,149.33,120.94,270.26,-979.44,162.67,53.19,-1142.11,1648509.09,TIME_OUT,1657410.03,0.54
2025-01-01 10:20:00,2025-01-01 10:50:00,YELLOW,3,133.75,116.45,250.33,158.62,120.54,279.16,5622.87,162.55,51.62,5460.32,1653969.41,TIME_OUT,1657410.03,0.21
2025-01-01 12:15:00,2025-01-01 12:45:00,YELLOW,3,143.9,125.6,269.63,157.12,122.09,279.21,1867.24,164.79,53.51,1702.45,1655671.85,TIME_OUT,1657410.03,0.1
2025-01-01 13:05:00,2025-01-01 13:35:00,YELLOW,3,139.8,131.0,270.94,132.13,125.24,257.37,-2645.01,158.17,51.51,-2803.18,1652868.67,TIME_OUT,1657410.03,0.27
2025-01-01 13:40:00,2025-01-01 14:10:00,YELLOW,3,141.8,114.6,256.53,132.73,109.99,242.73,-2690.93,151.97,48.68,-2842.9,1650025.78,TIME_OUT,1657410.03,0.45
2025-01-03 10:45:00,2025-01-03 11:15:00,GREEN,4,176.65,162.2,339.02,171.71,159.92,331.63,-1920.18,236.3,87.18,-2156.49,1647869.29,TIME_OUT,1657410.03,0.58
2025-01-03 12:05:00,2025-01-03 12:35:00,GREEN,5,170.0,142.95,313.11,153.32,157.02,310.34,-897.56,267.61,101.31,-1165.17,1646704.12,TIME_OUT,1657410.03,0.65
2025-01-03 12:55:00,2025-01-03 13:25:00,GREEN,5,156.3,152.25,308.7,154.52,148.38,302.9,-1886.88,262.92,99.39,-2149.8,1644554.32,TIME_OUT,1657410.03,0.78
2025-01-03 13:30:00,2025-01-03 14:00:00,GREEN,5,154.5,148.25,302.9,144.08,165.52,309.6,2175.47,265.26,99.53,1910.2,1646464.52,TIME_OUT,1657410.03,0.66
2025-01-03 14:45:00,2025-01-03 15:10:00,GREEN,5,139.35,168.0,307.5,161.02,150.62,311.64,1345.64,267.21,100.61,1078.43,1647542.95,EOD,1657410.03,0.6
2025-01-06 10:30:00,2025-01-06 11:00:00,YELLOW,2,153.5,155.05,308.7,149.18,181.81,330.98,2896.42,139.29,41.58,2757.13,1650300.08,TIME_OUT,1657410.03,0.43
2025-01-07 11:00:00,2025-01-07 11:30:00,YELLOW,3,134.3,135.25,269.68,132.78,130.58,263.37,-1231.72,159.88,51.97,-1391.61,1648908.47,TIME_OUT,1657410.03,0.51
2025-01-07 11:45:00,2025-01-07 12:15:00,YELLOW,3,130.5,131.3,261.93,141.33,125.49,266.82,952.7,160.06,51.55,792.64,1649701.11,TIME_OUT,1657410.03,0.47
2025-01-07 12:30:00,2025-01-07 13:00:00,YELLOW,3,139.95,120.0,260.08,110.29,136.18,246.48,-2652.64,153.54,49.39,-2806.18,1646894.93,TIME_OUT,1657410.03,0.63
2025-01-07 13:05:00,2025-01-07 13:35:00,YELLOW,3,108.3,136.35,244.77,136.73,119.74,256.47,2281.38,154.88,48.87,2126.5,1649021.43,TIME_OUT,1657410.03,0.51
2025-01-07 13:40:00,2025-01-07 14:10:00,GREEN,6,124.3,119.5,243.92,132.58,113.14,245.73,704.02,255.7,95.48,448.32,1649469.74,TIME_OUT,1657410.03,0.48
2025-01-07 14:15:00,2025-01-07 14:45:00,GREEN,6,132.75,111.45,244.32,120.29,119.44,239.73,-1790.89,252.08,94.39,-2042.96,1647426.78,TIME_OUT,1657410.03,0.6
2025-01-07 14:50:00,2025-01-07 15:10:00,YELLOW,3,122.0,120.6,242.72,125.19,114.94,240.13,-505.33,149.58,47.08,-654.91,1646771.87,EOD,1657410.03,0.64
2025-01-08 11:25:00,2025-01-08 11:55:00,GREEN,9,88.8,87.55,176.44,84.36,80.46,164.82,-6798.07,261.4,99.82,-7059.47,1639712.4,TIME_OUT,1657410.03,1.07
2025-01-08 12:10:00,2025-01-08 12:40:00,GREEN,10,76.85,88.2,165.13,93.75,73.71,167.47,1516.9,283.6,108.09,1233.3,1640945.7,TIME_OUT,1657410.03,0.99
2025-01-08 12:50:00,2025-01-08 13:20:00,GREEN,10,90.15,72.75,162.98,78.91,95.8,174.71,7625.25,290.27,109.75,7334.98,1648280.68,TIME_OUT,1657410.03,0.55
2025-01-10 10:20:00,2025-01-10 10:50:00,YELLOW,2,204.1,177.15,381.44,195.15,171.21,366.37,-1959.61,152.18,48.61,-2111.79,1646168.89,TIME_OUT,1657410.03,0.68
2025-01-10 11:50:00,2025-01-10 12:20:00,YELLOW,2,174.5,171.5,346.17,180.91,157.82,338.73,-967.52,143.77,44.52,-1111.29,1645057.61,TIME_OUT,1657410.03,0.75
2025-01-10 12:30:00,2025-01-10 13:00:00,YELLOW,2,186.4,151.6,338.17,189.71,148.38,338.08,-11.46,143.02,43.96,-154.48,1644903.13,TIME_OUT,1657410.03,0.75
2025-01-10 13:10:00,2025-01-10 13:40:00,YELLOW,2,187.65,147.15,334.97,166.27,162.27,328.54,-836.13,140.8,43.13,-976.93,1643926.2,TIME_OUT,1657410.03,0.81
2025-01-10 13:45:00,2025-01-10 14:15:00,YELLOW,2,176.2,154.8,331.17,170.61,166.32,336.93,749.57,142.24,43.43,607.33,1644533.53,TIME_OUT,1657410.03,0.78
2025-01-13 10:15:00,2025-01-13 10:45:00,YELLOW,2,168.7,154.3,323.16,178.41,140.13,318.54,-600.71,137.83,41.71,-738.54,1643794.99,TIME_OUT,1657410.03,0.82
2025-01-13 11:00:00,2025-01-13 11:30:00,YELLOW,2,160.25,150.35,310.76,147.38,146.88,294.25,-2145.33,131.86,39.33,-2277.18,1641517.81,TIME_OUT,1657410.03,0.96
2025-01-13 12:35:00,2025-01-13 13:05:00,YELLOW,2,156.25,124.65,281.04,137.88,142.28,280.16,-114.48,126.66,36.48,-241.14,1641276.67,TIME_OUT,1657410.03,0.97
2025-01-13 14:50:00,2025-01-13 15:10:00,YELLOW,3,148.8,127.25,276.19,144.43,126.29,270.71,-1067.32,162.91,53.32,-1230.23,1640046.44,EOD,1657410.03,1.05
2025-01-14 10:25:00,2025-01-14 10:55:00,GREEN,7,117.3,99.55,216.96,118.94,86.26,205.2,-5351.29,253.89,96.04,-5605.18,1634441.25,TIME_OUT,1657410.03,1.39
2025-01-14 11:35:00,2025-01-14 12:05:00,GREEN,8,123.25,77.3,200.65,102.65,101.3,203.95,1714.8,277.38,105.2,1437.42,1635878.67,TIME_OUT,1657410.03,1.3
2025-01-14 12:35:00,2025-01-14 13:05:00,GREEN,8,123.55,76.4,200.05,119.04,77.31,196.35,-1923.06,270.92,103.06,-2193.98,1633684.69,TIME_OUT,1657410.03,1.43
2025-01-14 13:15:00,2025-01-14 13:45:00,GREEN,8,123.75,72.8,196.65,115.24,76.06,191.3,-2778.87,265.7,100.87,-3044.57,1630640.12,TIME_OUT,1657410.03,1.62
2025-01-14 13:50:00,2025-01-14 14:20:00,GREEN,8,106.9,80.25,187.24,100.65,78.86,179.51,-4021.35,253.07,95.36,-4274.42,1626365.7,TIME_OUT,1657410.03,1.87
2025-01-14 14:30:00,2025-01-14 14:39:00,YELLOW,4,98.85,81.65,180.59,124.99,77.71,202.7,5748.17,158.7,49.83,5589.47,1631955.17,TARGET,1657410.03,1.54
2025-01-14 14:50:00,2025-01-14 15:10:00,GREEN,8,124.1,62.75,186.94,141.08,51.97,193.05,3177.2,264.17,98.8,2913.03,1634868.2,EOD,1657410.03,1.36
2025-01-15 11:50:00,2025-01-15 12:20:00,GREEN,13,53.65,72.55,126.26,80.41,48.28,128.69,2047.03,283.04,107.72,1763.99,1636632.19,TIME_OUT,1657410.03,1.25
2025-01-15 12:25:00,2025-01-15 12:55:00,GREEN,13,76.8,49.7,126.56,59.17,67.62,126.79,188.71,280.64,107.04,-91.93,1636540.26,TIME_OUT,1657410.03,1.26
2025-01-15 13:10:00,2025-01-15 13:13:00,GREEN,14,46.2,69.2,115.46,70.21,69.27,139.48,21860.5,311.0,116.0,21549.49,1658089.76,TARGET,1658089.76,0.0
2025-01-17 10:10:00,2025-01-17 10:40:00,YELLOW,2,199.2,139.0,338.37,196.7,148.83,345.53,930.55,144.57,44.45,785.97,1658875.73,TIME_OUT,1658875.73,0.0
2025-01-17 11:35:00,2025-01-17 12:05:00,YELLOW,2,203.45,163.15,366.78,203.4,178.01,381.41,1901.37,154.17,48.63,1747.2,1660622.93,TIME_OUT,1660622.93,0.0
2025-01-17 13:15:00,2025-01-17 13:45:00,YELLOW,2,205.3,180.95,386.44,185.76,179.36,365.12,-2772.35,152.31,48.85,-2924.66,1657698.27,TIME_OUT,1660622.93,0.18
2025-01-17 14:00:00,2025-01-17 14:30:00,YELLOW,2,189.2,166.45,355.83,201.9,148.13,350.02,-754.38,146.84,45.88,-901.22,1656797.04,TIME_OUT,1660622.93,0.23
2025-01-17 15:00:00,2025-01-17 15:10:00,YELLOW,2,195.1,143.1,338.37,176.91,149.93,326.84,-1499.24,140.71,43.24,-1639.95,1655157.09,EOD,1660622.93,0.33
2025-01-20 12:05:00,2025-01-20 12:35:00,YELLOW,2,151.25,141.0,292.4,149.97,142.88,292.85,59.46,130.16,38.04,-70.7,1655086.39,TIME_OUT,1660622.93,0.33
2025-01-20 12:40:00,2025-01-20 13:10:00,YELLOW,2,153.3,134.1,287.54,160.17,129.69,289.86,300.47,129.17,37.53,171.3,1655257.7,TIME_OUT,1660622.93,0.32
2025-01-20 13:30:00,2025-01-20 14:00:00,YELLOW,2,155.7,131.25,287.09,151.87,138.58,290.45,436.96,129.26,37.54,307.7,1655565.4,TIME_OUT,1660622.93,0.3
2025-01-20 14:10:00,2025-01-20 14:40:00,YELLOW,2,150.9,136.05,287.09,156.72,127.89,284.61,-323.16,128.05,37.16,-451.21,1655114.19,TIME_OUT,1660622.93,0.33
2025-01-20 14:45:00,2025-01-20 15:10:00,YELLOW,2,161.8,124.9,286.84,163.17,119.84,283.01,-498.54,127.7,37.04,-626.24,1654487.95,EOD,1660622.93,0.37
2025-01-21 14:00:00,2025-01-21 14:30:00,YELLOW,2,155.05,128.4,283.59,162.17,115.94,278.11,-712.51,126.44,36.51,-838.95,1653649.0,TIME_OUT,1660622.93,0.42
2025-01-22 13:35:00,2025-01-22 14:05:00,GREEN,10,91.0,71.95,163.03,98.85,58.42,157.27,-3744.1,272.26,104.1,-4016.36,1649632.64,TIME_OUT,1660622.93,0.66
2025-01-24 10:25:00,2025-01-24 10:55:00,YELLOW,2,212.7,172.95,385.84,191.6,168.42,360.02,-3356.98,151.21,48.48,-3508.19,1646124.45,TIME_OUT,1660622.93,0.87
2025-01-24 12:25:00,2025-01-24 12:55:00,YELLOW,2,194.45,145.1,339.72,167.42,174.81,342.23,326.17,144.0,44.33,182.18,1646306.63,TIME_OUT,1660622.93,0.86
2025-01-24 13:50:00,2025-01-24 14:20:00,YELLOW,2,176.55,165.5,342.22,171.71,172.91,344.63,312.85,144.68,44.65,168.17,1646474.8,TIME_OUT,1660622.93,0.85
2025-01-24 14:30:00,2025-01-24 15:00:00,YELLOW,2,176.1,169.35,345.62,174.46,163.37,337.83,-1012.92,143.54,44.42,-1156.46,1645318.34,TIME_OUT,1660622.93,0.92
2025-01-27 13:40:00,2025-01-27 14:10:00,YELLOW,2,157.95,161.2,319.31,147.98,170.56,318.54,-99.96,137.53,41.46,-237.49,1645080.84,TIME_OUT,1660622.93,0.94
2025-01-27 14:15:00,2025-01-27 14:45:00,YELLOW,2,152.9,161.05,314.11,172.81,142.68,315.49,180.08,136.5,40.92,43.57,1645124.42,TIME_OUT,1660622.93,0.93
2025-01-28 12:35:00,2025-01-28 13:05:00,YELLOW,2,156.6,127.5,284.24,142.53,143.98,286.51,294.4,128.22,37.1,166.18,1645290.6,TIME_OUT,1660622.93,0.92
2025-01-28 13:25:00,2025-01-28 13:55:00,YELLOW,3,141.2,138.2,279.54,141.43,133.33,274.76,-931.54,164.55,54.04,-1096.1,1644194.5,TIME_OUT,1660622.93,0.99
2025-01-28 14:00:00,2025-01-28 14:30:00,GREEN,6,145.6,127.1,272.84,150.92,125.24,276.16,1296.95,281.23,107.05,1015.72,1645210.22,TIME_OUT,1660622.93,0.93
2025-01-31 10:35:00,2025-01-31 11:05:00,YELLOW,1,326.95,262.45,589.69,300.75,267.47,568.22,-1396.13,128.54,37.63,-1524.67,1643685.55,TIME_OUT,1660622.93,1.02
2025-01-31 11:20:00,2025-01-31 11:50:00,YELLOW,1,301.3,263.2,564.78,330.58,234.18,564.77,-0.96,127.23,36.71,-128.19,1643557.36,TIME_OUT,1660622.93,1.03
2025-01-31 11:55:00,2025-01-31 12:25:00,YELLOW,1,307.1,245.05,552.43,303.75,237.78,541.53,-708.3,124.35,35.55,-832.66,1642724.7,TIME_OUT,1660622.93,1.08
2025-01-31 13:00:00,2025-01-31 13:30:00,YELLOW,1,292.6,225.7,518.56,278.86,250.77,529.64,719.93,121.82,34.07,598.11,1643322.81,TIME_OUT,1660622.93,1.04
2025-01-31 13:45:00,2025-01-31 14:15:00,YELLOW,1,292.95,234.45,527.66,290.3,237.83,528.14,30.69,122.02,34.31,-91.33,1643231.48,TIME_OUT,1660622.93,1.05
2025-01-31 14:40:00,2025-01-31 15:10:00,YELLOW,1,307.0,219.4,526.66,281.71,216.39,498.1,-1856.55,118.88,33.3,-1975.43,1641256.05,TIME_OUT,1660622.93,1.17
2025-02-01 10:20:00,2025-02-01 10:50:00,YELLOW,1,251.2,207.4,458.83,238.83,215.24,454.07,-309.17,111.72,29.67,-420.89,1640835.15,TIME_OUT,1660622.93,1.19
2025-02-01 11:00:00,2025-02-01 11:30:00,YELLOW,1,251.7,208.6,460.53,248.23,198.3,446.53,-910.23,111.01,29.48,-1021.24,1639813.91,TIME_OUT,1660622.93,1.25
2025-02-01 11:35:00,2025-02-01 12:05:00,GREEN,3,253.8,182.3,436.32,229.19,195.05,424.24,-2355.65,228.93,83.9,-2584.59,1637229.33,TIME_OUT,1660622.93,1.41
2025-02-01 13:20:00,2025-02-01 13:50:00,GREEN,4,204.95,145.5,350.63,172.56,161.57,334.13,-4288.02,239.12,89.02,-4527.13,1632702.19,TIME_OUT,1660622.93,1.68
2025-02-01 14:40:00,2025-02-01 15:10:00,GREEN,5,180.85,134.4,315.41,150.27,147.18,297.45,-5835.84,261.39,99.59,-6097.23,1626604.97,TIME_OUT,1660622.93,2.05
2025-02-03 10:10:00,2025-02-03 10:40:00,GREEN,6,158.8,106.9,265.83,166.52,99.75,266.27,169.24,273.48,103.76,-104.24,1626500.73,TIME_OUT,1660622.93,2.05
2025-02-03 11:25:00,2025-02-03 11:55:00,GREEN,6,142.75,104.7,247.57,123.04,117.14,240.18,-2883.61,253.1,95.11,-3136.71,1623364.01,TIME_OUT,1660622.93,2.24
2025-02-03 12:10:00,2025-02-03 12:40:00,GREEN,7,131.8,105.8,237.72,129.94,109.85,239.78,937.87,284.48,108.63,653.38,1624017.4,TIME_OUT,1660622.93,2.2
2025-02-03 12:45:00,2025-02-03 13:15:00,YELLOW,3,130.55,106.85,237.52,136.98,100.4,237.38,-26.8,148.13,46.3,-174.93,1623842.47,TIME_OUT,1660622.93,2.21
2025-02-03 13:50:00,2025-02-03 14:20:00,GREEN,7,120.45,112.7,233.27,124.54,111.24,235.78,1144.54,280.4,106.71,864.14,1624706.61,TIME_OUT,1660622.93,2.16
2025-02-03 14:25:00,2025-02-03 14:55:00,YELLOW,3,132.05,106.0,238.17,122.84,106.85,229.69,-1654.37,145.82,45.62,-1800.18,1622906.43,TIME_OUT,1660622.93,2.27
2025-02-03 15:00:00,2025-02-03 15:10:00,YELLOW,3,130.6,99.05,229.76,139.93,92.85,232.78,588.65,145.81,45.1,442.84,1623349.28,EOD,1660622.93,2.24
2025-02-05 11:10:00,2025-02-05 11:22:00,YELLOW,5,59.3,95.25,154.63,80.86,94.05,174.91,6592.7,167.24,53.55,6425.46,1629774.74,TARGET,1660622.93,1.86
2025-02-05 11:25:00,2025-02-05 11:55:00,GREEN,10,66.9,85.0,151.98,59.57,89.61,149.18,-1820.37,259.66,97.87,-2080.03,1627694.71,TIME_OUT,1660622.93,1.98
2025-02-05 12:05:00,2025-02-05 12:35:00,GREEN,11,57.1,90.75,147.92,58.47,83.76,142.23,-4071.98,271.29,103.73,-4343.27,1623351.44,TIME_OUT,1660622.93,2.24
2025-02-05 12:40:00,2025-02-05 12:58:00,GREEN,11,60.0,80.6,140.67,75.86,86.36,162.22,15407.21,290.96,108.28,15116.25,1638467.69,TARGET,1660622.93,1.33
2025-02-05 13:00:00,2025-02-05 13:05:00,YELLOW,6,75.9,61.0,136.97,76.81,83.86,160.67,9243.46,178.35,58.04,9065.11,1647532.8,TARGET,1660622.93,0.79
2025-02-05 14:00:00,2025-02-05 14:30:00,GREEN,11,66.95,74.0,141.02,59.72,85.66,145.38,3115.11,271.96,102.39,2843.15,1650375.95,TIME_OUT,1660622.93,0.62
2025-02-05 14:55:00,2025-02-05 15:10:00,YELLOW,5,57.5,93.15,150.73,74.96,81.76,156.72,1948.79,157.09,49.96,1791.7,1652167.65,EOD,1660622.93,0.51
2025-02-06 11:50:00,2025-02-06 12:17:00,GREEN,16,27.65,29.55,57.23,23.89,23.19,47.08,-10558.24,160.16,54.24,-10718.4,1641449.25,STOP_LOSS,1660622.93,1.15
2025-02-07 10:50:00,2025-02-07 11:20:00,YELLOW,2,195.2,141.3,336.67,181.31,140.48,321.79,-1934.3,139.54,42.8,-2073.84,1639375.42,TIME_OUT,1660622.93,1.28
2025-02-07 11:55:00,2025-02-07 12:25:00,GREEN,5,170.35,146.55,317.06,182.46,136.03,318.49,465.47,272.58,103.28,192.9,1639568.32,TIME_OUT,1660622.93,1.27
2025-02-07 13:00:00,2025-02-07 13:30:00,YELLOW,2,172.8,138.15,311.11,165.42,138.28,303.7,-962.96,133.84,39.96,-1096.8,1638471.52,TIME_OUT,1660622.93,1.33
2025-02-07 13:35:00,2025-02-07 14:05:00,YELLOW,2,164.15,139.05,303.35,175.66,134.63,310.29,902.61,134.6,39.89,768.01,1639239.53,TIME_OUT,1660622.93,1.29
2025-02-07 14:55:00,2025-02-07 15:10:00,YELLOW,2,160.3,146.3,306.75,165.47,139.58,305.05,-221.77,133.78,39.77,-355.55,1638883.98,EOD,1660622.93,1.31
2025-02-11 11:00:00,2025-02-11 11:30:00,YELLOW,3,138.25,97.3,235.67,130.43,99.85,230.28,-1049.68,145.71,45.43,-1195.39,1637688.58,TIME_OUT,1660622.93,1.38
2025-02-11 11:35:00,2025-02-11 12:05:00,GREEN,7,128.25,102.65,231.02,127.19,99.2,226.39,-2106.06,273.0,104.06,-2379.05,1635309.53,TIME_OUT,1660622.93,1.52
2025-02-11 12:15:00,2025-02-11 12:45:00,GREEN,7,124.6,102.6,227.31,118.79,102.3,221.09,-2832.01,268.17,102.01,-3100.18,1632209.35,TIME_OUT,1660622.93,1.71
2025-02-12 11:35:00,2025-02-12 11:44:00,YELLOW,4,109.5,88.35,197.95,134.78,90.2,224.99,7030.02,170.58,54.98,6859.44,1639068.79,TARGET,1660622.93,1.3
2025-02-14 10:30:00,2025-02-14 11:00:00,GREEN,4,184.95,158.05,343.17,201.3,160.32,361.62,4796.38,249.34,91.62,4547.04,1643615.83,TIME_OUT,1660622.93,1.02
2025-02-14 11:40:00,2025-02-14 12:10:00,GREEN,4,207.55,154.5,362.23,186.81,171.31,358.12,-1068.65,250.81,93.65,-1319.46,1642296.37,TIME_OUT,1660622.93,1.1
2025-02-14 12:25:00,2025-02-14 12:55:00,GREEN,4,191.65,164.7,356.53,189.26,162.32,351.57,-1288.05,247.23,92.05,-1535.29,1640761.09,TIME_OUT,1660622.93,1.2
2025-02-14 13:15:00,2025-02-14 13:45:00,YELLOW,2,207.0,150.4,357.58,209.45,149.73,359.17,206.91,148.87,46.59,58.04,1640819.13,TIME_OUT,1660622.93,1.19
2025-02-14 13:50:00,2025-02-14 14:20:00,YELLOW,2,202.0,159.5,361.68,200.25,153.47,353.72,-1034.5,148.06,46.5,-1182.56,1639636.57,TIME_OUT,1660622.93,1.26
2025-02-17 11:15:00,2025-02-17 11:45:00,YELLOW,2,192.85,141.05,334.07,193.6,136.23,329.84,-550.15,141.0,43.15,-691.15,1638945.42,TIME_OUT,1660622.93,1.31
2025-02-17 11:50:00,2025-02-17 12:20:00,YELLOW,2,177.7,147.0,324.86,189.86,138.58,328.44,464.54,140.0,42.46,324.53,1639269.95,TIME_OUT,1660622.93,1.29
2025-02-17 12:40:00,2025-02-17 13:10:00,YELLOW,2,192.55,129.7,322.41,181.41,138.73,320.14,-295.27,138.1,41.77,-433.37,1638836.58,TIME_OUT,1660622.93,1.31
2025-02-17 14:20:00,2025-02-17 14:50:00,YELLOW,2,185.5,132.8,318.46,182.96,130.88,313.84,-600.1,136.5,41.1,-736.6,1638099.99,TIME_OUT,1660622.93,1.36
2025-02-18 11:25:00,2025-02-18 11:55:00,YELLOW,3,129.1,141.4,270.64,146.78,119.64,266.42,-822.61,160.94,52.36,-983.55,1637116.44,TIME_OUT,1660622.93,1.42
2025-02-18 12:00:00,2025-02-18 12:30:00,YELLOW,3,135.5,130.75,266.38,127.64,134.18,261.82,-890.0,159.02,51.5,-1049.02,1636067.41,TIME_OUT,1660622.93,1.48
2025-02-18 12:35:00,2025-02-18 13:05:00,YELLOW,3,135.45,124.25,259.83,152.22,108.7,260.92,212.48,157.99,50.77,54.49,1636121.9,TIME_OUT,1660622.93,1.48
2025-02-18 13:10:00,2025-02-18 13:40:00,YELLOW,3,127.65,127.95,255.73,138.83,114.04,252.87,-556.59,155.02,49.59,-711.61,1635410.28,TIME_OUT,1660622.93,1.52
2025-02-18 14:20:00,2025-02-18 14:50:00,GREEN,6,145.8,105.2,251.13,126.74,114.49,241.23,-3859.51,254.57,96.01,-4114.08,1631296.21,TIME_OUT,1660622.93,1.77
2025-02-18 14:55:00,2025-02-18 15:10:00,GREEN,6,124.25,116.0,240.37,123.39,115.34,238.73,-639.42,250.55,93.42,-889.97,1630406.24,EOD,1660622.93,1.82
2025-02-19 10:50:00,2025-02-19 11:20:00,YELLOW,4,111.15,95.05,206.3,111.24,81.96,193.2,-3405.93,158.72,51.94,-3564.65,1626841.58,TIME_OUT,1660622.93,2.03
2025-02-19 12:30:00,2025-02-19 13:00:00,GREEN,8,113.05,74.2,187.34,107.25,78.16,185.41,-1006.91,257.97,96.92,-1264.89,1625576.7,TIME_OUT,1660622.93,2.11
2025-02-19 13:40:00,2025-02-19 14:10:00,YELLOW,4,104.1,76.0,180.19,95.65,79.11,174.76,-1411.14,147.09,46.14,-1558.23,1624018.47,TIME_OUT,1660622.93,2.2
2025-02-21 11:00:00,2025-02-21 11:30:00,YELLOW,2,179.2,151.05,330.42,193.4,137.23,330.63,28.53,140.89,42.97,-112.35,1623906.11,TIME_OUT,1660622.93,2.21
2025-02-21 11:45:00,2025-02-21 12:15:00,YELLOW,2,185.15,133.85,319.16,170.41,139.93,310.34,-1145.92,135.83,40.92,-1281.75,1622624.37,TIME_OUT,1660622.93,2.29
2025-02-21 12:20:00,2025-02-21 12:50:00,YELLOW,2,174.65,135.0,309.8,183.96,123.34,307.3,-326.11,134.48,40.11,-460.59,1622163.78,TIME_OUT,1660622.93,2.32
2025-02-21 12:55:00,2025-02-21 13:25:00,YELLOW,2,168.3,137.0,305.45,157.27,141.68,298.95,-845.29,132.42,39.29,-977.71,1621186.07,TIME_OUT,1660622.93,2.37
2025-02-24 11:20:00,2025-02-24 11:50:00,YELLOW,3,130.6,106.85,237.57,150.92,88.11,239.03,285.03,148.64,46.47,136.39,1621322.46,TIME_OUT,1660622.93,2.37
2025-02-24 11:55:00,2025-02-24 12:25:00,GREEN,7,146.8,89.95,236.87,149.63,86.11,235.73,-517.02,281.33,107.52,-798.34,1620524.11,TIME_OUT,1660622.93,2.41
2025-02-24 12:55:00,2025-02-24 13:25:00,GREEN,7,157.85,77.3,235.27,141.03,87.81,228.84,-2926.58,275.91,105.58,-3202.49,1617321.62,TIME_OUT,1660622.93,2.61
2025-02-24 13:30:00,2025-02-24 13:46:00,GREEN,7,147.3,80.05,227.46,157.07,100.35,257.42,13630.69,294.49,110.31,13336.19,1630657.81,TARGET,1660622.93,1.8
2025-02-24 14:15:00,2025-02-24 14:45:00,GREEN,7,131.3,84.75,216.16,125.04,78.06,203.1,-5942.13,252.16,95.38,-6194.29,1624463.52,TIME_OUT,1660622.93,2.18
2025-02-25 11:10:00,2025-02-25 11:40:00,GREEN,12,83.65,49.55,133.27,85.81,44.03,129.84,-2676.61,269.55,102.61,-2946.16,1621517.36,TIME_OUT,1660622.93,2.35
2025-02-25 11:45:00,2025-02-25 12:13:00,GREEN,12,88.8,41.35,130.22,53.82,55.77,109.6,-16083.52,243.04,93.53,-16326.57,1605190.8,STOP_LOSS,1660622.93,3.34
2025-02-28 10:25:00,2025-02-28 10:55:00,YELLOW,2,161.3,114.35,275.79,168.67,108.05,276.71,120.09,125.55,35.91,-5.46,1605185.33,TIME_OUT,1660622.93,3.34
2025-02-28 11:35:00,2025-02-28 12:05:00,YELLOW,3,168.2,103.5,271.84,177.41,98.4,275.81,775.35,163.99,53.4,611.36,1605796.7,TIME_OUT,1660622.93,3.3
2025-02-28 12:10:00,2025-02-28 12:40:00,YELLOW,2,178.7,96.85,275.69,149.88,124.99,274.86,-107.29,125.16,35.79,-232.45,1605564.25,TIME_OUT,1660622.93,3.32
2025-03-03 12:05:00,2025-03-03 12:35:00,YELLOW,3,131.95,115.05,247.12,150.87,99.0,249.88,536.54,153.11,48.46,383.44,1605947.69,TIME_OUT,1660622.93,3.29
2025-03-03 13:30:00,2025-03-03 14:00:00,YELLOW,3,145.45,97.45,243.02,135.03,102.85,237.88,-1002.39,148.91,46.89,-1151.3,1604796.39,TIME_OUT,1660622.93,3.36
2025-03-03 14:10:00,2025-03-03 14:40:00,YELLOW,3,130.2,103.6,233.92,115.74,115.94,231.68,-435.4,145.95,45.4,-581.34,1604215.05,TIME_OUT,1660622.93,3.4
2025-03-03 14:45:00,2025-03-03 15:10:00,YELLOW,3,122.65,111.4,234.17,151.02,93.9,244.93,2098.29,150.08,46.71,1948.21,1606163.25,EOD,1660622.93,3.28
2025-03-04 10:10:00,2025-03-04 10:40:00,YELLOW,4,108.9,95.65,204.65,111.44,87.16,198.6,-1573.42,160.7,52.42,-1734.12,1604429.14,TIME_OUT,1660622.93,3.38
2025-03-04 10:45:00,2025-03-04 11:15:00,GREEN,8,113.3,84.4,197.8,94.8,106.5,201.3,1820.23,274.32,103.77,1545.92,1605975.05,TIME_OUT,1660622.93,3.29
2025-03-04 11:20:00,2025-03-04 11:25:00,GREEN,8,94.8,99.9,194.8,118.54,100.85,219.39,12788.31,288.36,107.69,12499.95,1618475.0,TARGET,1660622.93,2.54
2025-03-04 11:35:00,2025-03-04 12:05:00,YELLOW,4,92.25,102.2,194.55,100.8,90.25,191.05,-908.13,156.03,50.13,-1064.15,1617410.85,TIME_OUT,1660622.93,2.6
2025-03-04 12:10:00,2025-03-04 12:40:00,GREEN,8,99.5,90.4,189.99,110.94,80.01,190.95,498.95,263.37,99.05,235.58,1617646.43,TIME_OUT,1660622.93,2.59
2025-03-04 12:45:00,2025-03-04 13:15:00,GREEN,8,106.6,82.5,189.19,93.2,89.91,183.11,-3164.8,256.64,96.8,-3421.44,1614224.99,TIME_OUT,1660622.93,2.79
2025-03-04 13:20:00,2025-03-04 13:50:00,YELLOW,4,95.7,86.25,182.04,93.2,86.96,180.16,-489.09,149.6,47.09,-638.69,1613586.3,TIME_OUT,1660622.93,2.83
2025-03-04 13:55:00,2025-03-04 14:25:00,YELLOW,4,99.45,82.95,182.49,86.56,105.0,191.55,2356.37,154.38,48.63,2201.99,1615788.3,TIME_OUT,1660622.93,2.7
2025-03-04 14:40:00,2025-03-04 15:10:00,GREEN,8,86.6,101.1,187.79,86.16,103.75,189.91,1097.8,261.83,98.2,835.97,1616624.27,TIME_OUT,1660622.93,2.65
2025-03-05 11:30:00,2025-03-05 11:39:00,GREEN,10,69.15,85.0,154.23,93.85,88.21,182.06,18090.7,294.5,109.29,17796.2,1634420.46,TARGET,1660622.93,1.58
2025-03-05 12:55:00,2025-03-05 13:25:00,YELLOW,5,84.45,78.2,162.73,77.11,78.61,155.72,-2278.0,158.87,51.75,-2436.87,1631983.59,TIME_OUT,1660622.93,1.72
2025-03-05 13:55:00,2025-03-05 14:01:00,YELLOW,5,59.55,89.7,149.32,86.56,87.61,174.16,8072.43,165.83,52.57,7906.6,1639890.19,TARGET,1660622.93,1.25
2025-03-05 14:25:00,2025-03-05 14:55:00,YELLOW,5,82.2,67.55,149.82,74.36,86.26,160.62,3508.3,158.93,50.45,3349.37,1643239.56,TIME_OUT,1660622.93,1.05
2025-03-07 10:50:00,2025-03-07 11:20:00,YELLOW,2,164.3,134.1,298.55,166.62,126.64,293.25,-688.47,130.71,38.47,-819.18,1642420.38,TIME_OUT,1660622.93,1.1
2025-03-07 11:25:00,2025-03-07 11:55:00,YELLOW,2,160.25,131.55,291.95,163.12,129.44,292.55,79.01,130.06,37.99,-51.06,1642369.33,TIME_OUT,1660622.93,1.1
2025-03-07 12:35:00,2025-03-07 13:05:00,YELLOW,2,158.0,129.0,287.14,150.97,131.13,282.11,-654.5,127.54,37.0,-782.04,1641587.29,TIME_OUT,1660622.93,1.15
2025-03-07 13:10:00,2025-03-07 13:40:00,YELLOW,2,141.5,141.3,282.94,157.32,123.04,280.36,-335.61,126.85,36.61,-462.47,1641124.82,TIME_OUT,1660622.93,1.17
2025-03-07 13:45:00,2025-03-07 14:15:00,YELLOW,2,160.2,121.0,281.34,148.73,128.34,277.06,-556.3,126.05,36.3,-682.34,1640442.48,TIME_OUT,1660622.93,1.22
2025-03-07 14:20:00,2025-03-07 14:50:00,YELLOW,2,159.0,122.45,281.59,146.93,127.99,274.91,-868.17,125.62,36.17,-993.79,1639448.69,TIME_OUT,1660622.93,1.28
2025-03-07 15:00:00,2025-03-07 15:10:00,YELLOW,3,141.6,129.45,271.19,161.07,116.34,277.41,1214.01,164.41,53.49,1049.6,1640498.29,EOD,1660622.93,1.21
2025-03-10 10:25:00,2025-03-10 10:55:00,YELLOW,3,111.2,137.2,248.52,120.79,121.64,242.43,-1188.62,150.96,47.87,-1339.58,1639158.71,TIME_OUT,1660622.93,1.29
2025-03-10 11:00:00,2025-03-10 11:30:00,YELLOW,3,115.9,126.3,242.32,105.2,133.13,238.33,-778.11,148.97,46.86,-927.09,1638231.62,TIME_OUT,1660622.93,1.35
2025-03-10 11:50:00,2025-03-10 12:20:00,YELLOW,3,130.65,108.65,239.42,111.49,125.09,236.58,-553.41,148.1,46.41,-701.51,1637530.12,TIME_OUT,1660622.93,1.39
2025-03-10 12:50:00,2025-03-10 13:20:00,YELLOW,3,107.5,126.5,234.12,108.55,120.44,228.99,-1000.65,145.13,45.15,-1145.78,1636384.33,TIME_OUT,1660622.93,1.46
2025-03-10 13:30:00,2025-03-10 14:00:00,YELLOW,3,107.4,120.35,227.86,115.79,116.79,232.58,920.36,145.53,44.89,774.83,1637159.16,TIME_OUT,1660622.93,1.41
2025-03-11 11:45:00,2025-03-11 12:15:00,YELLOW,3,111.45,115.7,227.26,116.49,109.35,225.84,-278.18,143.37,44.18,-421.54,1636737.62,TIME_OUT,1660622.93,1.44
2025-03-11 12:25:00,2025-03-11 12:55:00,YELLOW,3,116.4,107.6,224.11,125.84,100.85,226.69,502.05,143.27,43.95,358.78,1637096.39,TIME_OUT,1660622.93,1.42
2025-03-11 13:05:00,2025-03-11 13:35:00,YELLOW,3,110.65,111.9,222.66,117.84,102.5,220.34,-452.69,141.13,43.19,-593.83,1636502.57,TIME_OUT,1660622.93,1.45
2025-03-11 14:35:00,2025-03-11 15:05:00,YELLOW,3,108.0,103.6,211.71,98.85,104.45,203.3,-1639.46,134.59,40.46,-1774.05,1634728.52,TIME_OUT,1660622.93,1.56
2025-03-12 11:05:00,2025-03-12 11:35:00,YELLOW,5,76.8,75.25,152.13,63.47,82.41,145.88,-2030.92,151.75,48.43,-2182.68,1632545.84,TIME_OUT,1660622.93,1.69
2025-03-12 12:25:00,2025-03-12 12:55:00,YELLOW,5,70.6,73.35,144.02,54.87,87.46,142.33,-550.28,148.36,46.53,-698.65,1631847.19,TIME_OUT,1660622.93,1.73
2025-03-12 13:00:00,2025-03-12 13:16:00,YELLOW,5,74.9,64.75,139.72,78.56,83.01,161.57,7101.04,157.48,48.96,6943.56,1638790.75,TARGET,1660622.93,1.31
2025-03-12 13:50:00,2025-03-12 14:16:00,YELLOW,5,75.55,64.95,140.57,75.16,84.36,159.52,6158.73,156.59,48.76,6002.15,1644792.9,TARGET,1660622.93,0.95
2025-03-17 10:10:00,2025-03-17 10:40:00,YELLOW,3,114.75,115.5,230.37,143.68,100.15,243.83,2625.27,149.3,46.23,2475.96,1647268.86,TIME_OUT,1660622.93,0.8
2025-03-17 11:00:00,2025-03-17 11:30:00,YELLOW,3,130.95,103.15,234.22,126.94,106.7,233.63,-113.87,146.58,45.62,-260.45,1647008.41,TIME_OUT,1660622.93,0.82
2025-03-17 11:45:00,2025-03-17 12:15:00,YELLOW,3,142.5,96.55,239.17,132.73,100.8,233.53,-1099.09,147.12,46.09,-1246.21,1645762.2,TIME_OUT,1660622.93,0.89
2025-03-17 12:20:00,2025-03-17 12:50:00,YELLOW,3,123.1,108.8,232.02,126.19,111.44,237.63,1094.96,147.57,45.79,947.39,1646709.59,TIME_OUT,1660622.93,0.84
2025-03-17 13:10:00,2025-03-17 13:40:00,YELLOW,3,127.7,110.4,238.22,116.64,114.54,231.18,-1371.77,146.29,45.77,-1518.05,1645191.53,TIME_OUT,1660622.93,0.93
2025-03-17 13:45:00,2025-03-17 14:15:00,YELLOW,3,121.45,109.2,230.77,136.13,98.25,234.38,705.4,146.42,45.35,558.98,1645750.51,TIME_OUT,1660622.93,0.9
2025-03-17 14:20:00,2025-03-17 14:50:00,YELLOW,3,135.7,99.0,234.82,126.04,101.2,227.24,-1478.3,144.67,45.05,-1622.97,1644127.54,TIME_OUT,1660622.93,0.99
2025-03-17 14:55:00,2025-03-17 15:10:00,YELLOW,3,131.9,98.15,230.17,133.28,97.05,230.33,33.1,145.1,44.9,-111.99,1644015.55,EOD,1660622.93,1.0
2025-03-18 10:50:00,2025-03-18 11:20:00,YELLOW,3,116.05,106.2,222.36,114.19,102.3,216.49,-1144.54,139.91,42.79,-1284.44,1642731.1,TIME_OUT,1660622.93,1.08
2025-03-18 11:25:00,2025-03-18 11:55:00,YELLOW,3,117.65,100.5,218.26,124.99,90.85,215.84,-471.32,139.23,42.32,-610.56,1642120.55,TIME_OUT,1660622.93,1.11
2025-03-18 12:00:00,2025-03-18 12:30:00,YELLOW,3,125.1,89.6,214.81,103.15,105.85,209.0,-1133.32,136.71,41.32,-1270.03,1640850.51,TIME_OUT,1660622.93,1.19
2025-03-18 13:00:00,2025-03-18 13:30:00,GREEN,8,106.7,92.7,199.5,123.04,80.56,203.6,2131.19,276.74,104.81,1854.45,1642704.97,TIME_OUT,1660622.93,1.08
2025-03-18 14:05:00,2025-03-18 14:35:00,GREEN,8,99.4,94.35,193.85,100.25,92.15,192.4,-750.42,265.75,100.43,-1016.18,1641688.79,TIME_OUT,1660622.93,1.14
2025-03-18 14:40:00,2025-03-18 15:10:00,GREEN,8,98.15,92.5,190.75,91.25,89.36,180.61,-5270.55,255.05,96.55,-5525.6,1636163.19,TIME_OUT,1660622.93,1.47
2025-03-19 10:45:00,2025-03-19 11:15:00,YELLOW,5,95.65,71.95,167.68,90.55,78.86,169.42,562.72,166.9,54.78,395.82,1636559.01,TIME_OUT,1660622.93,1.45
2025-03-19 11:30:00,2025-03-19 12:00:00,YELLOW,4,87.0,81.05,168.13,86.66,78.51,165.17,-771.33,141.27,43.33,-912.6,1635646.41,TIME_OUT,1660622.93,1.5
2025-03-19 12:05:00,2025-03-19 12:35:00,YELLOW,5,89.9,75.0,164.98,92.35,73.41,165.77,255.0,164.5,53.75,90.51,1635736.92,TIME_OUT,1660622.93,1.5
2025-03-19 13:20:00,2025-03-19 13:30:00,YELLOW,5,95.05,70.45,165.58,92.9,93.1,186.01,6637.87,175.07,57.13,6462.8,1642199.71,TARGET,1660622.93,1.11
2025-03-19 15:00:00,2025-03-19 15:10:00,YELLOW,5,98.15,64.3,162.53,100.35,62.07,162.42,-36.55,162.3,52.8,-198.85,1642000.86,EOD,1660622.93,1.12
2025-03-21 11:35:00,2025-03-21 12:05:00,YELLOW,3,156.1,123.4,279.64,150.02,126.09,276.11,-687.94,164.98,54.19,-852.92,1641147.95,TIME_OUT,1660622.93,1.17
2025-03-21 12:10:00,2025-03-21 12:40:00,YELLOW,3,156.3,119.1,275.54,143.48,131.18,274.66,-170.64,164.06,53.64,-334.7,1640813.24,TIME_OUT,1660622.93,1.19
2025-03-21 13:10:00,2025-03-21 13:40:00,YELLOW,3,144.25,133.95,278.34,164.12,112.84,276.96,-268.64,165.09,54.14,-433.74,1640379.51,TIME_OUT,1660622.93,1.22
2025-03-21 14:05:00,2025-03-21 14:35:00,YELLOW,3,138.05,126.35,264.53,150.62,114.49,265.12,114.11,159.83,51.64,-45.72,1640333.78,TIME_OUT,1660622.93,1.22
2025-03-21 14:45:00,2025-03-21 15:10:00,YELLOW,3,147.9,114.95,262.98,142.33,116.19,258.52,-869.85,157.61,50.85,-1027.46,1639306.33,EOD,1660622.93,1.28
2025-03-25 12:00:00,2025-03-25 12:30:00,GREEN,7,142.55,96.5,239.17,132.38,99.35,231.73,-3383.13,279.05,107.13,-3662.18,1635644.14,TIME_OUT,1660622.93,1.5
2025-03-25 13:30:00,2025-03-25 14:00:00,GREEN,7,148.7,80.6,229.41,141.63,100.8,242.43,5921.4,284.17,107.34,5637.23,1641281.37,TIME_OUT,1660622.93,1.16
2025-03-25 14:25:00,2025-03-25 14:55:00,YELLOW,3,130.8,86.0,216.91,151.12,70.71,221.84,961.47,140.94,42.78,820.54,1642101.91,TIME_OUT,1660622.93,1.12
2025-03-26 10:50:00,2025-03-26 11:20:00,YELLOW,4,93.75,81.5,175.34,99.85,79.56,179.41,1058.88,148.26,46.12,910.62,1643012.53,TIME_OUT,1660622.93,1.06
2025-03-26 11:25:00,2025-03-26 11:55:00,YELLOW,4,104.6,77.15,181.84,97.45,83.81,181.26,-151.2,150.03,47.2,-301.23,1642711.3,TIME_OUT,1660622.93,1.08
2025-03-26 12:30:00,2025-03-26 12:56:00,YELLOW,4,111.8,70.55,182.44,115.74,88.96,204.7,5786.67,159.81,50.33,5626.86,1648338.16,TARGET,1660622.93,0.74
2025-03-26 13:00:00,2025-03-26 13:30:00,YELLOW,4,113.45,69.8,183.34,118.54,66.42,184.96,420.12,151.79,47.88,268.33,1648606.49,TIME_OUT,1660622.93,0.72
2025-03-26 14:00:00,2025-03-26 14:30:00,GREEN,9,104.5,70.75,175.34,95.45,75.71,171.16,-2441.35,266.93,101.35,-2708.28,1645898.22,TIME_OUT,1660622.93,0.89
2025-03-26 14:40:00,2025-03-26 14:44:00,GREEN,10,96.0,71.1,167.18,121.34,75.56,196.9,19316.67,314.81,118.33,19001.85,1664900.07,TARGET,1664900.07,0.0
2025-03-28 10:20:00,2025-03-28 10:50:00,GREEN,5,167.6,129.1,296.85,160.62,134.58,295.2,-534.96,256.67,96.21,-791.62,1664108.45,TIME_OUT,1664900.07,0.05
2025-03-28 11:55:00,2025-03-28 12:25:00,GREEN,6,145.0,128.1,273.24,135.38,132.68,268.07,-2016.55,276.3,105.55,-2292.85,1661815.59,TIME_OUT,1664900.07,0.19
2025-03-28 13:20:00,2025-03-28 13:50:00,GREEN,6,134.35,126.55,261.03,143.48,117.24,260.72,-121.24,268.94,101.74,-390.18,1661425.42,TIME_OUT,1664900.07,0.21
2025-03-28 14:05:00,2025-03-28 14:35:00,GREEN,6,135.7,121.25,257.08,123.74,123.24,246.98,-3939.79,259.5,98.29,-4199.29,1657226.12,TIME_OUT,1664900.07,0.46
2025-04-01 10:10:00,2025-04-01 10:40:00,GREEN,8,119.35,89.6,209.05,136.93,86.31,223.24,7375.6,295.91,112.4,7079.69,1664305.82,TIME_OUT,1664900.07,0.04
2025-04-01 14:35:00,2025-04-01 15:05:00,YELLOW,4,120.0,86.55,206.65,133.68,73.66,207.35,180.18,164.62,53.82,15.56,1664321.38,TIME_OUT,1664900.07,0.03
2025-04-02 11:20:00,2025-04-02 11:50:00,YELLOW,5,94.6,70.15,164.83,62.92,87.76,150.67,-4601.27,156.67,51.27,-4757.94,1659563.44,TIME_OUT,1664900.07,0.32
2025-04-02 12:05:00,2025-04-02 12:09:00,YELLOW,5,92.85,60.8,153.73,91.5,83.46,174.96,6901.59,167.09,53.41,6734.5,1666297.94,TARGET,1666297.94,0.0
2025-04-02 12:10:00,2025-04-02 12:40:00,YELLOW,5,89.8,62.8,152.68,64.72,78.76,143.48,-2989.37,150.62,48.13,-3139.99,1663157.95,TIME_OUT,1666297.94,0.19
2025-04-02 12:50:00,2025-04-02 13:20:00,YELLOW,5,88.7,59.4,148.17,69.87,80.36,150.22,666.51,153.24,48.49,513.27,1663671.21,TIME_OUT,1666297.94,0.16
2025-04-02 13:30:00,2025-04-02 14:00:00,YELLOW,5,68.5,75.15,143.72,57.97,76.41,134.38,-3035.19,144.2,45.19,-3179.39,1660491.82,TIME_OUT,1666297.94,0.35
2025-04-02 14:05:00,2025-04-02 14:14:00,YELLOW,6,54.5,80.75,135.32,78.91,80.71,159.62,9477.98,177.32,57.51,9300.67,1669792.49,TARGET,1669792.49,0.0
2025-04-02 14:25:00,2025-04-02 14:55:00,GREEN,12,61.55,73.45,135.07,60.77,75.96,136.73,1298.0,278.93,106.0,1019.07,1670811.56,TIME_OUT,1670811.56,0.0
2025-04-04 11:35:00,2025-04-04 12:05:00,YELLOW,3,128.15,135.6,263.88,124.89,130.23,255.12,-1708.1,156.66,50.6,-1864.76,1668946.79,TIME_OUT,1670811.56,0.11
2025-04-04 12:15:00,2025-04-04 12:45:00,YELLOW,3,127.8,125.15,253.08,120.14,129.24,249.38,-721.74,153.64,48.99,-875.37,1668071.42,TIME_OUT,1670811.56,0.16
2025-04-04 12:50:00,2025-04-04 13:20:00,YELLOW,3,119.7,129.3,249.12,116.59,124.04,240.63,-1656.5,150.47,47.75,-1806.97,1666264.45,TIME_OUT,1670811.56,0.27
2025-04-04 13:25:00,2025-04-04 13:55:00,YELLOW,3,111.65,130.9,242.67,114.34,131.13,245.48,547.16,151.23,47.59,395.93,1666660.38,TIME_OUT,1670811.56,0.25
2025-04-04 14:50:00,2025-04-04 15:10:00,YELLOW,3,106.35,132.8,239.27,112.29,126.34,238.63,-124.6,148.72,46.6,-273.31,1666387.06,EOD,1670811.56,0.26
2025-04-08 12:00:00,2025-04-08 12:30:00,YELLOW,2,202.65,175.35,378.19,167.17,172.01,339.18,-5071.13,146.32,46.63,-5217.44,1661169.62,TIME_OUT,1670811.56,0.58
2025-04-08 13:30:00,2025-04-08 14:00:00,YELLOW,2,171.2,185.35,356.73,196.75,171.16,367.92,1454.4,150.61,47.1,1303.79,1662473.41,TIME_OUT,1670811.56,0.5
2025-04-08 14:45:00,2025-04-08 15:10:00,YELLOW,2,178.2,174.95,353.33,173.46,156.22,329.69,-3073.39,142.45,44.4,-3215.84,1659257.57,EOD,1670811.56,0.69
2025-04-11 10:10:00,2025-04-11 10:40:00,YELLOW,1,262.15,218.4,480.79,253.77,213.49,467.27,-879.06,113.93,30.81,-992.99,1658264.58,TIME_OUT,1670811.56,0.75
2025-04-11 10:55:00,2025-04-11 11:25:00,YELLOW,1,235.55,212.6,448.37,239.08,197.45,436.53,-769.76,109.51,28.76,-879.27,1657385.31,TIME_OUT,1670811.56,0.8
2025-04-15 11:25:00,2025-04-15 11:55:00,YELLOW,3,122.6,106.5,229.21,114.49,101.5,215.99,-2578.41,140.54,43.41,-2718.95,1654666.36,TIME_OUT,1670811.56,0.97
2025-04-15 12:00:00,2025-04-15 12:30:00,GREEN,7,115.0,101.1,216.21,102.5,116.89,219.39,1447.9,263.96,99.1,1183.94,1655850.3,TIME_OUT,1670811.56,0.9
2025-04-15 12:50:00,2025-04-15 13:20:00,YELLOW,3,105.5,111.3,216.91,96.6,115.19,211.79,-997.3,137.82,41.8,-1135.12,1654715.18,TIME_OUT,1670811.56,0.96
2025-04-15 13:25:00,2025-04-15 13:55:00,GREEN,8,96.3,111.45,207.85,86.56,113.99,200.55,-3798.18,276.78,106.18,-4074.97,1650640.21,TIME_OUT,1670811.56,1.21
2025-04-15 14:00:00,2025-04-15 14:30:00,YELLOW,4,87.2,115.55,202.85,109.15,90.2,199.35,-910.29,160.73,52.29,-1071.01,1649569.2,TIME_OUT,1670811.56,1.27
2025-04-16 10:15:00,2025-04-16 10:34:00,YELLOW,5,53.15,90.35,143.57,66.42,100.15,166.57,7473.35,160.8,50.4,7312.55,1656881.75,TARGET,1670811.56,0.83
2025-04-16 11:55:00,2025-04-16 12:25:00,GREEN,9,62.3,108.45,170.84,63.97,92.25,156.22,-8548.91,251.47,95.66,-8800.39,1648081.36,TIME_OUT,1670811.56,1.36
2025-04-16 13:15:00,2025-04-16 13:45:00,GREEN,11,57.6,92.2,149.87,61.67,89.26,150.92,750.46,282.0,107.54,468.46,1648549.82,TIME_OUT,1670811.56,1.33
2025-04-21 10:25:00,2025-04-21 10:55:00,YELLOW,2,169.0,143.55,312.71,151.72,138.98,290.7,-2860.22,131.27,39.22,-2991.49,1645558.33,TIME_OUT,1670811.56,1.51
2025-04-21 11:40:00,2025-04-21 12:10:00,YELLOW,3,147.5,132.85,280.49,128.39,139.88,268.27,-2383.75,162.65,53.5,-2546.4,1643011.93,TIME_OUT,1670811.56,1.66
2025-04-21 13:05:00,2025-04-21 13:35:00,GREEN,6,122.5,136.15,258.78,136.73,128.14,264.87,2374.39,270.99,102.11,2103.4,1645115.33,TIME_OUT,1670811.56,1.54
2025-04-21 13:50:00,2025-04-21 14:20:00,GREEN,6,134.0,130.4,264.53,124.64,143.43,268.07,1378.14,274.3,103.86,1103.85,1646219.17,TIME_OUT,1670811.56,1.47
2025-04-21 14:25:00,2025-04-21 14:55:00,YELLOW,3,131.95,129.85,261.93,127.44,125.54,252.97,-1746.7,155.77,50.2,-1902.47,1644316.7,TIME_OUT,1670811.56,1.59
2025-04-22 10:25:00,2025-04-22 10:55:00,GREEN,8,108.65,102.05,210.81,108.85,93.55,202.4,-4371.43,279.22,107.43,-4650.65,1639666.05,TIME_OUT,1670811.56,1.86
2025-04-22 11:20:00,2025-04-22 11:50:00,GREEN,8,87.7,118.0,205.8,110.34,96.05,206.4,308.83,280.99,107.17,27.84,1639693.89,TIME_OUT,1670811.56,1.86
2025-04-22 11:55:00,2025-04-22 12:25:00,YELLOW,4,102.4,95.55,198.05,95.55,97.15,192.7,-1389.8,157.24,50.8,-1547.04,1638146.85,TIME_OUT,1670811.56,1.96
2025-04-22 12:30:00,2025-04-22 13:00:00,GREEN,8,92.95,102.2,195.25,89.36,106.45,195.8,288.33,268.99,101.67,19.34,1638166.18,TIME_OUT,1670811.56,1.95
2025-04-22 13:05:00,2025-04-22 13:11:00,GREEN,8,90.0,103.65,193.75,114.04,105.55,219.59,13438.53,288.2,107.47,13150.33,1651316.51,TARGET,1670811.56,1.17
2025-04-22 13:15:00,2025-04-22 13:45:00,GREEN,8,91.9,99.95,191.95,88.96,100.4,189.36,-1347.14,262.65,99.14,-1609.79,1649706.73,TIME_OUT,1670811.56,1.26
2025-04-22 13:50:00,2025-04-22 13:55:00,YELLOW,4,87.2,102.25,189.54,110.54,103.3,213.84,6317.56,164.68,52.44,6152.88,1655859.61,TARGET,1670811.56,0.89
2025-04-22 14:00:00,2025-04-22 14:30:00,GREEN,8,87.95,101.0,189.04,85.26,96.2,181.46,-3944.33,255.23,96.33,-4199.56,1651660.05,TIME_OUT,1670811.56,1.15
2025-04-22 14:35:00,2025-04-22 15:00:00,YELLOW,4,79.3,102.3,181.69,104.35,101.95,206.3,6397.56,160.35,50.44,6237.21,1657897.25,TARGET,1670811.56,0.77
2025-04-23 11:00:00,2025-04-23 11:04:00,YELLOW,5,93.55,72.1,165.73,94.5,91.35,185.86,6540.37,175.02,57.13,6365.34,1664262.6,TARGET,1670811.56,0.39
2025-04-23 12:00:00,2025-04-23 12:30:00,GREEN,11,91.85,53.7,145.62,78.21,57.37,135.58,-7179.03,262.77,100.53,-7441.8,1656820.8,TIME_OUT,1670811.56,0.84
2025-04-23 12:40:00,2025-04-23 13:10:00,YELLOW,6,74.9,60.75,135.72,71.86,59.77,131.63,-1592.63,160.06,52.13,-1752.69,1655068.11,TIME_OUT,1670811.56,0.94
2025-04-23 13:30:00,2025-04-23 13:48:00,GREEN,12,73.05,58.1,131.22,79.06,72.76,151.82,16074.61,295.88,110.39,15778.73,1670846.85,TARGET,1670846.85,0.0
2025-04-23 14:40:00,2025-04-23 15:02:00,GREEN,13,69.55,61.7,131.32,72.21,81.71,153.92,19103.23,319.47,120.51,18783.76,1689630.61,TARGET,1689630.61,0.0
2025-04-25 10:50:00,2025-04-25 11:20:00,YELLOW,2,208.6,180.2,388.99,201.4,169.92,371.31,-2298.42,153.79,49.42,-2452.21,1687178.4,TIME_OUT,1689630.61,0.15
2025-04-25 12:05:00,2025-04-25 12:35:00,YELLOW,2,184.2,180.35,364.73,186.21,178.01,364.22,-66.88,150.46,47.38,-217.34,1686961.06,TIME_OUT,1689630.61,0.16
2025-04-25 14:05:00,2025-04-25 14:35:00,YELLOW,2,180.55,178.9,359.63,185.21,163.77,348.98,-1385.06,146.92,46.06,-1531.98,1685429.08,TIME_OUT,1689630.61,0.25
2025-04-25 14:55:00,2025-04-25 15:10:00,YELLOW,2,170.65,169.2,340.02,162.32,174.91,337.23,-362.52,142.99,44.02,-505.51,1684923.58,EOD,1689630.61,0.28
2025-04-28 11:30:00,2025-04-28 12:00:00,GREEN,7,120.8,102.05,222.96,116.49,106.45,222.94,-10.44,268.34,101.44,-278.78,1684644.8,TIME_OUT,1689630.61,0.3
2025-04-28 13:05:00,2025-04-28 13:35:00,GREEN,7,117.55,109.0,226.66,113.49,104.95,218.44,-3741.26,266.08,101.26,-4007.34,1680637.46,TIME_OUT,1689630.61,0.53
2025-04-28 13:40:00,2025-04-28 14:10:00,GREEN,7,111.5,105.45,217.06,118.49,98.85,217.34,128.67,262.7,98.83,-134.03,1680503.43,TIME_OUT,1689630.61,0.54
2025-04-28 14:15:00,2025-04-28 14:45:00,YELLOW,3,112.1,105.05,217.26,139.13,94.45,233.58,3183.29,144.62,43.96,3038.67,1683542.1,TIME_OUT,1689630.61,0.36
2025-04-28 14:50:00,2025-04-28 15:10:00,YELLOW,3,111.35,108.0,219.46,122.94,93.8,216.74,-530.03,139.65,42.53,-669.68,1682872.42,EOD,1689630.61,0.4
2025-04-29 11:35:00,2025-04-29 12:05:00,YELLOW,6,68.0,73.75,141.82,80.41,65.67,146.08,1659.86,170.42,56.14,1489.44,1684361.87,TIME_OUT,1689630.61,0.31
2025-04-29 13:55:00,2025-04-29 14:25:00,YELLOW,7,51.7,65.8,117.56,55.17,61.52,116.69,-394.54,163.18,53.29,-557.72,1683804.15,TIME_OUT,1689630.61,0.34
2025-04-29 14:30:00,2025-04-29 15:00:00,GREEN,14,52.3,65.8,118.16,42.58,66.87,109.45,-7929.56,269.0,103.56,-8198.55,1675605.59,TIME_OUT,1689630.61,0.83
2025-05-02 10:25:00,2025-05-02 10:55:00,YELLOW,2,213.5,165.85,379.54,212.39,163.17,375.56,-517.08,153.94,49.08,-671.02,1674934.57,TIME_OUT,1689630.61,0.87
2025-05-02 13:10:00,2025-05-02 13:40:00,YELLOW,2,184.0,192.0,376.19,185.56,171.11,356.67,-2537.14,149.78,47.64,-2686.91,1672247.66,TIME_OUT,1689630.61,1.03
2025-05-02 14:10:00,2025-05-02 14:40:00,YELLOW,2,170.3,169.1,339.57,178.01,174.76,352.77,1716.5,146.16,45.0,1570.33,1673817.99,TIME_OUT,1689630.61,0.94
2025-05-02 14:50:00,2025-05-02 15:10:00,YELLOW,2,175.6,169.15,344.92,161.82,179.01,340.83,-532.07,144.11,44.57,-676.18,1673141.81,EOD,1689630.61,0.98
2025-05-05 10:45:00,2025-05-05 11:15:00,YELLOW,3,139.8,107.35,247.27,112.84,121.14,233.98,-2591.67,148.2,46.92,-2739.87,1670401.95,TIME_OUT,1689630.61,1.14
2025-05-05 12:45:00,2025-05-05 13:15:00,YELLOW,4,101.85,111.05,213.01,104.35,105.95,210.29,-705.03,166.81,55.03,-871.84,1669530.11,TIME_OUT,1689630.61,1.19
2025-05-05 13:20:00,2025-05-05 13:50:00,YELLOW,4,93.9,113.85,207.85,84.31,116.94,201.25,-1717.18,162.28,53.18,-1879.46,1667650.64,TIME_OUT,1689630.61,1.3
2025-05-05 14:10:00,2025-05-05 14:40:00,YELLOW,4,91.35,107.85,199.3,83.56,111.54,195.1,-1091.27,158.43,51.27,-1249.7,1666400.94,TIME_OUT,1689630.61,1.37
2025-05-05 14:45:00,2025-05-05 15:10:00,YELLOW,4,79.4,116.5,196.0,108.05,103.4,211.44,4016.03,164.68,52.97,3851.35,1670252.3,EOD,1689630.61,1.15
2025-05-06 11:10:00,2025-05-06 11:24:00,GREEN,12,68.9,69.2,138.17,91.05,79.96,171.01,25619.41,322.88,120.58,25296.53,1695548.83,TARGET,1695548.83,0.0
2025-05-06 11:25:00,2025-05-06 11:55:00,GREEN,11,90.55,61.45,152.08,61.62,77.66,139.28,-9148.91,269.69,104.16,-9418.6,1686130.23,TIME_OUT,1695548.83,0.56
2025-05-06 12:35:00,2025-05-06 13:05:00,YELLOW,6,66.3,76.65,143.02,86.66,56.72,143.38,139.15,169.02,55.85,-29.87,1686100.36,TIME_OUT,1695548.83,0.56
2025-05-06 13:10:00,2025-05-06 13:40:00,GREEN,12,58.5,80.05,138.62,59.02,77.76,136.78,-1433.41,280.63,107.41,-1714.04,1684386.33,TIME_OUT,1695548.83,0.66
2025-05-06 13:45:00,2025-05-06 14:15:00,GREEN,12,58.75,81.35,140.17,63.02,71.96,134.98,-4046.31,279.11,107.31,-4325.42,1680060.91,TIME_OUT,1695548.83,0.91
2025-05-06 14:20:00,2025-05-06 14:27:00,YELLOW,6,60.95,75.6,136.62,86.91,80.36,167.27,11952.74,182.36,59.26,11770.38,1691831.29,TARGET,1695548.83,0.22
2025-05-07 12:30:00,2025-05-07 13:00:00,GREEN,13,49.4,81.45,130.92,46.68,83.56,130.23,-575.09,287.44,110.34,-862.53,1690968.76,TIME_OUT,1695548.83,0.27
2025-05-07 13:55:00,2025-05-07 14:09:00,GREEN,14,58.45,61.75,120.26,57.12,82.56,139.68,17672.22,313.87,118.27,17358.35,1708327.11,TARGET,1708327.11,0.0
2025-05-07 14:50:00,2025-05-07 15:10:00,GREEN,13,43.85,82.25,126.16,41.33,85.61,126.94,653.57,280.64,106.93,372.92,1708700.03,EOD,1708700.03,0.0
2025-05-08 12:45:00,2025-05-08 13:12:00,GREEN,17,8.6,11.9,20.51,5.85,17.54,23.39,3180.25,101.66,24.25,3078.58,1711778.61,TARGET,1711778.61,0.0
2025-05-09 10:20:00,2025-05-09 10:50:00,GREEN,3,246.5,266.9,513.66,248.73,253.82,502.55,-2166.08,262.11,99.08,-2428.19,1709350.42,TIME_OUT,1711778.61,0.14
2025-05-09 10:55:00,2025-05-09 11:25:00,GREEN,3,240.0,267.2,507.45,228.44,245.13,473.56,-6608.65,252.41,95.65,-6861.06,1702489.36,TIME_OUT,1711778.61,0.54
2025-05-09 12:00:00,2025-05-09 12:30:00,YELLOW,1,240.85,242.5,483.59,216.44,261.42,477.86,-372.5,115.13,31.25,-487.63,1702001.73,TIME_OUT,1711778.61,0.57
2025-05-09 12:35:00,2025-05-09 13:05:00,YELLOW,1,244.4,240.9,485.54,228.69,251.67,480.36,-336.89,115.47,31.39,-452.36,1701549.38,TIME_OUT,1711778.61,0.6
2025-05-09 13:15:00,2025-05-09 13:45:00,GREEN,3,230.8,246.9,477.94,220.89,262.77,483.66,1115.24,252.15,93.76,863.1,1702412.48,TIME_OUT,1711778.61,0.55
2025-05-09 13:50:00,2025-05-09 14:20:00,YELLOW,1,216.1,262.0,478.34,230.28,242.13,472.41,-385.15,114.37,30.9,-499.52,1701912.96,TIME_OUT,1711778.61,0.58
2025-05-09 14:25:00,2025-05-09 14:55:00,GREEN,3,208.0,265.7,473.94,228.84,245.98,474.81,170.75,248.94,92.5,-78.2,1701834.76,TIME_OUT,1711778.61,0.58
2025-05-09 15:00:00,2025-05-09 15:10:00,YELLOW,1,223.65,244.35,468.23,222.64,249.78,472.41,271.68,113.98,30.57,157.7,1701992.46,EOD,1711778.61,0.57
2025-05-12 10:50:00,2025-05-12 11:20:00,GREEN,5,169.2,173.15,342.52,183.76,171.21,354.97,4046.66,296.31,113.34,3750.35,1705742.81,TIME_OUT,1711778.61,0.35
2025-05-12 11:55:00,2025-05-12 12:25:00,YELLOW,2,174.05,191.0,365.23,183.61,182.06,365.67,56.49,150.8,47.51,-94.31,1705648.5,TIME_OUT,1711778.61,0.36
2025-05-13 12:00:00,2025-05-13 12:30:00,YELLOW,2,187.65,194.2,382.04,181.41,167.37,348.78,-4324.5,148.59,47.5,-4473.1,1701175.4,TIME_OUT,1711778.61,0.62
2025-05-13 14:20:00,2025-05-13 14:50:00,GREEN,5,159.0,157.1,316.26,140.58,163.32,303.9,-4017.02,264.88,100.78,-4281.91,1696893.5,TIME_OUT,1711778.61,0.87
2025-05-14 10:45:00,2025-05-14 11:15:00,YELLOW,4,89.85,123.55,213.51,97.75,110.39,208.15,-1393.81,166.0,54.81,-1559.81,1695333.68,TIME_OUT,1711778.61,0.96
2025-05-14 11:20:00,2025-05-14 11:50:00,YELLOW,4,94.45,111.1,205.65,91.95,109.8,201.75,-1014.96,162.15,52.96,-1177.11,1694156.57,TIME_OUT,1711778.61,1.03
2025-05-14 12:40:00,2025-05-14 13:05:00,YELLOW,4,104.15,100.7,204.95,99.2,132.48,231.68,6950.24,174.42,56.76,6775.82,1700932.39,TARGET,1711778.61,0.63
2025-05-14 13:20:00,2025-05-14 13:50:00,YELLOW,4,77.6,123.75,201.45,69.42,125.94,195.35,-1585.58,158.86,51.58,-1744.45,1699187.94,TIME_OUT,1711778.61,0.74
2025-05-14 14:40:00,2025-05-14 15:10:00,YELLOW,4,87.8,91.2,179.09,82.96,104.65,187.61,2214.33,152.23,47.67,2062.1,1701250.05,TIME_OUT,1711778.61,0.62
2025-05-16 10:10:00,2025-05-16 10:40:00,GREEN,4,184.55,187.85,372.59,191.55,177.41,368.97,-941.4,256.89,96.4,-1198.29,1700051.76,TIME_OUT,1711778.61,0.69
2025-05-16 10:45:00,2025-05-16 11:15:00,GREEN,4,190.4,176.4,366.98,204.3,168.72,373.01,1567.8,257.7,96.2,1310.1,1701361.86,TIME_OUT,1711778.61,0.61
2025-05-16 11:20:00,2025-05-16 11:50:00,GREEN,4,178.4,192.2,370.79,179.66,182.61,362.27,-2214.3,253.84,95.3,-2468.14,1698893.72,TIME_OUT,1711778.61,0.75
2025-05-16 11:55:00,2025-05-16 12:25:00,GREEN,4,196.8,165.4,362.38,169.62,184.61,354.22,-2121.16,249.22,93.16,-2370.38,1696523.34,TIME_OUT,1711778.61,0.89
2025-05-16 12:30:00,2025-05-16 13:00:00,GREEN,4,173.65,180.4,354.23,174.56,173.71,348.28,-1547.32,245.52,91.33,-1792.84,1694730.5,TIME_OUT,1711778.61,1.0
2025-05-16 13:05:00,2025-05-16 13:35:00,GREEN,4,183.6,165.45,349.22,198.0,151.07,349.08,-38.78,245.08,90.78,-283.86,1694446.64,TIME_OUT,1711778.61,1.01
2025-05-16 13:40:00,2025-05-16 14:10:00,GREEN,5,183.55,159.35,343.07,169.32,179.11,348.43,1740.13,293.03,112.37,1447.1,1695893.74,TIME_OUT,1711778.61,0.93
2025-05-16 14:20:00,2025-05-16 14:50:00,GREEN,4,187.5,161.2,348.87,191.9,158.62,350.52,429.08,245.62,90.92,183.45,1696077.19,TIME_OUT,1711778.61,0.92
2025-05-16 14:55:00,2025-05-16 15:10:00,GREEN,4,185.45,162.75,348.37,171.36,183.91,355.27,1793.53,247.51,91.47,1546.02,1697623.21,EOD,1711778.61,0.83
2025-05-19 10:10:00,2025-05-19 10:40:00,YELLOW,2,164.1,169.3,333.57,181.86,148.38,330.23,-433.15,141.04,43.15,-574.19,1697049.02,TIME_OUT,1711778.61,0.86
2025-05-19 10:45:00,2025-05-19 11:15:00,YELLOW,2,178.4,156.65,335.22,158.42,172.91,331.33,-504.83,141.4,43.33,-646.22,1696402.79,TIME_OUT,1711778.61,0.9
2025-05-19 11:20:00,2025-05-19 11:50:00,GREEN,5,160.25,171.9,332.32,175.91,154.77,330.68,-530.24,281.8,107.74,-812.04,1695590.75,TIME_OUT,1711778.61,0.95
2025-05-19 13:00:00,2025-05-19 13:30:00,YELLOW,2,169.25,145.6,315.01,154.82,151.82,306.65,-1086.91,134.74,40.41,-1221.65,1694369.1,TIME_OUT,1711778.61,1.02
2025-05-19 13:50:00,2025-05-19 14:20:00,YELLOW,2,170.1,142.05,312.31,157.22,181.56,338.78,3441.68,141.18,42.32,3300.5,1697669.6,TIME_OUT,1711778.61,0.82
2025-05-19 15:00:00,2025-05-19 15:10:00,YELLOW,2,146.35,163.5,310.0,146.38,165.52,311.89,245.58,135.45,40.42,110.13,1697779.73,EOD,1711778.61,0.82
2025-05-20 12:40:00,2025-05-20 13:10:00,YELLOW,3,143.35,113.6,257.08,142.13,121.44,263.57,1265.49,158.5,50.76,1106.99,1698886.72,TIME_OUT,1711778.61,0.75
2025-05-21 13:30:00,2025-05-21 14:00:00,YELLOW,3,105.95,129.25,235.32,130.73,107.75,238.48,616.8,148.21,46.2,468.59,1699355.31,TIME_OUT,1711778.61,0.73
2025-05-23 10:25:00,2025-05-23 10:55:00,GREEN,4,222.6,190.8,413.61,239.08,191.7,430.78,4466.23,288.73,109.77,4177.49,1703532.81,TIME_OUT,1711778.61,0.48
2025-05-23 11:35:00,2025-05-23 12:05:00,YELLOW,2,232.75,202.0,434.97,228.09,203.45,431.53,-446.32,169.76,56.32,-616.08,1702916.72,TIME_OUT,1711778.61,0.52
2025-05-23 12:20:00,2025-05-23 12:50:00,YELLOW,2,231.15,198.15,429.51,238.48,201.95,440.43,1418.95,171.18,56.55,1247.77,1704164.5,TIME_OUT,1711778.61,0.44
2025-05-23 13:10:00,2025-05-23 13:40:00,YELLOW,1,237.35,201.95,439.52,225.79,204.35,430.13,-610.01,108.51,28.26,-718.52,1703445.97,TIME_OUT,1711778.61,0.49
2025-05-23 13:50:00,2025-05-23 14:20:00,YELLOW,2,234.5,193.3,428.01,237.48,179.31,416.79,-1458.91,166.18,54.91,-1625.09,1701820.88,TIME_OUT,1711778.61,0.58
2025-05-23 14:25:00,2025-05-23 14:55:00,YELLOW,2,243.2,175.55,418.96,219.44,195.6,415.04,-509.21,165.12,54.21,-674.33,1701146.55,TIME_OUT,1711778.61,0.62
2025-05-23 15:00:00,2025-05-23 15:10:00,YELLOW,2,217.6,194.75,412.56,215.39,187.41,402.8,-1268.5,162.1,53.0,-1430.6,1699715.95,EOD,1711778.61,0.7
2025-05-26 10:15:00,2025-05-26 10:45:00,YELLOW,2,223.7,186.3,410.2,220.19,205.55,425.74,2019.16,166.66,54.34,1852.5,1701568.45,TIME_OUT,1711778.61,0.6
2025-05-28 10:40:00,2025-05-28 11:10:00,YELLOW,2,158.0,137.55,295.7,160.42,123.74,284.16,-1500.19,128.62,37.69,-1628.81,1699939.64,TIME_OUT,1711778.61,0.69
2025-05-28 11:55:00,2025-05-28 12:25:00,YELLOW,3,155.05,108.5,263.68,157.32,107.45,264.77,211.73,159.63,51.52,52.1,1699991.74,TIME_OUT,1711778.61,0.69
2025-05-28 13:10:00,2025-05-28 13:40:00,YELLOW,3,144.45,118.3,262.88,141.88,99.9,241.78,-4114.95,152.41,49.2,-4267.36,1695724.38,TIME_OUT,1711778.61,0.94
2025-05-28 14:15:00,2025-05-28 14:45:00,GREEN,7,116.4,111.9,228.41,113.39,110.19,223.59,-2195.83,270.27,102.83,-2466.1,1693258.28,TIME_OUT,1711778.61,1.08
2025-05-28 14:50:00,2025-05-28 15:10:00,GREEN,7,113.65,115.6,229.36,120.94,103.4,224.34,-2287.22,271.07,103.22,-2558.29,1690699.99,EOD,1711778.61,1.23
2025-05-30 11:05:00,2025-05-30 11:35:00,GREEN,4,245.1,186.1,431.42,236.88,181.91,418.79,-3282.53,286.51,110.53,-3569.03,1687130.96,TIME_OUT,1711778.61,1.44
2025-05-30 11:40:00,2025-05-30 12:10:00,GREEN,4,226.85,188.5,415.56,216.99,193.9,410.89,-1212.44,280.81,107.44,-1493.25,1685637.71,TIME_OUT,1711778.61,1.53
2025-05-30 12:20:00,2025-05-30 12:50:00,GREEN,4,222.35,190.3,412.86,223.89,190.95,414.84,516.4,282.03,107.6,234.37,1685872.08,TIME_OUT,1711778.61,1.51
2025-05-30 12:55:00,2025-05-30 13:25:00,GREEN,4,230.0,188.9,419.11,221.34,191.5,412.84,-1629.15,282.16,108.15,-1911.31,1683960.77,TIME_OUT,1711778.61,1.63
2025-05-30 13:40:00,2025-05-30 14:10:00,GREEN,4,213.5,203.05,416.76,231.88,184.31,416.19,-147.28,283.18,108.28,-430.47,1683530.3,TIME_OUT,1711778.61,1.65
2025-05-30 14:15:00,2025-05-30 14:45:00,GREEN,4,226.3,189.5,416.01,223.89,179.31,403.2,-3330.5,277.7,106.5,-3608.19,1679922.1,TIME_OUT,1711778.61,1.86
2025-05-30 14:50:00,2025-05-30 15:10:00,GREEN,4,227.0,178.05,405.25,225.94,179.76,405.7,115.58,277.08,105.42,-161.5,1679760.6,EOD,1711778.61,1.87
2025-06-02 10:15:00,2025-06-02 10:45:00,GREEN,4,208.6,183.0,391.8,235.98,193.95,429.93,9916.17,285.04,106.82,9631.14,1689391.73,TIME_OUT,1711778.61,1.31
2025-06-03 12:25:00,2025-06-03 12:55:00,YELLOW,2,218.1,197.35,415.66,229.89,193.25,423.14,972.48,166.54,54.52,805.93,1690197.67,TIME_OUT,1711778.61,1.26
2025-06-04 10:15:00,2025-06-04 10:45:00,GREEN,9,83.1,98.9,182.09,92.0,87.91,179.91,-1275.88,277.39,105.89,-1553.28,1688644.39,TIME_OUT,1711778.61,1.35
2025-06-04 10:50:00,2025-06-04 11:20:00,GREEN,9,83.4,95.3,178.79,83.31,89.81,173.11,-3320.43,269.93,102.93,-3590.36,1685054.03,TIME_OUT,1711778.61,1.56
2025-06-04 11:25:00,2025-06-04 11:55:00,GREEN,10,88.7,82.6,171.39,79.01,86.16,165.17,-4041.88,283.63,109.38,-4325.51,1680728.53,TIME_OUT,1711778.61,1.81
2025-06-04 12:00:00,2025-06-04 12:30:00,GREEN,10,81.45,82.3,163.83,77.76,85.26,163.02,-528.73,278.51,106.23,-807.24,1679921.29,TIME_OUT,1711778.61,1.86
2025-06-04 12:35:00,2025-06-04 13:05:00,GREEN,10,82.1,79.1,161.28,91.8,67.52,159.32,-1274.19,273.71,104.2,-1547.9,1678373.39,TIME_OUT,1711778.61,1.95
2025-06-04 13:10:00,2025-06-04 13:40:00,GREEN,10,87.4,70.05,157.53,81.11,68.02,149.13,-5462.16,261.73,99.66,-5723.89,1672649.49,TIME_OUT,1711778.61,2.29
2025-06-06 10:10:00,2025-06-06 10:40:00,YELLOW,2,170.65,170.35,341.17,189.11,173.21,362.32,2749.27,148.26,45.73,2601.01,1675250.51,TIME_OUT,1711778.61,2.13
2025-06-06 12:15:00,2025-06-06 12:45:00,YELLOW,2,207.95,179.4,387.54,186.96,180.56,367.52,-2603.58,152.89,49.08,-2756.47,1672494.04,TIME_OUT,1711778.61,2.29
2025-06-06 13:00:00,2025-06-06 13:30:00,YELLOW,2,185.9,177.55,363.63,194.6,154.17,348.78,-1931.31,147.18,46.31,-2078.49,1670415.55,TIME_OUT,1711778.61,2.42
2025-06-06 13:35:00,2025-06-06 14:05:00,GREEN,4,184.15,171.45,355.78,173.06,169.72,342.78,-3379.81,243.48,90.81,-3623.29,1666792.26,TIME_OUT,1711778.61,2.63
2025-06-06 14:10:00,2025-06-06 14:40:00,YELLOW,2,170.65,173.3,344.12,180.56,162.67,343.23,-116.18,144.54,44.68,-260.72,1666531.54,TIME_OUT,1711778.61,2.64
2025-06-06 14:45:00,2025-06-06 15:10:00,GREEN,5,179.5,160.85,340.52,184.61,151.42,336.03,-1458.69,286.14,109.94,-1744.83,1664786.71,EOD,1711778.61,2.75
2025-06-09 10:10:00,2025-06-09 10:40:00,YELLOW,2,159.3,149.25,308.7,134.58,162.47,297.05,-1514.87,132.28,39.37,-1647.15,1663139.56,TIME_OUT,1711778.61,2.84
2025-06-09 10:50:00,2025-06-09 11:20:00,YELLOW,2,139.4,154.8,294.35,152.17,134.03,286.21,-1058.24,128.94,37.74,-1187.17,1661952.39,TIME_OUT,1711778.61,2.91
2025-06-09 11:25:00,2025-06-09 11:55:00,YELLOW,2,150.9,134.7,285.74,138.33,142.13,280.46,-686.8,127.09,36.8,-813.89,1661138.5,TIME_OUT,1711778.61,2.96
2025-06-09 12:05:00,2025-06-09 12:35:00,GREEN,6,140.6,138.95,279.69,126.64,152.32,278.96,-284.44,284.54,108.94,-568.98,1660569.52,TIME_OUT,1711778.61,2.99
2025-06-09 12:50:00,2025-06-09 13:20:00,GREEN,6,141.3,135.75,277.19,141.88,132.48,274.36,-1102.05,281.11,107.55,-1383.17,1659186.35,TIME_OUT,1711778.61,3.07
2025-06-09 13:25:00,2025-06-09 13:55:00,GREEN,6,139.65,134.9,274.69,139.13,131.63,270.76,-1529.86,278.31,106.36,-1808.17,1657378.18,TIME_OUT,1711778.61,3.18
2025-06-09 14:00:00,2025-06-09 14:30:00,GREEN,6,136.35,134.0,270.49,138.88,125.69,264.57,-2307.83,273.5,104.34,-2581.33,1654796.85,TIME_OUT,1711778.61,3.33
2025-06-09 14:35:00,2025-06-09 15:05:00,GREEN,6,137.4,129.75,267.28,135.83,130.58,266.42,-338.07,273.91,104.07,-611.98,1654184.87,TIME_OUT,1711778.61,3.36
2025-06-10 12:05:00,2025-06-10 12:35:00,GREEN,9,86.6,93.2,179.89,79.61,95.1,174.71,-3028.72,271.8,103.72,-3300.52,1650884.36,TIME_OUT,1711778.61,3.56
2025-06-10 12:40:00,2025-06-10 13:10:00,GREEN,9,80.15,98.05,178.29,80.66,92.05,172.71,-3261.67,269.39,102.67,-3531.05,1647353.3,TIME_OUT,1711778.61,3.76
2025-06-10 13:15:00,2025-06-10 13:23:00,GREEN,9,77.9,95.65,173.64,102.25,98.9,201.15,16094.87,294.23,109.62,15800.64,1663153.94,TARGET,1711778.61,2.84
2025-06-10 13:25:00,2025-06-10 13:55:00,GREEN,9,77.65,97.55,175.29,76.71,98.2,174.91,-219.43,270.4,102.43,-489.83,1662664.11,TIME_OUT,1711778.61,2.87
2025-06-10 14:00:00,2025-06-10 14:23:00,YELLOW,4,77.25,99.55,176.89,98.2,105.9,204.1,7074.47,158.71,49.53,6915.76,1669579.88,TARGET,1711778.61,2.47
2025-06-10 14:25:00,2025-06-10 14:55:00,GREEN,9,71.8,107.95,179.84,95.95,88.41,184.36,2642.97,280.75,106.53,2362.22,1671942.1,TIME_OUT,1711778.61,2.33
2025-06-11 10:35:00,2025-06-11 10:44:00,GREEN,12,60.65,78.6,139.32,87.56,69.57,157.12,13885.38,306.18,115.61,13579.21,1685521.3,TARGET,1711778.61,1.53
2025-06-11 13:05:00,2025-06-11 13:35:00,YELLOW,5,78.45,72.8,151.33,86.06,59.72,145.78,-1803.28,151.55,48.28,-1954.83,1683566.48,TIME_OUT,1711778.61,1.65
2025-06-11 14:50:00,2025-06-11 15:10:00,YELLOW,5,70.7,75.65,146.42,66.37,79.86,146.23,-63.81,150.84,47.56,-214.64,1683351.83,EOD,1711778.61,1.66
2025-06-13 10:10:00,2025-06-13 10:40:00,GREEN,4,182.65,201.0,383.84,197.0,182.66,379.66,-1087.25,263.03,99.26,-1350.29,1682001.54,TIME_OUT,1711778.61,1.74
2025-06-13 11:10:00,2025-06-13 11:40:00,GREEN,4,167.1,203.75,371.04,172.41,183.56,355.97,-3916.51,251.28,94.51,-4167.79,1677833.76,TIME_OUT,1711778.61,1.98
2025-06-13 11:45:00,2025-06-13 12:15:00,GREEN,4,175.7,180.55,356.43,177.76,181.91,359.67,842.91,250.56,93.09,592.34,1678426.1,TIME_OUT,1711778.61,1.95
2025-06-13 12:25:00,2025-06-13 12:55:00,GREEN,4,184.2,177.5,361.88,170.71,188.41,359.12,-717.73,251.17,93.73,-968.9,1677457.2,TIME_OUT,1711778.61,2.01
2025-06-13 13:00:00,2025-06-13 13:30:00,GREEN,4,170.95,185.05,356.18,170.51,179.91,350.42,-1495.86,246.7,91.86,-1742.56,1675714.64,TIME_OUT,1711778.61,2.11
2025-06-13 14:10:00,2025-06-13 14:40:00,GREEN,5,148.15,194.65,342.97,185.16,174.76,359.92,5508.28,298.95,114.22,5209.33,1680923.96,TIME_OUT,1711778.61,1.8
2025-06-13 15:00:00,2025-06-13 15:10:00,GREEN,4,156.9,201.6,358.68,171.16,184.81,355.97,-703.9,249.38,92.9,-953.28,1679970.68,EOD,1711778.61,1.86
2025-06-16 10:15:00,2025-06-16 10:45:00,GREEN,6,130.55,141.45,272.14,165.27,145.68,310.94,15135.3,302.64,113.7,14832.66,1694803.34,TARGET,1711778.61,0.99
2025-06-16 14:25:00,2025-06-16 14:55:00,YELLOW,3,145.5,131.95,277.59,135.93,135.08,271.01,-1281.99,163.16,53.49,-1445.15,1693358.19,TIME_OUT,1711778.61,1.08
2025-06-17 10:45:00,2025-06-17 11:15:00,YELLOW,4,100.95,115.05,216.11,93.3,116.99,210.29,-1511.43,167.29,55.43,-1678.72,1691679.47,TIME_OUT,1711778.61,1.17
2025-06-17 11:20:00,2025-06-17 11:50:00,GREEN,8,114.2,95.15,209.45,91.35,111.89,203.25,-3227.3,279.51,107.3,-3506.81,1688172.66,TIME_OUT,1711778.61,1.38
2025-06-17 11:55:00,2025-06-17 12:25:00,YELLOW,4,89.1,113.4,202.6,113.69,101.8,215.49,3351.65,167.36,54.35,3184.28,1691356.94,TIME_OUT,1711778.61,1.19
2025-06-17 13:05:00,2025-06-17 13:35:00,YELLOW,4,91.95,113.75,205.8,104.95,102.3,207.25,375.3,164.45,53.7,210.86,1691567.8,TIME_OUT,1711778.61,1.18
2025-06-17 13:45:00,2025-06-17 14:15:00,YELLOW,4,104.6,104.8,209.5,106.45,96.05,202.5,-1821.56,163.05,53.56,-1984.61,1689583.19,TIME_OUT,1711778.61,1.3
2025-06-17 14:25:00,2025-06-17 14:55:00,YELLOW,4,103.95,100.75,204.8,99.25,108.45,207.7,752.38,164.48,53.62,587.9,1690171.09,TIME_OUT,1711778.61,1.26
2025-06-17 15:00:00,2025-06-17 15:10:00,GREEN,8,100.05,107.65,207.8,99.25,113.34,212.59,2490.7,286.73,109.3,2203.97,1692375.06,EOD,1711778.61,1.13
2025-06-18 12:05:00,2025-06-18 12:35:00,YELLOW,4,92.4,85.0,177.49,82.36,94.25,176.61,-228.03,147.44,46.03,-375.47,1691999.58,TIME_OUT,1711778.61,1.16
2025-06-18 13:40:00,2025-06-18 14:10:00,YELLOW,5,87.2,76.8,164.08,78.66,87.01,165.67,515.17,164.27,53.58,350.89,1692350.48,TIME_OUT,1711778.61,1.13
2025-06-23 11:50:00,2025-06-23 12:20:00,YELLOW,3,139.0,140.4,279.54,141.53,139.38,280.91,267.11,166.46,54.64,100.65,1692451.13,TIME_OUT,1711778.61,1.13
2025-06-24 12:15:00,2025-06-24 12:45:00,GREEN,7,142.35,99.1,241.57,132.93,117.34,250.27,3960.35,293.11,111.89,3667.24,1696118.37,TIME_OUT,1711778.61,0.91
2025-06-24 12:50:00,2025-06-24 13:20:00,GREEN,7,134.65,102.85,237.62,151.47,92.65,244.13,2961.65,287.6,109.6,2674.05,1698792.42,TIME_OUT,1711778.61,0.76
2025-06-24 14:50:00,2025-06-24 15:10:00,GREEN,7,127.8,102.1,230.01,109.05,108.05,217.09,-5880.22,266.0,101.72,-6146.22,1692646.2,EOD,1711778.61,1.12
2025-06-25 10:10:00,2025-06-25 10:15:00,GREEN,9,88.6,87.5,176.19,112.69,88.46,201.15,14602.38,295.11,110.37,14307.26,1706953.47,TARGET,1711778.61,0.28
2025-06-25 10:30:00,2025-06-25 11:00:00,GREEN,10,96.4,78.1,174.59,99.6,69.62,169.22,-3491.73,289.04,111.74,-3780.77,1703172.69,TIME_OUT,1711778.61,0.5
2025-06-25 11:05:00,2025-06-25 11:35:00,GREEN,10,101.6,67.55,169.23,104.5,65.37,169.87,409.79,287.66,110.21,122.14,1703294.83,TIME_OUT,1711778.61,0.5
2025-06-25 11:40:00,2025-06-25 12:10:00,YELLOW,5,99.7,68.85,168.63,82.46,73.76,156.22,-4034.04,160.26,52.79,-4194.3,1699100.53,TIME_OUT,1711778.61,0.74
2025-06-25 12:30:00,2025-06-25 13:00:00,YELLOW,5,91.0,63.55,154.63,92.05,58.72,150.77,-1252.13,154.76,49.63,-1406.89,1697693.64,TIME_OUT,1711778.61,0.82
2025-06-25 13:50:00,2025-06-25 14:20:00,GREEN,11,90.0,67.7,157.78,83.86,64.87,148.73,-6473.07,282.84,109.58,-6755.91,1690937.73,TIME_OUT,1711778.61,1.22
2025-06-25 14:35:00,2025-06-25 15:05:00,GREEN,12,77.5,65.6,143.17,72.86,65.47,138.33,-3775.78,284.65,109.79,-4060.43,1686877.3,TIME_OUT,1711778.61,1.45
2025-06-27 10:05:00,2025-06-27 10:35:00,GREEN,5,177.7,141.8,319.66,168.57,142.73,311.29,-2718.78,269.36,102.53,-2988.14,1683889.16,TIME_OUT,1711778.61,1.63
2025-06-27 10:40:00,2025-06-27 11:10:00,GREEN,5,165.45,142.3,307.9,162.62,144.18,306.8,-359.89,264.78,99.89,-624.67,1683264.49,TIME_OUT,1711778.61,1.67
2025-06-27 11:35:00,2025-06-27 12:05:00,GREEN,5,162.75,139.05,301.95,169.07,125.54,294.6,-2388.19,257.33,96.94,-2645.52,1680618.97,TIME_OUT,1711778.61,1.82
2025-06-27 12:10:00,2025-06-27 12:40:00,GREEN,5,170.35,124.35,294.85,152.62,137.88,290.5,-1411.37,253.86,95.12,-1665.22,1678953.74,TIME_OUT,1711778.61,1.92
2025-06-27 13:00:00,2025-06-27 13:30:00,GREEN,5,156.95,137.95,295.05,144.43,142.58,287.01,-2613.33,252.09,94.58,-2865.42,1676088.33,TIME_OUT,1711778.61,2.08
2025-06-27 13:35:00,2025-06-27 14:05:00,GREEN,5,145.95,141.0,287.09,150.07,129.74,279.81,-2367.12,246.84,92.12,-2613.96,1673474.36,TIME_OUT,1711778.61,2.24
2025-06-27 14:10:00,2025-06-27 14:40:00,GREEN,6,150.5,129.5,280.14,168.82,117.39,286.21,2366.06,289.14,110.44,2076.92,1675551.29,TIME_OUT,1711778.61,2.12
2025-06-27 14:45:00,2025-06-27 15:10:00,GREEN,6,145.65,132.9,278.69,138.33,138.53,276.86,-712.83,283.01,108.33,-995.84,1674555.45,EOD,1711778.61,2.17
2025-06-30 10:35:00,2025-06-30 11:05:00,YELLOW,3,165.8,107.15,273.09,150.92,114.39,265.32,-1514.99,160.88,52.49,-1675.87,1672879.57,TIME_OUT,1711778.61,2.27
2025-06-30 11:10:00,2025-06-30 11:40:00,YELLOW,3,153.4,112.25,265.78,152.57,111.44,264.02,-344.16,159.64,51.66,-503.79,1672375.78,TIME_OUT,1711778.61,2.3
2025-07-01 10:40:00,2025-07-01 11:10:00,YELLOW,4,115.0,95.5,210.61,124.99,82.26,207.25,-873.32,165.18,54.32,-1038.5,1671337.28,TIME_OUT,1711778.61,2.36
2025-07-01 11:15:00,2025-07-01 11:40:00,YELLOW,4,97.85,104.65,202.6,122.69,104.7,227.39,6444.1,172.28,55.9,6271.82,1677609.1,TARGET,1711778.61,2.0
2025-07-01 11:45:00,2025-07-01 11:49:00,GREEN,8,95.35,102.0,197.45,122.09,102.05,224.14,13878.38,293.09,109.61,13585.29,1691194.39,TARGET,1711778.61,1.2
2025-07-01 11:50:00,2025-07-01 12:20:00,GREEN,8,123.0,79.6,202.7,99.45,94.3,193.75,-4653.08,269.58,103.08,-4922.66,1686271.73,TIME_OUT,1711778.61,1.49
2025-07-01 12:25:00,2025-07-01 12:55:00,GREEN,8,105.8,91.05,196.95,97.55,95.1,192.65,-2233.3,266.91,101.3,-2500.21,1683771.52,TIME_OUT,1711778.61,1.64
2025-07-01 13:00:00,2025-07-01 13:30:00,GREEN,9,97.1,93.55,190.75,95.4,93.95,189.36,-813.18,289.16,111.18,-1102.34,1682669.18,TIME_OUT,1711778.61,1.7
2025-07-01 13:35:00,2025-07-01 14:05:00,GREEN,9,95.4,93.15,188.64,98.2,87.16,185.36,-1922.89,284.72,109.4,-2207.62,1680461.56,TIME_OUT,1711778.61,1.83
2025-07-01 14:10:00,2025-07-01 14:40:00,GREEN,9,98.75,86.0,184.84,92.55,88.96,181.51,-1949.91,279.83,107.16,-2229.74,1678231.82,TIME_OUT,1711778.61,1.96
2025-07-01 14:45:00,2025-07-01 15:10:00,GREEN,9,93.7,89.4,183.19,96.95,85.56,182.51,-399.47,280.19,106.97,-679.66,1677552.17,EOD,1711778.61,2.0
2025-07-02 10:05:00,2025-07-02 10:35:00,YELLOW,5,102.3,63.8,166.18,89.56,83.96,173.51,2382.3,168.73,55.2,2213.57,1679765.74,TIME_OUT,1711778.61,1.87
2025-07-02 11:25:00,2025-07-02 11:55:00,YELLOW,5,70.5,82.65,153.23,72.31,75.26,147.58,-1836.38,152.84,48.88,-1989.22,1677776.52,TIME_OUT,1711778.61,1.99
2025-07-02 12:10:00,2025-07-02 12:40:00,YELLOW,5,71.95,74.8,146.82,67.27,75.16,142.43,-1428.25,148.95,47.0,-1577.21,1676199.31,TIME_OUT,1711778.61,2.08
2025-07-02 12:45:00,2025-07-02 12:54:00,YELLOW,6,68.5,72.75,141.32,87.91,78.01,165.92,9592.59,182.6,59.91,9409.98,1685609.29,TARGET,1711778.61,1.53
2025-07-02 12:55:00,2025-07-02 13:01:00,YELLOW,6,61.0,77.45,138.52,86.76,74.86,161.62,9008.97,179.29,58.53,8829.68,1694438.97,TARGET,1711778.61,1.01
2025-07-02 13:05:00,2025-07-02 13:19:00,YELLOW,6,61.75,74.15,135.97,85.61,67.22,152.82,6573.68,173.25,56.31,6400.43,1700839.4,TARGET,1711778.61,0.64
2025-07-02 14:10:00,2025-07-02 14:40:00,YELLOW,6,83.0,59.8,142.87,78.16,64.87,143.03,61.25,168.77,55.75,-107.52,1700731.89,TIME_OUT,1711778.61,0.65
2025-07-02 14:50:00,2025-07-02 15:10:00,GREEN,12,83.45,57.6,141.12,74.56,63.32,137.88,-2526.81,283.14,108.81,-2809.95,1697921.93,EOD,1711778.61,0.81
2025-07-04 10:05:00,2025-07-04 10:35:00,GREEN,5,161.0,137.9,299.05,159.67,130.58,290.25,-2858.26,254.53,95.76,-3112.79,1694809.14,TIME_OUT,1711778.61,0.99
2025-07-04 10:40:00,2025-07-04 11:10:00,GREEN,6,161.65,127.6,289.39,158.87,128.94,287.81,-619.55,292.26,112.55,-911.81,1693897.33,TIME_OUT,1711778.61,1.04
2025-07-04 11:15:00,2025-07-04 11:45:00,GREEN,6,161.85,119.4,281.39,142.73,152.12,294.85,5250.13,294.79,112.37,4955.35,1698852.67,TIME_OUT,1711778.61,0.76
2025-07-04 12:30:00,2025-07-04 13:00:00,GREEN,6,154.0,130.0,284.14,149.18,133.38,282.56,-617.51,287.8,110.51,-905.3,1697947.37,TIME_OUT,1711778.61,0.81
2025-07-04 13:05:00,2025-07-04 13:35:00,GREEN,6,152.85,129.9,282.89,155.22,123.94,279.16,-1455.1,285.4,109.6,-1740.5,1696206.87,TIME_OUT,1711778.61,0.91
2025-07-04 13:40:00,2025-07-04 14:10:00,GREEN,6,154.65,123.45,278.24,132.58,141.13,273.71,-1765.13,280.95,107.63,-2046.08,1694160.79,TIME_OUT,1711778.61,1.03
2025-07-04 14:15:00,2025-07-04 14:45:00,GREEN,6,132.35,141.3,273.79,155.77,123.39,279.16,2095.67,283.31,107.82,1812.37,1695973.16,TIME_OUT,1711778.61,0.92
2025-07-07 10:10:00,2025-07-07 10:40:00,GREEN,7,120.3,121.65,242.07,120.89,112.59,233.48,-3907.44,281.1,108.19,-4188.53,1691784.62,TIME_OUT,1711778.61,1.17
2025-07-07 10:45:00,2025-07-07 11:15:00,GREEN,7,127.05,109.35,236.52,127.59,106.35,233.93,-1176.28,279.93,107.03,-1456.21,1690328.41,TIME_OUT,1711778.61,1.25
2025-07-08 11:10:00,2025-07-08 11:40:00,YELLOW,4,96.2,86.45,182.74,93.05,87.36,180.41,-606.21,149.81,47.21,-756.02,1689572.39,TIME_OUT,1711778.61,1.3
2025-07-08 11:45:00,2025-07-08 12:15:00,GREEN,9,91.75,88.4,180.24,99.2,83.86,183.06,1648.73,279.68,106.26,1369.05,1690941.44,TIME_OUT,1711778.61,1.22
2025-07-08 12:20:00,2025-07-08 12:50:00,GREEN,9,99.55,83.8,183.44,104.55,70.36,174.91,-4989.57,273.21,104.82,-5262.78,1685678.66,TIME_OUT,1711778.61,1.52
2025-07-08 12:55:00,2025-07-08 13:01:00,GREEN,9,80.3,93.95,174.34,105.55,92.25,197.8,13726.4,291.36,108.85,13435.04,1699113.7,TARGET,1711778.61,0.74
2025-07-08 13:05:00,2025-07-08 13:35:00,GREEN,9,108.9,68.9,177.89,100.95,89.71,190.65,7467.95,285.94,107.8,7182.01,1706295.72,TIME_OUT,1711778.61,0.32
2025-07-08 13:40:00,2025-07-08 13:55:00,GREEN,10,100.0,70.0,170.08,106.4,89.06,195.45,16488.7,314.43,118.8,16174.27,1722469.98,TARGET,1722469.98,0.0
2025-07-08 14:00:00,2025-07-08 14:30:00,GREEN,10,104.4,67.0,171.49,97.6,70.16,167.77,-2417.76,286.35,110.26,-2704.11,1719765.88,TIME_OUT,1722469.98,0.16
2025-07-08 14:35:00,2025-07-08 15:05:00,GREEN,10,100.45,69.4,169.93,107.15,71.21,178.36,5476.8,296.71,113.2,5180.1,1724945.97,TIME_OUT,1724945.97,0.0
2025-07-09 10:45:00,2025-07-09 10:48:00,GREEN,12,69.85,69.3,139.22,92.9,68.77,161.67,17510.65,311.77,117.35,17198.88,1742144.85,TARGET,1742144.85,0.0
2025-07-09 11:10:00,2025-07-09 11:40:00,GREEN,12,94.1,47.75,141.92,70.61,68.12,138.73,-2488.45,284.57,109.45,-2773.02,1739371.83,TIME_OUT,1742144.85,0.16
2025-07-09 12:00:00,2025-07-09 12:30:00,GREEN,12,89.95,48.45,138.47,71.46,63.02,134.48,-3109.45,277.71,106.45,-3387.16,1735984.67,TIME_OUT,1742144.85,0.35
2025-07-09 12:50:00,2025-07-09 13:04:00,GREEN,13,67.65,62.9,130.62,91.35,56.07,147.43,14205.27,310.39,117.47,13894.88,1749879.55,TARGET,1749879.55,0.0
2025-07-11 11:35:00,2025-07-11 12:05:00,GREEN,6,159.95,108.25,268.33,152.72,110.99,263.72,-1800.25,272.48,103.75,-2072.73,1747806.83,TIME_OUT,1749879.55,0.12
2025-07-11 12:10:00,2025-07-11 12:40:00,GREEN,6,151.15,110.8,262.08,130.48,123.64,254.12,-3103.66,265.09,100.66,-3368.75,1744438.08,TIME_OUT,1749879.55,0.31
2025-07-11 12:45:00,2025-07-11 13:15:00,GREEN,7,134.7,119.2,254.03,147.18,109.85,257.02,1362.49,301.34,116.26,1061.15,1745499.23,TIME_OUT,1749879.55,0.25
2025-07-11 13:20:00,2025-07-11 13:50:00,GREEN,6,147.8,109.3,257.23,151.52,104.0,255.52,-665.49,264.84,99.99,-930.32,1744568.91,TIME_OUT,1749879.55,0.3
2025-07-11 14:00:00,2025-07-11 14:30:00,GREEN,7,149.55,104.9,254.58,143.73,109.9,253.62,-434.12,299.02,115.62,-733.14,1743835.77,TIME_OUT,1749879.55,0.35
2025-07-11 14:35:00,2025-07-11 15:05:00,GREEN,7,149.3,103.05,252.48,150.12,99.1,249.23,-1479.14,295.28,114.14,-1774.42,1742061.35,TIME_OUT,1749879.55,0.45
2025-07-14 10:30:00,2025-07-14 11:00:00,GREEN,7,124.95,100.45,225.51,110.74,108.45,219.19,-2876.67,266.31,101.17,-3142.98,1738918.37,TIME_OUT,1749879.55,0.63
2025-07-14 14:25:00,2025-07-14 14:55:00,YELLOW,4,121.95,88.35,210.41,109.75,94.85,204.6,-1509.95,164.06,53.95,-1674.01,1737244.37,TIME_OUT,1749879.55,0.72
2025-07-15 10:10:00,2025-07-15 10:40:00,YELLOW,5,108.6,67.85,176.54,92.1,90.1,182.21,1842.95,175.21,58.3,1667.75,1738912.11,TIME_OUT,1749879.55,0.63
2025-07-15 11:45:00,2025-07-15 12:15:00,GREEN,10,107.05,64.1,171.24,98.65,68.12,166.77,-2904.85,285.22,109.85,-3190.07,1735722.04,TIME_OUT,1749879.55,0.81
2025-07-15 12:25:00,2025-07-15 12:55:00,GREEN,11,90.9,70.15,161.13,93.65,64.67,158.32,-2008.95,295.16,114.2,-2304.11,1733417.93,TIME_OUT,1749879.55,0.94
2025-07-15 13:00:00,2025-07-15 13:30:00,YELLOW,5,94.75,63.55,158.38,80.11,72.31,152.42,-1935.51,156.33,50.51,-2091.84,1731326.09,TIME_OUT,1749879.55,1.06
2025-07-15 13:45:00,2025-07-15 14:10:00,GREEN,11,79.6,71.5,151.18,100.0,74.71,174.71,16828.99,309.6,116.51,16519.4,1747845.48,TARGET,1749879.55,0.12
2025-07-15 14:15:00,2025-07-15 14:41:00,GREEN,12,75.85,72.2,148.12,95.2,71.96,167.17,14853.03,322.69,122.96,14530.35,1762375.83,TARGET,1762375.83,0.0
2025-07-15 14:45:00,2025-07-15 15:10:00,YELLOW,5,98.8,53.55,152.43,81.11,68.07,149.18,-1056.51,153.51,49.01,-1210.02,1761165.8,EOD,1762375.83,0.07
2025-07-16 10:10:00,2025-07-16 10:40:00,YELLOW,7,64.6,61.4,126.06,60.12,63.37,123.49,-1171.52,170.38,56.77,-1341.9,1759823.9,TIME_OUT,1762375.83,0.14
2025-07-16 10:50:00,2025-07-16 11:20:00,YELLOW,7,55.3,69.25,124.61,55.22,64.57,119.79,-2194.1,167.31,55.6,-2361.42,1757462.49,TIME_OUT,1762375.83,0.28
2025-07-16 11:25:00,2025-07-16 11:55:00,YELLOW,7,61.0,58.45,119.51,56.57,65.67,122.24,1241.75,167.72,55.0,1074.04,1758536.52,TIME_OUT,1762375.83,0.22
2025-07-16 12:20:00,2025-07-16 12:25:00,YELLOW,7,55.1,65.05,120.21,72.96,66.67,139.63,8836.13,180.49,59.11,8655.65,1767192.17,TARGET,1767192.17,0.0
2025-07-16 12:40:00,2025-07-16 12:48:00,YELLOW,7,62.5,57.5,120.06,72.96,75.91,148.88,13111.06,187.13,61.18,12923.93,1780116.1,TARGET,1780116.1,0.0
2025-07-16 12:55:00,2025-07-16 13:25:00,YELLOW,7,66.35,53.3,119.71,66.62,50.97,117.59,-963.99,164.41,53.99,-1128.39,1778987.71,TIME_OUT,1780116.1,0.06
2025-07-16 13:55:00,2025-07-16 14:02:00,YELLOW,7,69.8,45.25,115.11,72.76,69.02,141.78,12135.56,180.67,58.44,11954.88,1790942.59,TARGET,1790942.59,0.0
2025-07-18 11:05:00,2025-07-18 11:35:00,YELLOW,3,154.55,118.95,273.64,149.23,120.04,269.27,-852.43,162.17,52.93,-1014.6,1789927.99,TIME_OUT,1790942.59,0.06
2025-07-18 11:45:00,2025-07-18 12:15:00,YELLOW,3,145.05,123.15,268.33,145.63,120.64,266.27,-403.12,160.63,52.12,-563.75,1789364.24,TIME_OUT,1790942.59,0.09
2025-07-18 12:20:00,2025-07-18 12:50:00,YELLOW,3,142.45,122.8,265.38,142.88,118.49,261.37,-782.61,158.77,51.36,-941.38,1788422.86,TIME_OUT,1790942.59,0.14
2025-07-18 12:55:00,2025-07-18 13:25:00,YELLOW,3,143.95,118.4,262.48,148.58,109.25,257.82,-908.73,157.34,50.73,-1066.07,1787356.8,TIME_OUT,1790942.59,0.2
2025-07-18 13:30:00,2025-07-18 14:00:00,YELLOW,3,146.25,112.3,258.68,151.72,103.0,254.72,-771.56,155.94,50.06,-927.49,1786429.3,TIME_OUT,1790942.59,0.25
2025-07-18 14:15:00,2025-07-18 14:45:00,GREEN,7,155.65,100.85,256.63,153.72,101.4,255.12,-685.17,300.66,116.42,-985.83,1785443.47,TIME_OUT,1790942.59,0.31
2025-07-18 14:50:00,2025-07-18 15:10:00,YELLOW,3,155.8,100.5,256.43,159.62,98.1,257.72,252.12,156.61,50.13,95.51,1785538.98,EOD,1790942.59,0.3
2025-07-21 10:45:00,2025-07-21 11:15:00,YELLOW,4,123.5,94.4,218.01,127.49,85.26,212.74,-1369.0,168.59,56.0,-1537.59,1784001.39,TIME_OUT,1790942.59,0.39
2025-07-21 11:20:00,2025-07-21 11:50:00,YELLOW,4,126.45,84.6,211.16,128.69,81.91,210.59,-145.83,166.65,54.83,-312.48,1783688.92,TIME_OUT,1790942.59,0.41
2025-07-21 12:05:00,2025-07-21 12:35:00,YELLOW,4,109.75,94.9,204.75,107.2,92.8,200.0,-1235.62,161.29,52.62,-1396.91,1782292.01,TIME_OUT,1790942.59,0.48
2025-07-21 12:40:00,2025-07-21 13:10:00,YELLOW,4,106.7,92.5,199.3,112.09,86.41,198.5,-207.71,159.83,51.71,-367.55,1781924.46,TIME_OUT,1790942.59,0.5
2025-07-21 13:15:00,2025-07-21 13:45:00,YELLOW,4,106.6,91.0,197.7,104.45,90.95,195.4,-597.1,158.31,51.1,-755.41,1781169.05,TIME_OUT,1790942.59,0.55
2025-07-21 14:00:00,2025-07-21 14:30:00,YELLOW,4,115.7,84.65,200.45,103.3,87.71,191.0,-2455.89,156.91,50.89,-2612.8,1778556.25,TIME_OUT,1790942.59,0.69
2025-07-21 14:40:00,2025-07-21 15:10:00,GREEN,9,120.2,73.5,193.8,93.35,92.9,186.26,-4410.91,287.34,111.17,-4698.25,1773858.0,TIME_OUT,1790942.59,0.95
2025-07-22 10:00:00,2025-07-22 10:30:00,YELLOW,5,85.75,78.2,164.03,84.96,72.86,157.82,-2018.55,160.21,52.3,-2178.76,1771679.25,TIME_OUT,1790942.59,1.08
2025-07-22 10:35:00,2025-07-22 11:05:00,GREEN,11,85.05,72.6,157.73,99.65,62.47,162.12,3138.9,298.04,114.35,2840.86,1774520.11,TIME_OUT,1790942.59,0.92
2025-07-22 11:45:00,2025-07-22 12:15:00,YELLOW,5,96.3,64.6,160.98,70.66,81.16,151.82,-2975.83,156.52,50.83,-3132.35,1771387.75,TIME_OUT,1790942.59,1.09
2025-07-22 12:45:00,2025-07-22 13:15:00,GREEN,12,81.85,65.5,147.42,74.76,69.87,144.63,-2180.9,294.41,113.9,-2475.31,1768912.44,TIME_OUT,1790942.59,1.23
2025-07-22 13:20:00,2025-07-22 13:46:00,GREEN,12,74.9,69.05,144.02,97.45,74.06,171.51,21443.94,326.19,123.06,21117.74,1790030.19,TARGET,1790942.59,0.05
2025-07-22 13:55:00,2025-07-22 14:25:00,GREEN,12,76.8,67.75,144.62,86.61,59.52,146.13,1173.61,294.98,113.39,878.63,1790908.81,TIME_OUT,1790942.59,0.0
2025-07-22 14:30:00,2025-07-22 15:00:00,YELLOW,6,88.0,60.25,148.32,86.86,56.12,142.98,-2084.8,169.99,56.8,-2254.79,1788654.02,TIME_OUT,1790942.59,0.13
2025-07-23 10:20:00,2025-07-23 10:50:00,YELLOW,7,67.75,52.8,120.61,71.11,46.63,117.74,-1305.47,164.76,54.22,-1470.23,1787183.79,TIME_OUT,1790942.59,0.21
2025-07-23 11:10:00,2025-07-23 11:25:00,YELLOW,7,55.1,59.9,115.06,74.41,62.47,136.88,9929.93,177.11,57.32,9752.82,1796936.6,TARGET,1796936.6,0.0
2025-07-23 11:30:00,2025-07-23 11:33:00,GREEN,16,50.3,61.45,111.81,75.31,62.27,137.58,26806.31,343.31,129.68,26463.0,1823399.61,TARGET,1823399.61,0.0
2025-07-23 11:40:00,2025-07-23 12:09:00,GREEN,16,74.45,39.8,114.31,68.97,61.97,130.93,17292.47,333.85,127.53,16958.62,1840358.23,TARGET,1840358.23,0.0
2025-07-23 12:50:00,2025-07-23 13:07:00,GREEN,15,78.4,39.7,118.16,73.71,61.32,135.03,16451.57,324.51,123.43,16127.06,1856485.29,TARGET,1856485.29,0.0
2025-07-23 13:10:00,2025-07-23 13:39:00,GREEN,16,72.75,41.3,114.11,74.66,61.47,136.13,22905.87,342.32,130.12,22563.55,1879048.83,TARGET,1879048.83,0.0
2025-07-23 13:40:00,2025-07-23 13:42:00,YELLOW,8,74.65,38.75,113.46,74.11,60.32,134.43,10907.55,193.16,64.45,10714.39,1889763.22,TARGET,1889763.22,0.0
2025-07-23 13:45:00,2025-07-23 13:48:00,YELLOW,8,75.8,38.2,114.06,74.26,60.32,134.58,10673.35,193.47,64.65,10479.89,1900243.11,TARGET,1900243.11,0.0
2025-07-23 14:05:00,2025-07-23 14:35:00,YELLOW,9,53.95,53.25,107.25,62.27,44.33,106.6,-384.3,183.37,62.55,-567.67,1899675.44,TIME_OUT,1900243.11,0.03
2025-07-23 14:45:00,2025-07-23 15:04:00,YELLOW,9,60.3,45.2,105.55,61.67,63.82,125.49,11661.67,200.35,67.58,11461.31,1911136.75,TARGET,1911136.75,0.0
2025-07-25 11:05:00,2025-07-25 11:35:00,YELLOW,3,126.0,128.4,254.53,148.48,110.49,258.97,866.43,156.78,50.07,709.66,1911846.41,TIME_OUT,1911846.41,0.0
2025-07-25 11:40:00,2025-07-25 12:10:00,YELLOW,3,144.05,114.5,258.68,132.63,127.49,260.12,280.92,157.61,50.58,123.31,1911969.71,TIME_OUT,1911969.71,0.0
2025-07-25 12:40:00,2025-07-25 13:10:00,GREEN,7,116.1,140.6,256.83,136.68,117.14,253.82,-1367.42,299.77,116.17,-1667.2,1910302.52,TIME_OUT,1911969.71,0.09
2025-07-25 13:25:00,2025-07-25 13:55:00,YELLOW,3,138.9,112.55,251.58,140.23,107.35,247.58,-779.92,152.9,48.67,-932.82,1909369.69,TIME_OUT,1911969.71,0.14
2025-07-25 14:00:00,2025-07-25 14:30:00,GREEN,7,117.6,127.25,244.97,149.18,118.49,267.67,10325.62,306.61,116.63,10019.02,1919388.71,TIME_OUT,1919388.71,0.0
2025-07-25 14:35:00,2025-07-25 15:05:00,GREEN,8,127.1,118.25,245.47,120.49,120.44,240.93,-2362.46,321.71,126.46,-2684.18,1916704.53,TIME_OUT,1919388.71,0.14
2025-07-28 10:00:00,2025-07-28 10:30:00,YELLOW,4,130.6,99.0,229.71,127.19,101.15,228.34,-358.55,176.83,59.55,-535.38,1916169.16,TIME_OUT,1919388.71,0.17
2025-07-29 11:55:00,2025-07-29 12:25:00,GREEN,10,117.05,68.8,185.94,94.45,87.51,181.96,-2589.57,306.56,119.57,-2896.13,1913273.02,TIME_OUT,1919388.71,0.32
2025-07-29 12:30:00,2025-07-29 13:00:00,YELLOW,5,97.5,77.4,174.99,99.4,73.46,172.86,-690.28,170.08,56.53,-860.36,1912412.67,TIME_OUT,1919388.71,0.36
2025-07-29 14:35:00,2025-07-29 15:05:00,GREEN,11,92.75,72.3,165.13,97.35,61.22,158.57,-4691.72,297.13,115.72,-4988.85,1907423.81,TIME_OUT,1919388.71,0.62
2025-07-30 10:50:00,2025-07-30 11:04:00,YELLOW,7,76.55,59.0,135.62,78.26,75.81,154.07,8397.09,195.07,65.9,8202.02,1915625.84,TARGET,1919388.71,0.2
2025-07-30 11:10:00,2025-07-30 11:16:00,YELLOW,7,80.3,53.85,134.22,82.36,75.26,157.62,10648.85,197.26,66.39,10451.59,1926077.43,TARGET,1926077.43,0.0
2025-07-30 12:30:00,2025-07-30 13:00:00,YELLOW,7,81.1,50.1,131.27,77.11,51.22,128.34,-1333.06,175.28,59.06,-1508.34,1924569.09,TIME_OUT,1926077.43,0.08
2025-07-30 13:15:00,2025-07-30 13:45:00,YELLOW,7,72.5,54.6,127.16,73.76,49.93,123.69,-1581.32,170.82,57.07,-1752.14,1922816.95,TIME_OUT,1926077.43,0.17
2025-07-30 13:50:00,2025-07-30 14:20:00,YELLOW,8,65.95,54.2,120.21,69.32,51.42,120.74,275.35,183.91,62.65,91.45,1922908.39,TIME_OUT,1926077.43,0.16
2025-07-30 14:30:00,2025-07-30 14:32:00,GREEN,16,59.85,62.35,122.26,84.76,60.82,145.58,24248.72,362.95,139.28,23885.77,1946794.17,TARGET,1946794.17,0.0
2025-07-30 14:35:00,2025-07-30 14:47:00,GREEN,16,59.8,59.8,119.66,75.86,65.02,140.88,22068.51,353.58,135.48,21714.93,1968509.1,TARGET,1968509.1,0.0
2025-07-30 14:55:00,2025-07-30 15:10:00,GREEN,16,76.1,43.15,119.31,66.17,50.17,116.34,-3086.54,312.79,122.54,-3399.33,1965109.77,EOD,1968509.1,0.17
2025-08-01 10:50:00,2025-08-01 11:20:00,GREEN,6,147.8,147.3,295.25,151.17,142.73,293.9,-524.38,297.39,114.88,-821.77,1964288.0,TIME_OUT,1968509.1,0.21
2025-08-01 12:05:00,2025-08-01 12:35:00,GREEN,6,154.8,146.35,301.3,151.62,149.33,300.95,-136.94,303.15,117.44,-440.09,1963847.91,TIME_OUT,1968509.1,0.24
2025-08-01 12:45:00,2025-08-01 13:15:00,GREEN,6,150.7,151.7,302.55,155.77,144.73,300.5,-800.09,303.16,117.59,-1103.25,1962744.66,TIME_OUT,1968509.1,0.29
2025-08-01 13:20:00,2025-08-01 13:50:00,GREEN,6,153.9,146.9,300.95,153.07,140.88,293.95,-2729.01,298.73,116.01,-3027.73,1959716.93,TIME_OUT,1968509.1,0.45
2025-08-01 13:55:00,2025-08-01 14:25:00,GREEN,6,151.35,142.5,294.0,143.88,148.93,292.8,-465.43,296.42,114.43,-761.84,1958955.08,TIME_OUT,1968509.1,0.49
2025-08-01 14:45:00,2025-08-01 15:10:00,GREEN,6,164.4,131.45,296.0,155.42,152.32,307.75,4581.77,306.14,117.73,4275.63,1963230.71,EOD,1968509.1,0.27
2025-08-04 10:10:00,2025-08-04 10:40:00,GREEN,7,155.45,120.55,276.14,139.13,131.88,271.01,-2331.23,317.39,124.48,-2648.62,1960582.09,TIME_OUT,1968509.1,0.4
2025-08-04 10:45:00,2025-08-04 11:15:00,GREEN,7,137.45,134.4,271.99,151.77,120.29,272.06,35.48,317.04,123.77,-281.56,1960300.53,TIME_OUT,1968509.1,0.42
2025-08-04 12:50:00,2025-08-04 13:20:00,YELLOW,3,126.4,126.15,252.68,124.79,125.34,250.12,-497.52,153.82,49.02,-651.34,1959649.18,TIME_OUT,1968509.1,0.45
2025-08-04 13:35:00,2025-08-04 14:05:00,YELLOW,4,123.8,126.8,250.73,131.68,114.94,246.63,-1065.66,187.62,64.66,-1253.27,1958395.91,TIME_OUT,1968509.1,0.51
2025-08-04 14:40:00,2025-08-04 15:10:00,YELLOW,4,134.6,109.2,243.92,135.33,106.6,241.93,-518.16,184.63,63.16,-702.79,1957693.12,TIME_OUT,1968509.1,0.55
2025-08-05 11:00:00,2025-08-05 11:30:00,GREEN,9,117.75,92.9,210.76,92.75,111.19,203.95,-3982.3,309.64,121.3,-4291.94,1953401.18,TIME_OUT,1968509.1,0.77
2025-08-05 11:35:00,2025-08-05 12:05:00,YELLOW,4,117.2,87.0,204.3,114.89,111.44,226.34,5729.02,172.11,55.98,5556.91,1958958.08,TIME_OUT,1968509.1,0.49
2025-08-05 12:10:00,2025-08-05 12:40:00,YELLOW,5,97.95,96.4,194.45,94.5,97.75,192.25,-712.84,183.83,62.84,-896.67,1958061.41,TIME_OUT,1968509.1,0.53
2025-08-05 12:45:00,2025-08-05 13:15:00,YELLOW,5,95.15,97.2,192.45,81.96,105.15,187.11,-1735.43,180.79,61.68,-1916.22,1956145.2,TIME_OUT,1968509.1,0.63
2025-08-05 13:50:00,2025-08-05 13:57:00,GREEN,10,102.75,83.95,186.79,105.3,104.95,210.24,15243.46,336.12,129.04,14907.34,1971052.53,TARGET,1971052.53,0.0
2025-08-05 14:00:00,2025-08-05 14:30:00,GREEN,11,99.85,83.4,183.34,103.95,79.01,182.96,-273.95,332.54,130.95,-606.49,1970446.04,TIME_OUT,1971052.53,0.03
2025-08-05 14:35:00,2025-08-05 15:05:00,GREEN,11,99.85,80.4,180.34,82.41,96.2,178.61,-1236.57,326.33,128.32,-1562.9,1968883.14,TIME_OUT,1971052.53,0.11
2025-08-06 11:25:00,2025-08-06 11:55:00,YELLOW,6,89.55,67.25,156.88,73.96,77.71,151.67,-2029.67,177.35,60.17,-2207.02,1966676.12,TIME_OUT,1971052.53,0.22
2025-08-06 12:35:00,2025-08-06 13:05:00,YELLOW,6,89.95,56.25,146.27,83.06,70.61,153.67,2886.01,176.15,58.49,2709.86,1969385.98,TIME_OUT,1971052.53,0.08
2025-08-06 13:10:00,2025-08-06 13:31:00,YELLOW,7,82.5,59.1,141.67,83.26,78.21,161.47,9008.28,202.05,68.96,8806.24,1978192.21,TARGET,1978192.21,0.0
2025-08-06 13:35:00,2025-08-06 13:41:00,YELLOW,7,85.3,56.7,142.07,83.51,79.41,162.92,9485.61,203.2,69.39,9282.41,1987474.62,TARGET,1987474.62,0.0
2025-08-06 13:45:00,2025-08-06 14:15:00,GREEN,14,79.1,59.75,138.92,61.42,75.21,136.63,-2081.88,319.48,125.38,-2401.35,1985073.27,TIME_OUT,1987474.62,0.12
2025-08-06 14:50:00,2025-08-06 14:58:00,GREEN,14,81.95,59.9,141.92,87.96,77.06,165.02,21017.84,362.16,139.66,20655.68,2005728.95,TARGET,2005728.95,0.0
2025-08-06 15:00:00,2025-08-06 15:07:00,YELLOW,7,88.9,52.55,141.52,86.06,77.91,163.97,10213.5,203.81,69.5,10009.68,2015738.63,TARGET,2015738.63,0.0
2025-08-07 11:25:00,2025-08-07 11:31:00,GREEN,20,28.6,55.35,83.99,51.07,55.52,106.6,29386.11,331.96,123.88,29054.15,2044792.79,TARGET,2044792.79,0.0
2025-08-11 11:20:00,2025-08-11 11:50:00,YELLOW,4,132.75,98.2,231.07,142.63,92.9,235.53,1161.34,180.01,60.66,981.33,2045774.11,TIME_OUT,2045774.11,0.0
2025-08-11 12:20:00,2025-08-11 12:50:00,YELLOW,4,121.05,105.6,226.76,131.28,93.35,224.64,-552.68,174.85,58.68,-727.53,2045046.58,TIME_OUT,2045774.11,0.04
2025-08-12 10:20:00,2025-08-12 10:50:00,YELLOW,5,106.3,83.9,190.3,100.6,94.4,195.0,1529.89,184.46,62.61,1345.43,2046392.01,TIME_OUT,2046392.01,0.0
2025-08-12 12:00:00,2025-08-12 12:30:00,YELLOW,5,104.65,79.25,183.99,105.15,71.81,176.96,-2284.9,173.93,58.65,-2458.83,2043933.18,TIME_OUT,2046392.01,0.12
2025-08-12 13:05:00,2025-08-12 13:35:00,YELLOW,6,98.3,72.7,171.09,103.35,68.37,171.71,245.15,193.05,66.85,52.11,2043985.29,TIME_OUT,2046392.01,0.12
2025-08-12 13:55:00,2025-08-12 14:25:00,YELLOW,6,108.1,63.3,171.49,90.95,79.36,170.31,-456.65,192.27,66.65,-648.92,2043336.37,TIME_OUT,2046392.01,0.15
2025-08-13 10:10:00,2025-08-13 10:22:00,YELLOW,7,83.85,65.25,149.17,105.7,68.77,174.46,11506.12,213.46,73.63,11292.66,2054629.03,TARGET,2054629.03,0.0
2025-08-13 10:25:00,2025-08-13 10:27:00,YELLOW,7,78.95,70.35,149.37,105.3,68.67,173.96,11187.69,213.15,73.56,10974.53,2065603.56,TARGET,2065603.56,0.0
2025-08-13 10:30:00,2025-08-13 10:52:00,GREEN,14,84.35,63.0,147.42,105.55,65.72,171.26,21694.99,374.15,145.0,21320.84,2086924.4,TARGET,2086924.4,0.0
2025-08-13 11:35:00,2025-08-13 11:41:00,GREEN,15,70.4,65.15,135.62,94.5,68.32,162.82,26520.76,377.62,145.49,26143.13,2113067.53,TARGET,2113067.53,0.0
2025-08-13 13:35:00,2025-08-13 14:05:00,YELLOW,7,91.1,45.15,136.32,74.86,66.67,141.53,2371.04,186.18,63.21,2184.86,2115252.39,TIME_OUT,2115252.39,0.0
2025-08-13 14:20:00,2025-08-13 14:29:00,YELLOW,8,68.15,58.4,126.61,92.0,58.52,150.52,12433.94,210.5,72.06,12223.44,2127475.83,TARGET,2127475.83,0.0
2025-08-13 14:30:00,2025-08-13 15:00:00,YELLOW,8,66.15,59.0,125.21,64.77,54.87,119.64,-2897.66,184.53,63.66,-3082.19,2124393.63,TIME_OUT,2127475.83,0.14
2025-08-19 11:25:00,2025-08-19 11:55:00,GREEN,13,82.6,81.15,163.83,98.55,70.81,169.37,4675.72,356.43,140.78,4319.29,2128712.93,TIME_OUT,2128712.93,0.0
2025-08-19 12:45:00,2025-08-19 13:15:00,GREEN,12,89.0,81.5,170.59,91.65,79.31,170.96,295.8,337.73,133.2,-41.94,2128670.99,TIME_OUT,2128712.93,0.0
2025-08-19 13:20:00,2025-08-19 13:50:00,GREEN,12,86.6,82.15,168.83,101.25,64.17,165.42,-2665.36,330.05,130.36,-2995.41,2125675.58,TIME_OUT,2128712.93,0.14
2025-08-19 14:20:00,2025-08-19 14:50:00,GREEN,13,88.9,67.75,156.73,75.76,76.21,151.97,-4017.43,329.52,130.43,-4346.95,2121328.64,TIME_OUT,2128712.93,0.35
2025-08-20 10:05:00,2025-08-20 10:35:00,YELLOW,7,62.65,77.0,139.72,70.96,65.62,136.58,-1427.86,183.52,62.86,-1611.38,2119717.26,TIME_OUT,2128712.93,0.42
2025-08-20 10:50:00,2025-08-20 11:20:00,GREEN,15,74.5,63.35,137.92,82.21,54.37,136.58,-1303.82,338.27,133.82,-1642.09,2118075.17,TIME_OUT,2128712.93,0.5
2025-08-20 11:50:00,2025-08-20 12:20:00,YELLOW,7,81.5,55.0,136.57,64.17,76.86,141.03,2029.85,185.89,63.15,1843.96,2119919.13,TIME_OUT,2128712.93,0.41
2025-08-20 12:30:00,2025-08-20 13:00:00,GREEN,16,61.75,70.0,131.82,65.17,62.22,127.39,-4606.78,338.73,134.79,-4945.51,2114973.61,TIME_OUT,2128712.93,0.65
2025-08-20 13:10:00,2025-08-20 13:40:00,GREEN,17,62.0,64.3,126.36,60.92,61.87,122.79,-3949.91,345.32,137.66,-4295.22,2110678.39,TIME_OUT,2128712.93,0.85
2025-08-20 13:45:00,2025-08-20 14:15:00,GREEN,17,57.8,63.9,121.76,64.02,52.72,116.74,-5546.27,331.69,131.77,-5877.96,2104800.43,TIME_OUT,2128712.93,1.12
2025-08-20 14:25:00,2025-08-20 14:44:00,GREEN,18,61.5,54.2,115.76,64.97,76.36,141.33,29918.6,390.02,150.4,29528.57,2134329.0,TARGET,2134329.0,0.0
2025-08-20 14:55:00,2025-08-20 15:10:00,GREEN,18,39.5,76.8,116.36,61.42,49.98,111.39,-5807.73,334.75,133.24,-6142.48,2128186.52,EOD,2134329.0,0.29
2025-08-21 10:55:00,2025-08-21 11:18:00,YELLOW,10,25.25,47.75,73.04,45.58,43.33,88.91,10314.87,167.09,52.63,10147.77,2138334.29,TARGET,2138334.29,0.0
2025-08-25 11:30:00,2025-08-25 12:00:00,YELLOW,6,96.4,72.85,169.33,108.0,65.02,173.01,1434.74,193.45,66.76,1241.29,2139575.59,TIME_OUT,2139575.59,0.0
2025-08-25 12:05:00,2025-08-25 12:31:00,YELLOW,6,110.25,62.05,172.39,116.79,78.31,195.1,8859.34,207.85,71.66,8651.49,2148227.07,TARGET,2148227.07,0.0
2025-08-25 12:50:00,2025-08-25 13:20:00,YELLOW,6,89.8,72.95,162.83,84.86,75.76,160.62,-862.57,184.27,63.07,-1046.84,2147180.23,TIME_OUT,2148227.07,0.05
2025-08-25 13:25:00,2025-08-25 13:55:00,YELLOW,6,84.7,75.8,160.58,96.9,66.32,163.22,1028.86,185.36,63.14,843.5,2148023.73,TIME_OUT,2148227.07,0.01
2025-08-25 14:00:00,2025-08-25 14:30:00,YELLOW,6,94.85,67.3,162.23,76.36,81.81,158.17,-1583.48,182.61,62.48,-1766.09,2146257.64,TIME_OUT,2148227.07,0.09
2025-08-25 14:50:00,2025-08-25 14:52:00,YELLOW,6,103.25,54.8,158.13,101.8,76.11,177.91,7714.97,193.91,65.53,7521.06,2153778.7,TARGET,2153778.7,0.0
2025-08-25 14:55:00,2025-08-25 15:10:00,YELLOW,7,78.2,75.55,153.83,100.0,60.62,160.62,3090.71,204.7,71.54,2886.02,2156664.72,EOD,2156664.72,0.0
2025-08-26 10:35:00,2025-08-26 10:55:00,GREEN,15,65.9,76.0,141.97,87.36,80.36,167.72,25101.52,388.87,150.97,24712.65,2181377.37,TARGET,2181377.37,0.0
2025-08-26 11:00:00,2025-08-26 11:30:00,GREEN,16,68.8,69.6,138.47,59.97,74.01,133.98,-4665.67,353.72,141.68,-5019.39,2176357.98,TIME_OUT,2181377.37,0.23
2025-08-26 11:45:00,2025-08-26 12:15:00,GREEN,16,68.9,63.7,132.67,68.52,60.37,128.89,-3932.01,341.73,136.01,-4273.74,2172084.24,TIME_OUT,2181377.37,0.43
2025-08-26 12:20:00,2025-08-26 12:50:00,GREEN,17,68.0,60.0,128.06,58.47,75.61,134.08,6650.91,366.27,144.84,6284.64,2178368.89,TIME_OUT,2181377.37,0.14
2025-08-26 12:55:00,2025-08-26 13:25:00,GREEN,17,56.7,73.4,130.17,67.27,59.52,126.79,-3733.21,354.82,141.97,-4088.03,2174280.85,TIME_OUT,2181377.37,0.33
2025-08-26 13:40:00,2025-08-26 14:10:00,GREEN,17,67.55,58.75,126.36,58.72,66.02,124.74,-1796.23,348.74,138.73,-2144.97,2172135.88,TIME_OUT,2181377.37,0.42
2025-08-26 14:25:00,2025-08-26 14:30:00,GREEN,17,71.7,58.85,130.62,76.06,76.06,152.12,23767.03,399.63,156.21,23367.4,2195503.28,TARGET,2195503.28,0.0
2025-08-26 14:35:00,2025-08-26 14:46:00,GREEN,17,75.0,53.2,128.26,74.96,73.66,148.63,22499.51,391.95,152.98,22107.56,2217610.85,TARGET,2217610.85,0.0
2025-08-29 11:20:00,2025-08-29 11:50:00,YELLOW,5,109.4,80.4,189.89,116.24,70.61,186.86,-987.47,180.17,61.22,-1167.64,2216443.2,TIME_OUT,2217610.85,0.05
2025-08-29 12:00:00,2025-08-29 12:30:00,YELLOW,6,100.35,84.5,184.94,96.7,83.81,180.51,-1728.76,201.69,71.26,-1930.45,2214512.75,TIME_OUT,2217610.85,0.14
2025-08-29 12:40:00,2025-08-29 13:10:00,YELLOW,6,96.25,83.75,180.09,112.29,70.16,182.46,923.8,201.78,70.7,722.02,2215234.77,TIME_OUT,2217610.85,0.11
2025-08-29 13:15:00,2025-08-29 13:45:00,YELLOW,6,103.6,76.85,180.54,103.4,75.76,179.16,-538.14,199.84,70.14,-737.98,2214496.79,TIME_OUT,2217610.85,0.14
2025-09-01 11:30:00,2025-09-01 12:00:00,GREEN,19,69.85,48.55,118.46,57.82,58.97,116.79,-2059.52,362.85,145.27,-2422.37,2212074.42,TIME_OUT,2217610.85,0.25
2025-09-01 13:50:00,2025-09-01 14:20:00,YELLOW,10,62.55,46.75,109.35,68.07,43.98,112.04,1748.05,204.93,71.95,1543.11,2213617.53,TIME_OUT,2217610.85,0.18
2025-09-01 14:25:00,2025-09-01 14:55:00,YELLOW,10,67.95,44.75,112.76,72.66,41.08,113.74,641.39,208.0,73.61,433.39,2214050.92,TIME_OUT,2217610.85,0.16
2025-09-01 15:00:00,2025-09-01 15:10:00,YELLOW,9,75.15,40.1,115.31,78.86,61.77,140.63,14813.38,217.81,74.86,14595.58,2228646.5,TARGET,2228646.5,0.0
2025-09-04 11:25:00,2025-09-04 11:55:00,YELLOW,5,128.0,91.9,220.01,132.48,87.01,219.49,-168.92,202.81,71.42,-371.73,2228274.78,TIME_OUT,2228646.5,0.02
2025-09-04 12:05:00,2025-09-04 12:35:00,YELLOW,5,115.1,100.1,215.31,115.64,97.7,213.34,-638.41,198.73,69.66,-837.14,2227437.64,TIME_OUT,2228646.5,0.05
2025-09-04 12:40:00,2025-09-04 13:10:00,YELLOW,5,123.9,88.2,212.21,103.3,102.8,206.1,-1985.47,194.39,67.97,-2179.86,2225257.78,TIME_OUT,2228646.5,0.15
2025-09-04 13:30:00,2025-09-04 14:00:00,YELLOW,5,127.4,82.3,209.8,108.25,98.35,206.6,-1042.66,194.19,67.67,-1236.85,2224020.92,TIME_OUT,2228646.5,0.21
2025-09-04 14:45:00,2025-09-04 15:10:00,YELLOW,5,116.3,87.0,203.4,98.25,101.55,199.8,-1170.52,189.45,65.52,-1359.97,2222660.95,EOD,2228646.5,0.27
2025-09-05 10:05:00,2025-09-05 10:11:00,YELLOW,6,104.75,63.95,168.78,111.09,89.36,200.45,12349.5,210.34,72.0,12139.16,2234800.11,TARGET,2234800.11,0.0
2025-09-05 11:10:00,2025-09-05 11:40:00,YELLOW,6,94.55,91.05,185.69,98.1,82.36,180.46,-2040.9,201.83,71.4,-2242.73,2232557.38,TIME_OUT,2234800.11,0.1
2025-09-05 11:45:00,2025-09-05 12:15:00,YELLOW,6,116.0,71.35,187.44,103.25,93.45,196.7,3610.59,212.31,74.91,3398.29,2235955.67,TIME_OUT,2235955.67,0.0
2025-09-05 13:00:00,2025-09-05 13:30:00,GREEN,12,103.85,74.25,178.19,89.95,84.41,174.36,-2984.49,345.45,137.5,-3329.94,2232625.73,TIME_OUT,2235955.67,0.15
2025-09-05 14:35:00,2025-09-05 15:05:00,YELLOW,6,90.85,77.8,168.73,85.66,83.16,168.82,31.68,190.71,65.82,-159.03,2232466.7,TIME_OUT,2235955.67,0.16
2025-09-08 10:45:00,2025-09-08 11:15:00,YELLOW,8,78.3,49.25,127.61,81.56,61.87,143.43,8223.53,204.94,70.47,8018.59,2240485.28,TARGET,2240485.28,0.0
2025-09-08 11:35:00,2025-09-08 11:46:00,YELLOW,9,86.55,39.9,126.51,85.16,60.17,145.33,11006.23,226.04,79.51,10780.19,2251265.48,TARGET,2251265.48,0.0
2025-09-08 11:55:00,2025-09-08 12:25:00,YELLOW,9,81.0,42.5,123.56,59.32,56.42,115.74,-4574.5,197.5,70.0,-4772.0,2246493.48,TIME_OUT,2251265.48,0.21
2025-09-08 12:30:00,2025-09-08 13:00:00,GREEN,19,58.55,58.1,116.71,74.96,42.88,117.84,1398.92,363.64,144.83,1035.28,2247528.75,TIME_OUT,2251265.48,0.17
2025-09-08 13:15:00,2025-09-08 13:45:00,YELLOW,9,81.8,39.5,121.36,66.47,48.13,114.59,-3959.27,195.68,69.02,-4154.94,2243373.81,TIME_OUT,2251265.48,0.35
2025-09-08 13:50:00,2025-09-08 14:20:00,YELLOW,10,60.65,51.1,111.81,67.42,42.18,109.6,-1436.95,203.34,71.96,-1640.3,2241733.51,TIME_OUT,2251265.48,0.42
2025-09-08 14:25:00,2025-09-08 14:37:00,YELLOW,10,67.0,43.3,110.36,73.06,60.22,133.28,14903.31,227.27,79.18,14676.04,2256409.56,TARGET,2256409.56,0.0
2025-09-10 10:15:00,2025-09-10 10:45:00,YELLOW,4,140.8,104.3,245.22,139.68,104.65,244.33,-232.64,185.82,63.64,-418.46,2255991.09,TIME_OUT,2256409.56,0.02
2025-09-10 11:00:00,2025-09-10 11:30:00,YELLOW,4,148.4,95.5,244.02,132.13,104.05,236.18,-2038.43,182.27,62.43,-2220.7,2253770.4,TIME_OUT,2256409.56,0.12
2025-09-10 12:05:00,2025-09-10 12:35:00,YELLOW,4,153.25,86.05,239.42,129.14,100.85,229.98,-2453.02,179.0,61.02,-2632.02,2251138.37,TIME_OUT,2256409.56,0.23
2025-09-10 12:40:00,2025-09-10 13:10:00,YELLOW,5,128.05,102.05,230.22,150.37,84.36,234.73,1468.2,212.64,75.55,1255.55,2252393.93,TIME_OUT,2256409.56,0.18
2025-09-10 13:25:00,2025-09-10 13:55:00,YELLOW,5,143.6,85.3,229.01,141.68,86.31,227.99,-334.26,208.93,74.26,-543.19,2251850.74,TIME_OUT,2256409.56,0.2
2025-09-10 14:10:00,2025-09-10 14:40:00,YELLOW,4,151.65,79.85,231.62,136.43,88.01,224.44,-1866.29,175.51,59.29,-2041.8,2249808.94,TIME_OUT,2256409.56,0.29
2025-09-10 14:50:00,2025-09-10 15:10:00,YELLOW,5,141.1,82.75,223.96,144.13,82.56,226.69,885.52,207.28,73.23,678.23,2250487.17,EOD,2256409.56,0.26
2025-09-11 10:50:00,2025-09-11 11:20:00,YELLOW,5,113.15,85.65,198.9,114.39,82.76,197.15,-568.11,187.22,64.36,-755.33,2249731.85,TIME_OUT,2256409.56,0.3
2025-09-11 11:25:00,2025-09-11 11:55:00,GREEN,11,112.2,83.7,196.0,129.34,72.46,201.8,4147.79,359.3,142.21,3788.49,2253520.34,TIME_OUT,2256409.56,0.13
2025-09-11 12:00:00,2025-09-11 12:30:00,GREEN,12,103.85,87.05,191.0,123.94,75.21,199.15,6360.84,382.08,152.16,5978.76,2259499.1,TIME_OUT,2259499.1,0.0
2025-09-11 12:45:00,2025-09-11 13:15:00,GREEN,11,119.0,77.7,196.8,119.64,75.26,194.9,-1355.53,351.79,140.03,-1707.33,2257791.77,TIME_OUT,2259499.1,0.08
2025-09-11 13:20:00,2025-09-11 13:50:00,YELLOW,6,115.05,77.35,192.5,125.64,69.72,195.35,1113.87,212.63,75.63,901.24,2258693.01,TIME_OUT,2259499.1,0.04
2025-09-11 13:55:00,2025-09-11 14:25:00,GREEN,12,121.15,71.3,192.55,123.29,68.82,192.1,-345.01,374.06,150.01,-719.07,2257973.94,TIME_OUT,2259499.1,0.07
2025-09-11 14:30:00,2025-09-11 15:00:00,GREEN,12,116.5,72.45,189.04,119.44,71.26,190.7,1294.9,370.71,148.1,924.19,2258898.13,TIME_OUT,2259499.1,0.03
2025-09-12 10:15:00,2025-09-12 10:24:00,GREEN,13,107.65,59.2,166.93,109.8,77.36,187.16,17088.39,381.88,149.6,16706.51,2275604.64,TARGET,2275604.64,0.0
2025-09-12 10:25:00,2025-09-12 10:55:00,GREEN,14,107.05,58.8,165.93,90.2,75.71,165.92,-14.49,376.35,150.99,-390.85,2275213.79,TIME_OUT,2275604.64,0.02
2025-09-12 11:00:00,2025-09-12 11:30:00,GREEN,14,85.5,72.95,158.53,82.51,80.31,162.82,3903.29,367.9,146.21,3535.39,2278749.18,TIME_OUT,2278749.18,0.0
2025-09-12 12:05:00,2025-09-12 12:35:00,GREEN,14,101.95,62.1,164.13,100.1,61.82,161.92,-2013.85,369.6,148.35,-2383.46,2276365.73,TIME_OUT,2278749.18,0.1
2025-09-12 12:50:00,2025-09-12 13:20:00,YELLOW,7,94.55,63.35,157.98,100.15,58.17,158.32,155.54,204.15,71.96,-48.6,2276317.12,TIME_OUT,2278749.18,0.11
2025-09-12 13:25:00,2025-09-12 13:55:00,YELLOW,7,98.65,59.0,157.73,96.8,58.17,154.97,-1254.14,201.66,71.14,-1455.8,2274861.32,TIME_OUT,2278749.18,0.17
2025-09-12 14:00:00,2025-09-12 14:05:00,YELLOW,7,100.25,54.85,155.18,99.55,75.21,174.76,8911.19,215.29,75.06,8695.9,2283557.22,TARGET,2283557.22,0.0
2025-09-12 14:10:00,2025-09-12 14:40:00,YELLOW,7,96.15,56.45,152.68,94.45,57.22,151.67,-455.99,197.91,69.24,-653.9,2282903.32,TIME_OUT,2283557.22,0.03
2025-09-12 14:45:00,2025-09-12 15:10:00,GREEN,15,91.9,59.25,151.23,92.45,58.07,150.52,-683.35,367.54,147.1,-1050.9,2281852.42,EOD,2283557.22,0.07
2025-09-15 11:40:00,2025-09-15 12:10:00,YELLOW,10,55.65,54.75,110.46,60.02,48.28,108.3,-1403.59,201.48,71.09,-1605.08,2280247.34,TIME_OUT,2283557.22,0.14
2025-09-15 12:20:00,2025-09-15 12:50:00,YELLOW,10,61.15,46.45,107.65,57.27,46.93,104.2,-2246.35,196.17,68.85,-2442.52,2277804.82,TIME_OUT,2283557.22,0.25
2025-09-15 13:00:00,2025-09-15 13:30:00,YELLOW,11,57.85,46.1,104.0,60.22,42.08,102.3,-1217.75,207.37,73.75,-1425.12,2276379.7,TIME_OUT,2283557.22,0.31
2025-09-15 13:35:00,2025-09-15 13:45:00,YELLOW,11,59.85,42.4,102.3,77.56,51.62,129.19,19222.24,237.22,82.76,18985.02,2295364.71,TARGET,2295364.71,0.0
2025-09-16 12:10:00,2025-09-16 12:28:00,GREEN,22,44.35,16.85,61.23,30.03,38.93,68.97,11060.91,255.67,93.09,10805.24,2306169.95,TARGET,2306169.95,0.0
2025-09-17 10:10:00,2025-09-17 10:40:00,YELLOW,5,151.55,73.45,225.11,122.39,94.85,217.24,-2558.13,202.62,71.88,-2760.76,2303409.2,TIME_OUT,2306169.95,0.12
2025-09-17 10:50:00,2025-09-17 11:20:00,YELLOW,5,144.0,75.9,220.01,123.29,86.21,209.5,-3417.29,197.64,69.79,-3614.94,2299794.26,TIME_OUT,2306169.95,0.28
2025-09-17 11:25:00,2025-09-17 11:55:00,YELLOW,5,121.35,87.65,209.1,121.24,86.46,207.7,-457.73,194.62,67.73,-652.35,2299141.91,TIME_OUT,2306169.95,0.3
2025-09-17 12:00:00,2025-09-17 12:30:00,YELLOW,5,122.1,86.15,208.35,125.89,84.26,210.14,581.99,195.74,68.01,386.25,2299528.16,TIME_OUT,2306169.95,0.29
2025-09-17 12:35:00,2025-09-17 13:05:00,YELLOW,5,130.5,80.5,211.11,124.14,81.41,205.55,-1806.46,193.9,67.71,-2000.35,2297527.8,TIME_OUT,2306169.95,0.37
2025-09-18 12:00:00,2025-09-18 12:30:00,GREEN,13,117.35,60.0,177.44,117.04,60.02,177.06,-318.78,373.55,149.78,-692.33,2296835.48,TIME_OUT,2306169.95,0.4
2025-09-18 12:35:00,2025-09-18 13:05:00,GREEN,13,111.0,64.45,175.54,119.44,68.37,187.81,10366.73,387.04,153.51,9979.69,2306815.17,TIME_OUT,2306815.17,0.0
2025-09-18 14:40:00,2025-09-18 15:10:00,GREEN,13,117.35,63.2,180.64,94.25,67.27,161.52,-16157.31,354.27,144.56,-16511.58,2290303.59,TIME_OUT,2306815.17,0.72
2025-09-19 10:20:00,2025-09-19 10:32:00,YELLOW,7,100.7,64.1,164.88,103.4,82.16,185.56,9407.02,225.7,79.73,9181.32,2299484.91,TARGET,2306815.17,0.32
2025-09-19 10:55:00,2025-09-19 11:25:00,GREEN,14,103.65,58.15,161.88,98.8,62.67,161.47,-374.62,367.74,147.12,-742.37,2298742.54,TIME_OUT,2306815.17,0.35
2025-09-19 11:35:00,2025-09-19 11:41:00,YELLOW,7,98.7,61.25,160.03,100.2,80.91,181.11,9591.14,221.18,77.61,9369.95,2308112.5,TARGET,2308112.5,0.0
2025-09-19 11:55:00,2025-09-19 12:25:00,YELLOW,7,89.5,70.6,160.18,95.8,61.62,157.42,-1255.25,204.09,72.25,-1459.34,2306653.16,TIME_OUT,2308112.5,0.06
2025-09-19 12:35:00,2025-09-19 13:05:00,YELLOW,7,90.15,66.2,156.43,78.06,73.26,151.32,-2322.26,198.67,70.01,-2520.93,2304132.23,TIME_OUT,2308112.5,0.17
2025-09-19 13:50:00,2025-09-19 14:20:00,GREEN,16,80.8,64.35,145.22,75.81,65.57,141.38,-3997.03,370.09,149.03,-4367.13,2299765.1,TIME_OUT,2308112.5,0.36
2025-09-19 14:25:00,2025-09-19 14:55:00,GREEN,16,73.9,67.0,140.97,86.71,56.52,143.23,2348.22,370.54,147.78,1977.67,2301742.78,TIME_OUT,2308112.5,0.28
2025-09-22 10:15:00,2025-09-22 10:45:00,YELLOW,9,81.0,40.5,121.56,77.76,41.68,119.44,-1240.49,200.25,70.49,-1440.75,2300302.03,TIME_OUT,2308112.5,0.34
2025-09-22 10:50:00,2025-09-22 11:20:00,YELLOW,9,75.2,44.05,119.31,63.27,49.73,112.99,-3694.95,193.48,67.95,-3888.43,2296413.6,TIME_OUT,2308112.5,0.51
2025-09-22 12:20:00,2025-09-22 12:50:00,GREEN,21,63.9,43.35,107.3,69.07,39.43,108.5,1627.22,369.09,147.28,1258.13,2297671.73,TIME_OUT,2308112.5,0.45
2025-09-22 13:05:00,2025-09-22 13:35:00,YELLOW,11,68.4,38.0,106.45,90.35,43.53,133.88,19612.32,244.31,85.92,19368.01,2317039.74,TARGET,2317039.74,0.0
2025-09-23 11:55:00,2025-09-23 12:25:00,YELLOW,11,56.85,20.2,77.09,37.43,39.68,77.11,16.37,167.38,55.13,-151.01,2316888.73,TIME_OUT,2317039.74,0.01
2025-09-24 11:45:00,2025-09-24 11:59:00,YELLOW,5,121.2,99.8,221.11,152.37,96.1,248.48,8893.69,218.0,76.31,8675.69,2325564.42,TARGET,2325564.42,0.0
2025-09-24 12:00:00,2025-09-24 12:30:00,YELLOW,5,123.35,95.45,218.91,136.98,83.06,220.04,367.42,202.88,71.33,164.54,2325728.96,TIME_OUT,2325728.96,0.0
2025-09-25 11:20:00,2025-09-25 11:44:00,GREEN,12,104.6,88.75,193.45,132.28,85.46,217.74,18949.63,406.27,160.36,18543.37,2344272.33,TARGET,2344272.33,0.0
2025-09-25 11:45:00,2025-09-25 12:15:00,YELLOW,6,114.35,83.35,197.8,107.9,90.1,198.0,78.82,215.49,77.18,-136.67,2344135.65,TIME_OUT,2344272.33,0.01
2025-09-25 12:30:00,2025-09-25 12:52:00,YELLOW,6,106.65,89.4,196.15,135.38,87.96,223.34,10604.2,230.83,81.8,10373.37,2354509.02,TARGET,2354509.02,0.0
2025-09-25 13:00:00,2025-09-25 13:30:00,GREEN,12,114.6,81.85,196.55,108.9,82.86,191.75,-3739.44,375.46,151.44,-4114.9,2350394.12,TIME_OUT,2354509.02,0.17
2025-09-25 13:35:00,2025-09-25 14:05:00,GREEN,12,112.9,78.7,191.7,108.55,81.06,189.61,-1630.71,370.57,148.71,-2001.27,2348392.85,TIME_OUT,2354509.02,0.26
2025-09-25 14:15:00,2025-09-25 14:45:00,GREEN,12,135.1,64.7,199.9,120.44,84.96,205.4,4287.93,393.93,158.07,3894.01,2352286.85,TIME_OUT,2354509.02,0.09
2025-09-26 10:30:00,2025-09-26 11:00:00,GREEN,13,111.0,68.1,179.19,131.88,56.32,188.21,7618.77,389.4,155.22,7229.37,2359516.23,TIME_OUT,2359516.23,0.0
2025-09-26 11:05:00,2025-09-26 11:35:00,GREEN,12,128.15,58.2,186.44,123.04,73.61,196.65,7962.59,376.89,149.41,7585.7,2367101.93,TIME_OUT,2367101.93,0.0
2025-09-26 11:55:00,2025-09-26 12:24:00,GREEN,14,98.45,74.3,172.84,129.04,73.56,202.6,27083.67,433.14,170.82,26650.53,2393752.46,TARGET,2393752.46,0.0
2025-09-26 12:45:00,2025-09-26 12:48:00,GREEN,14,95.3,74.4,169.78,124.34,73.56,197.9,25585.7,424.7,167.3,25161.0,2418913.46,TARGET,2418913.46,0.0
2025-09-26 12:55:00,2025-09-26 13:00:00,GREEN,14,101.75,71.85,173.69,130.28,72.16,202.45,26173.35,433.38,171.14,25739.98,2444653.44,TARGET,2444653.44,0.0
2025-09-26 14:40:00,2025-09-26 15:10:00,YELLOW,6,117.55,75.9,193.55,106.75,76.36,183.11,-4070.95,205.28,73.45,-4276.23,2440377.21,TIME_OUT,2444653.44,0.17
2025-10-01 10:45:00,2025-10-01 11:15:00,YELLOW,5,127.4,95.0,222.51,137.43,85.11,222.54,8.93,204.86,72.32,-195.93,2440181.27,TIME_OUT,2444653.44,0.18
2025-10-01 12:40:00,2025-10-01 13:10:00,YELLOW,5,123.05,98.85,222.01,128.89,89.26,218.14,-1257.77,202.49,71.52,-1460.27,2438721.0,TIME_OUT,2444653.44,0.24
2025-10-01 13:25:00,2025-10-01 13:55:00,YELLOW,5,143.0,79.6,222.71,116.29,94.4,210.69,-3905.43,198.78,70.43,-4104.21,2434616.8,TIME_OUT,2444653.44,0.41
2025-10-03 11:20:00,2025-10-03 11:34:00,YELLOW,7,81.6,78.9,160.58,107.55,78.81,186.36,11728.32,225.13,78.93,11503.19,2446119.99,TARGET,2446119.99,0.0
2025-10-03 11:40:00,2025-10-03 12:10:00,YELLOW,7,106.75,60.15,166.98,85.21,78.06,163.27,-1690.38,210.14,75.13,-1900.53,2444219.46,TIME_OUT,2446119.99,0.08
2025-10-03 12:25:00,2025-10-03 12:51:00,GREEN,15,101.4,59.1,160.58,104.3,77.56,181.86,20746.81,421.5,166.94,20325.3,2464544.77,TARGET,2464544.77,0.0
2025-10-03 12:55:00,2025-10-03 12:57:00,GREEN,16,76.3,75.75,152.13,102.75,74.81,177.56,26452.56,434.16,171.44,26018.4,2490563.16,TARGET,2490563.16,0.0
2025-10-03 13:00:00,2025-10-03 13:30:00,GREEN,16,101.5,56.75,158.33,102.7,71.91,174.61,16934.87,433.09,173.13,16501.78,2507064.94,TIME_OUT,2507064.94,0.0
2025-10-03 13:35:00,2025-10-03 13:41:00,GREEN,17,72.75,75.75,148.57,97.05,78.11,175.16,29379.88,451.81,178.86,28928.06,2535993.0,TARGET,2535993.0,0.0
2025-10-03 14:25:00,2025-10-03 14:41:00,GREEN,17,93.85,59.05,152.98,99.25,73.81,173.06,22196.11,451.0,180.14,21745.11,2557738.11,TARGET,2557738.11,0.0
2025-10-06 11:20:00,2025-10-06 11:50:00,YELLOW,12,56.7,49.55,106.3,59.37,51.72,111.09,3737.21,233.9,84.79,3503.31,2561241.43,TIME_OUT,2561241.43,0.0
2025-10-06 14:30:00,2025-10-06 15:00:00,YELLOW,11,73.4,44.4,117.86,47.08,53.37,100.45,-12447.54,211.12,78.05,-12658.66,2548582.77,TIME_OUT,2561241.43,0.49
2025-10-08 10:35:00,2025-10-08 10:40:00,YELLOW,6,107.55,101.35,209.0,136.33,99.95,236.28,10638.17,241.81,86.83,10396.36,2558979.13,TARGET,2561241.43,0.09
2025-10-08 14:00:00,2025-10-08 14:11:00,YELLOW,6,105.9,98.5,204.5,138.68,98.6,237.28,12783.85,241.39,86.15,12542.45,2571521.58,TARGET,2571521.58,0.0
2025-10-08 14:15:00,2025-10-08 14:45:00,YELLOW,6,130.05,79.95,210.1,124.69,100.2,224.89,5765.18,235.0,84.82,5530.18,2577051.76,TIME_OUT,2577051.76,0.0
2025-10-09 11:55:00,2025-10-09 12:25:00,YELLOW,6,113.1,77.7,190.9,118.94,71.26,190.2,-269.31,209.07,74.31,-478.39,2576573.37,TIME_OUT,2577051.76,0.02
2025-10-09 12:40:00,2025-10-09 13:10:00,YELLOW,6,138.4,61.15,199.65,106.95,76.61,183.56,-6275.72,206.96,74.73,-6482.69,2570090.68,TIME_OUT,2577051.76,0.27
2025-10-09 13:15:00,2025-10-09 13:45:00,YELLOW,7,106.85,78.2,185.14,113.14,72.26,185.41,120.45,231.03,84.3,-110.58,2569980.1,TIME_OUT,2577051.76,0.27
2025-10-09 13:55:00,2025-10-09 14:25:00,YELLOW,7,122.0,65.5,187.59,91.95,81.91,173.86,-6247.48,223.34,82.23,-6470.82,2563509.28,TIME_OUT,2577051.76,0.53
2025-10-09 14:50:00,2025-10-09 15:10:00,YELLOW,7,101.95,72.0,174.04,92.85,79.86,172.71,-602.14,218.87,78.89,-821.01,2562688.27,EOD,2577051.76,0.56
2025-10-10 10:30:00,2025-10-10 10:38:00,GREEN,15,104.55,68.85,173.49,133.03,69.92,202.95,28725.23,461.62,183.51,28263.61,2590951.89,TARGET,2590951.89,0.0
2025-10-10 11:55:00,2025-10-10 12:25:00,GREEN,14,114.15,63.1,177.34,115.44,59.02,174.46,-2617.07,394.84,160.07,-3011.91,2587939.97,TIME_OUT,2590951.89,0.12
2025-10-10 12:35:00,2025-10-10 13:05:00,GREEN,15,110.9,62.1,173.09,120.19,56.22,176.41,3242.12,420.25,170.38,2821.87,2590761.84,TIME_OUT,2590951.89,0.01
2025-10-10 13:25:00,2025-10-10 13:55:00,GREEN,15,113.25,59.25,172.59,123.89,48.83,172.71,124.17,414.23,168.33,-290.06,2590471.78,TIME_OUT,2590951.89,0.02
2025-10-10 14:00:00,2025-10-10 14:30:00,GREEN,15,117.35,52.75,170.19,108.05,53.77,161.82,-8156.85,395.96,161.85,-8552.81,2581918.97,TIME_OUT,2590951.89,0.35
2025-10-10 14:35:00,2025-10-10 14:49:00,GREEN,16,109.75,53.1,162.93,137.28,53.82,191.1,29299.89,463.18,184.1,28836.71,2610755.68,TARGET,2610755.68,0.0
2025-10-10 14:50:00,2025-10-10 15:10:00,GREEN,16,107.9,51.4,159.38,99.9,53.17,153.07,-6558.47,398.12,162.48,-6956.59,2603799.09,EOD,2610755.68,0.27
2025-10-15 10:10:00,2025-10-15 10:40:00,YELLOW,5,135.7,92.35,228.16,144.38,83.76,228.14,-9.15,208.84,74.15,-217.99,2603581.1,TIME_OUT,2610755.68,0.27
2025-10-15 11:10:00,2025-10-15 11:40:00,YELLOW,5,147.5,83.15,230.77,156.02,78.51,234.53,1224.39,212.64,75.61,1011.74,2604592.84,TIME_OUT,2610755.68,0.24
2025-10-15 12:00:00,2025-10-15 12:30:00,YELLOW,5,157.35,75.95,233.42,150.22,76.86,227.09,-2057.33,209.3,74.83,-2266.64,2602326.21,TIME_OUT,2610755.68,0.32
2025-10-15 12:35:00,2025-10-15 13:05:00,YELLOW,5,152.15,76.6,228.86,131.53,86.46,217.99,-3533.86,203.73,72.61,-3737.59,2598588.61,TIME_OUT,2610755.68,0.47
2025-10-15 13:40:00,2025-10-15 14:10:00,YELLOW,5,142.95,79.6,222.66,126.09,86.26,212.34,-3353.19,199.62,70.69,-3552.81,2595035.8,TIME_OUT,2610755.68,0.6
2025-10-15 14:30:00,2025-10-15 14:34:00,YELLOW,6,129.0,84.4,213.51,162.57,83.66,246.23,12760.85,249.01,89.65,12511.84,2607547.64,TARGET,2610755.68,0.12
2025-10-15 14:35:00,2025-10-15 15:05:00,YELLOW,6,127.65,84.7,212.46,143.58,72.76,216.34,1515.38,230.24,83.62,1285.14,2608832.78,TIME_OUT,2610755.68,0.07
2025-10-16 11:20:00,2025-10-16 11:50:00,YELLOW,6,122.25,70.9,193.25,112.74,72.61,185.36,-3076.83,206.61,73.83,-3283.43,2605549.35,TIME_OUT,2610755.68,0.2
2025-10-16 11:55:00,2025-10-16 12:25:00,YELLOW,7,118.2,69.35,187.64,110.94,73.76,184.71,-1335.96,231.2,84.71,-1567.16,2603982.19,TIME_OUT,2610755.68,0.26
2025-10-16 13:15:00,2025-10-16 13:42:00,GREEN,13,129.0,67.3,196.4,135.93,84.11,220.04,19977.3,440.75,175.95,19536.55,2623518.74,TARGET,2623518.74,0.0
2025-10-16 13:50:00,2025-10-16 14:20:00,YELLOW,7,108.05,80.35,188.49,126.34,71.41,197.75,4211.88,240.86,87.87,3971.01,2627489.75,TIME_OUT,2627489.75,0.0
2025-10-17 11:50:00,2025-10-17 11:53:00,YELLOW,7,100.75,85.25,186.09,126.94,84.96,211.89,11739.46,250.45,90.54,11489.0,2638978.76,TARGET,2638978.76,0.0
2025-10-17 12:25:00,2025-10-17 12:55:00,YELLOW,7,116.55,71.4,188.04,98.95,89.51,188.46,187.35,234.02,85.65,-46.67,2638932.09,TIME_OUT,2638978.76,0.0
2025-10-17 13:55:00,2025-10-17 14:25:00,GREEN,14,96.55,86.2,182.84,97.6,74.56,172.16,-9716.52,394.47,161.53,-10111.0,2628821.09,TIME_OUT,2638978.76,0.38
2025-10-21 14:30:00,2025-10-21 15:00:00,YELLOW,4,170.85,109.2,280.19,141.63,120.24,261.87,-4763.47,198.44,70.47,-4961.9,2623859.18,TIME_OUT,2638978.76,0.57
2025-10-23 11:10:00,2025-10-23 11:40:00,YELLOW,5,161.15,90.0,251.28,166.27,83.46,249.73,-503.91,224.43,81.41,-728.34,2623130.84,TIME_OUT,2638978.76,0.6
2025-10-23 11:45:00,2025-10-23 12:15:00,YELLOW,5,170.3,82.3,252.73,152.72,88.76,241.48,-3655.31,220.44,80.31,-3875.75,2619255.09,TIME_OUT,2638978.76,0.75
2025-10-24 10:10:00,2025-10-24 10:40:00,GREEN,12,134.85,82.15,217.11,134.73,83.96,218.69,1234.04,418.33,169.96,815.7,2620070.8,TIME_OUT,2638978.76,0.72
2025-10-24 11:05:00,2025-10-24 11:35:00,YELLOW,6,128.15,84.7,212.96,136.53,75.61,212.14,-316.89,227.75,82.89,-544.65,2619526.15,TIME_OUT,2638978.76,0.74
2025-10-24 11:40:00,2025-10-24 12:10:00,GREEN,12,140.55,70.15,210.81,126.59,76.86,203.45,-5738.56,396.53,161.56,-6135.09,2613391.06,TIME_OUT,2638978.76,0.97
2025-10-24 12:45:00,2025-10-24 13:15:00,GREEN,13,116.3,81.45,197.85,99.9,92.85,192.75,-4305.53,404.81,165.03,-4710.34,2608680.72,TIME_OUT,2638978.76,1.15
2025-10-24 14:15:00,2025-10-24 14:45:00,YELLOW,6,112.95,84.6,197.65,114.74,80.66,195.4,-876.14,213.85,76.64,-1089.99,2607590.73,TIME_OUT,2638978.76,1.19
2025-10-24 14:50:00,2025-10-24 15:10:00,YELLOW,6,106.75,87.95,194.8,102.55,88.06,190.6,-1635.15,210.22,75.15,-1845.37,2605745.36,EOD,2638978.76,1.26
2025-10-27 10:55:00,2025-10-27 11:25:00,GREEN,14,125.85,58.65,184.59,109.8,67.37,177.16,-6762.1,402.64,164.6,-7164.74,2598580.62,TIME_OUT,2638978.76,1.53
2025-10-27 14:10:00,2025-10-27 14:40:00,GREEN,17,95.65,54.8,150.53,112.94,42.98,155.92,5963.44,419.28,169.31,5544.15,2604124.78,TIME_OUT,2638978.76,1.32
2025-10-29 10:10:00,2025-10-29 10:40:00,YELLOW,4,187.15,118.5,305.8,191.45,118.24,309.7,1011.99,222.14,80.01,789.85,2604914.62,TIME_OUT,2638978.76,1.29
2025-10-29 11:10:00,2025-10-29 11:40:00,YELLOW,4,187.05,117.4,304.6,179.41,118.59,298.0,-1716.34,217.12,78.34,-1933.46,2602981.17,TIME_OUT,2638978.76,1.36
2025-10-29 11:45:00,2025-10-29 12:15:00,YELLOW,4,189.9,109.85,299.9,194.9,105.5,300.4,129.96,217.39,78.04,-87.43,2602893.74,TIME_OUT,2638978.76,1.37
2025-10-29 12:20:00,2025-10-29 12:50:00,YELLOW,4,196.3,103.5,299.95,176.36,112.54,288.91,-2871.55,212.65,76.55,-3084.2,2599809.54,TIME_OUT,2638978.76,1.48
2025-10-29 13:15:00,2025-10-29 13:45:00,YELLOW,4,175.65,112.5,288.29,196.25,100.55,296.8,2211.94,214.12,76.06,1997.81,2601807.36,TIME_OUT,2638978.76,1.41
2025-10-29 13:55:00,2025-10-29 14:25:00,YELLOW,4,196.0,99.9,296.05,177.16,110.54,287.71,-2168.89,211.55,75.89,-2380.44,2599426.92,TIME_OUT,2638978.76,1.5
2025-10-29 14:55:00,2025-10-29 15:10:00,YELLOW,4,179.35,111.55,291.05,181.96,110.79,292.75,444.11,212.87,75.89,231.24,2599658.15,EOD,2638978.76,1.49
2025-10-30 11:25:00,2025-10-30 11:55:00,GREEN,10,162.45,101.1,263.68,153.42,109.45,262.87,-528.63,420.0,171.13,-948.63,2598709.53,TIME_OUT,2638978.76,1.53
2025-10-30 12:20:00,2025-10-30 12:50:00,YELLOW,5,143.95,115.0,259.08,156.52,100.05,256.57,-815.04,229.46,83.79,-1044.51,2597665.02,TIME_OUT,2638978.76,1.57
2025-10-30 12:55:00,2025-10-30 13:25:00,GREEN,10,156.9,101.0,258.03,148.78,105.0,253.77,-2766.33,408.43,166.34,-3174.76,2594490.26,TIME_OUT,2638978.76,1.69
2025-10-30 13:55:00,2025-10-30 14:25:00,YELLOW,5,138.5,113.1,251.73,149.53,98.2,247.73,-1299.91,223.48,81.16,-1523.39,2592966.87,TIME_OUT,2638978.76,1.74
2025-10-30 14:30:00,2025-10-30 15:00:00,YELLOW,5,152.9,95.95,248.97,140.53,107.6,248.13,-275.78,223.16,80.78,-498.94,2592467.93,TIME_OUT,2638978.76,1.76
2025-10-31 10:00:00,2025-10-31 10:30:00,GREEN,11,150.75,77.9,228.76,122.34,95.7,218.04,-7667.23,391.58,159.73,-8058.82,2584409.11,TIME_OUT,2638978.76,2.07
2025-10-31 11:20:00,2025-10-31 11:50:00,GREEN,12,119.45,97.0,216.56,120.94,90.3,211.24,-4144.84,408.85,166.84,-4553.69,2579855.43,TIME_OUT,2638978.76,2.24
2025-10-31 12:10:00,2025-10-31 12:40:00,YELLOW,6,134.5,78.2,212.81,120.04,87.96,208.0,-1876.06,225.15,82.06,-2101.2,2577754.23,TIME_OUT,2638978.76,2.32
2025-10-31 13:00:00,2025-10-31 13:30:00,YELLOW,6,117.8,87.45,205.35,109.55,94.0,203.55,-703.74,220.67,79.74,-924.41,2576829.82,TIME_OUT,2638978.76,2.36
2025-10-31 14:00:00,2025-10-31 14:27:00,YELLOW,6,105.6,93.35,199.05,133.83,90.85,224.69,9998.87,232.33,82.63,9766.54,2586596.36,TARGET,2638978.76,1.98
2025-10-31 14:30:00,2025-10-31 14:40:00,YELLOW,6,105.7,92.2,198.0,133.78,88.96,222.74,9648.45,230.88,82.04,9417.57,2596013.93,TARGET,2638978.76,1.63
2025-11-03 10:05:00,2025-11-03 10:23:00,YELLOW,7,93.3,83.4,176.79,116.89,83.01,199.9,10515.8,239.28,85.7,10276.52,2606290.45,TARGET,2638978.76,1.24
2025-11-03 11:25:00,2025-11-03 11:55:00,YELLOW,8,98.45,67.95,166.48,81.91,79.51,161.42,-2633.25,231.74,85.25,-2864.99,2603425.46,TIME_OUT,2638978.76,1.35
2025-11-03 12:30:00,2025-11-03 13:00:00,YELLOW,8,104.5,59.45,164.03,88.36,79.11,167.47,1785.81,235.99,86.19,1549.82,2604975.29,TIME_OUT,2638978.76,1.29
2025-11-03 13:30:00,2025-11-03 14:00:00,YELLOW,8,83.75,67.0,150.83,99.0,53.62,152.62,935.1,219.66,78.9,715.44,2605690.73,TIME_OUT,2638978.76,1.26
2025-11-03 14:10:00,2025-11-03 14:34:00,YELLOW,8,90.85,58.0,148.92,92.9,75.26,168.17,10005.55,231.93,82.44,9773.62,2615464.35,TARGET,2638978.76,0.89
2025-11-03 14:45:00,2025-11-03 15:10:00,YELLOW,9,68.75,75.75,144.57,86.76,55.87,142.63,-1137.01,229.77,84.01,-1366.77,2614097.58,EOD,2638978.76,0.94
2025-11-06 10:05:00,2025-11-06 10:35:00,YELLOW,5,149.2,96.5,245.82,127.94,116.59,244.53,-420.93,220.7,79.68,-641.63,2613455.95,TIME_OUT,2638978.76,0.97
2025-11-06 10:55:00,2025-11-06 11:25:00,YELLOW,5,140.35,99.3,239.77,125.59,110.94,236.53,-1052.4,215.4,77.4,-1267.8,2612188.15,TIME_OUT,2638978.76,1.02
2025-11-06 11:30:00,2025-11-06 12:00:00,YELLOW,5,126.7,106.3,233.12,136.48,95.95,232.43,-221.9,212.01,75.65,-433.91,2611754.24,TIME_OUT,2638978.76,1.03
2025-11-06 12:05:00,2025-11-06 12:35:00,YELLOW,5,135.15,98.05,233.32,128.89,99.95,228.84,-1456.35,210.19,75.1,-1666.54,2610087.7,TIME_OUT,2638978.76,1.09
2025-11-06 13:25:00,2025-11-06 13:55:00,YELLOW,5,121.65,101.9,223.66,110.59,112.54,223.14,-170.11,205.39,72.61,-375.5,2609712.2,TIME_OUT,2638978.76,1.11
2025-11-06 14:30:00,2025-11-06 15:00:00,YELLOW,6,117.35,97.7,215.16,117.79,95.95,213.74,-551.64,229.25,83.64,-780.89,2608931.31,TIME_OUT,2638978.76,1.14
2025-11-07 12:10:00,2025-11-07 12:40:00,GREEN,14,102.4,84.5,186.99,91.1,91.3,182.41,-4172.08,411.52,168.08,-4583.6,2604347.71,TIME_OUT,2638978.76,1.31
2025-11-07 13:55:00,2025-11-07 14:25:00,YELLOW,7,107.85,75.85,183.79,107.4,72.41,179.81,-1811.72,226.62,82.72,-2038.34,2602309.37,TIME_OUT,2638978.76,1.39
2025-11-07 14:30:00,2025-11-07 14:57:00,GREEN,15,88.35,88.15,176.59,113.24,84.96,198.2,21072.29,456.04,182.71,20616.24,2622925.61,TARGET,2638978.76,0.61
2025-11-07 15:00:00,2025-11-07 15:10:00,GREEN,14,96.75,82.8,179.64,88.96,91.05,180.01,336.86,404.1,163.64,-67.25,2622858.37,EOD,2638978.76,0.61
2025-11-10 10:35:00,2025-11-10 11:05:00,YELLOW,9,84.65,57.75,142.47,64.57,69.97,134.53,-4644.02,221.51,81.02,-4865.53,2617992.84,TIME_OUT,2638978.76,0.8
2025-11-10 11:15:00,2025-11-10 11:45:00,YELLOW,10,64.05,69.75,133.87,67.27,65.87,133.13,-476.78,236.13,86.78,-712.91,2617279.93,TIME_OUT,2638978.76,0.82
2025-11-10 11:50:00,2025-11-10 12:01:00,YELLOW,10,65.1,68.15,133.32,83.86,72.81,156.67,15180.75,260.25,94.25,14920.5,2632200.43,TARGET,2638978.76,0.26
2025-11-10 12:10:00,2025-11-10 12:15:00,YELLOW,10,61.05,70.9,132.02,84.66,68.97,153.62,14044.66,256.6,92.83,13788.07,2645988.5,TARGET,2645988.5,0.0
2025-11-10 12:20:00,2025-11-10 12:50:00,YELLOW,10,62.0,69.6,131.67,67.17,61.77,128.94,-1774.69,230.95,84.7,-2005.64,2643982.86,TIME_OUT,2645988.5,0.08
2025-11-10 12:55:00,2025-11-10 13:25:00,YELLOW,10,66.2,61.95,128.21,62.87,61.97,124.84,-2194.74,225.39,82.24,-2420.13,2641562.72,TIME_OUT,2645988.5,0.17
2025-11-10 13:30:00,2025-11-10 14:00:00,YELLOW,10,64.85,60.0,124.91,70.41,54.97,125.39,308.65,224.69,81.35,83.96,2641646.69,TIME_OUT,2645988.5,0.16
2025-11-10 14:05:00,2025-11-10 14:18:00,YELLOW,10,82.9,44.55,127.51,82.36,64.17,146.53,12358.43,247.54,89.06,12110.9,2653757.58,TARGET,2653757.58,0.0
2025-11-10 14:20:00,2025-11-10 14:35:00,YELLOW,10,82.1,44.05,126.21,84.96,59.47,144.43,11839.54,244.87,87.96,11594.67,2665352.25,TARGET,2665352.25,0.0
2025-11-10 14:40:00,2025-11-10 15:10:00,GREEN,22,56.65,62.7,119.41,78.01,34.38,112.39,-10032.74,403.5,165.74,-10436.23,2654916.02,TIME_OUT,2665352.25,0.39
2025-11-13 11:40:00,2025-11-13 12:10:00,YELLOW,5,161.4,99.4,260.93,139.28,112.14,251.42,-3089.51,227.16,83.26,-3316.66,2651599.36,TIME_OUT,2665352.25,0.52
2025-11-13 12:15:00,2025-11-13 12:45:00,YELLOW,5,138.65,113.25,252.03,143.68,110.29,253.97,632.78,226.77,82.22,406.01,2652005.36,TIME_OUT,2665352.25,0.5
2025-11-13 13:00:00,2025-11-13 13:30:00,YELLOW,5,128.9,120.5,249.52,132.58,116.94,249.53,0.15,223.99,81.1,-223.83,2651781.53,TIME_OUT,2665352.25,0.51
2025-11-13 13:45:00,2025-11-13 14:15:00,YELLOW,5,146.5,107.0,253.63,142.58,117.29,259.87,2029.06,230.12,83.44,1798.94,2653580.47,TIME_OUT,2665352.25,0.44
2025-11-13 14:45:00,2025-11-13 15:10:00,YELLOW,5,151.95,113.25,265.33,159.52,116.09,275.61,3340.85,240.5,87.9,3100.35,2656680.81,EOD,2665352.25,0.33
2025-11-14 10:45:00,2025-11-14 11:15:00,YELLOW,5,138.0,118.4,256.53,153.67,86.96,240.63,-5167.04,220.73,80.79,-5387.77,2651293.04,TIME_OUT,2665352.25,0.53
2025-11-14 11:35:00,2025-11-14 12:05:00,GREEN,11,147.9,91.9,239.92,145.13,94.95,240.08,114.4,421.35,171.6,-306.95,2650986.09,TIME_OUT,2665352.25,0.54
2025-11-14 12:30:00,2025-11-14 13:00:00,YELLOW,5,129.75,97.45,227.31,135.88,95.3,231.18,1257.99,210.25,74.51,1047.74,2652033.84,TIME_OUT,2665352.25,0.5
2025-11-14 13:30:00,2025-11-14 14:00:00,GREEN,11,146.6,80.8,227.51,140.83,88.71,229.54,1445.35,404.12,163.39,1041.23,2653075.07,TIME_OUT,2665352.25,0.46
2025-11-14 14:25:00,2025-11-14 14:55:00,GREEN,12,141.2,84.45,225.76,147.18,80.16,227.34,1227.29,433.04,176.71,794.25,2653869.32,TIME_OUT,2665352.25,0.43
2025-11-17 10:55:00,2025-11-17 11:25:00,YELLOW,8,89.0,67.25,156.33,82.41,69.57,151.97,-2264.16,220.81,80.16,-2484.97,2651384.35,TIME_OUT,2665352.25,0.52
2025-11-17 11:40:00,2025-11-17 12:10:00,YELLOW,9,79.45,70.4,149.92,105.85,51.37,157.22,4268.41,245.19,89.84,4023.22,2655407.57,TIME_OUT,2665352.25,0.37
2025-11-17 13:00:00,2025-11-17 13:26:00,YELLOW,9,77.1,65.45,142.62,96.95,68.87,165.82,13569.53,250.66,90.22,13318.87,2668726.44,TARGET,2668726.44,0.0
2025-11-17 13:30:00,2025-11-17 13:33:00,GREEN,19,69.7,68.65,138.42,99.35,65.72,165.07,32910.59,472.19,187.4,32438.39,2701164.83,TARGET,2701164.83,0.0
2025-11-17 13:35:00,2025-11-17 14:05:00,YELLOW,10,76.85,61.4,138.32,79.96,57.92,137.88,-284.76,242.75,89.77,-527.51,2700637.32,TIME_OUT,2701164.83,0.02
2025-11-17 14:15:00,2025-11-17 14:45:00,YELLOW,10,77.85,59.05,136.97,63.92,70.11,134.03,-1908.07,238.25,88.08,-2146.33,2698491.0,TIME_OUT,2701164.83,0.1
2025-11-17 14:55:00,2025-11-17 15:10:00,YELLOW,10,68.9,65.2,134.17,74.71,60.02,134.73,367.61,237.9,87.39,129.71,2698620.71,EOD,2701164.83,0.09
2025-11-18 13:50:00,2025-11-18 14:03:00,GREEN,26,19.2,38.95,58.18,40.73,33.33,74.06,26843.75,304.22,111.74,26539.52,2725160.23,TARGET,2725160.23,0.0
2025-11-20 11:25:00,2025-11-20 11:55:00,GREEN,11,124.9,123.25,248.27,124.14,120.14,244.28,-2857.34,429.64,176.09,-3286.98,2721873.25,TIME_OUT,2725160.23,0.12
2025-11-20 12:10:00,2025-11-20 12:40:00,GREEN,11,127.6,115.3,243.02,140.58,103.5,244.08,755.36,427.2,174.14,328.16,2722201.41,TIME_OUT,2725160.23,0.11
2025-11-20 12:50:00,2025-11-20 13:20:00,GREEN,11,114.5,125.15,239.77,141.68,101.55,243.23,2472.83,424.86,172.67,2047.97,2724249.38,TIME_OUT,2725160.23,0.03
2025-11-20 14:30:00,2025-11-20 15:00:00,YELLOW,5,145.8,105.7,251.63,137.53,109.95,247.48,-1348.6,223.33,81.1,-1571.94,2722677.44,TIME_OUT,2725160.23,0.09
2025-11-21 10:55:00,2025-11-21 11:25:00,GREEN,12,130.15,96.1,226.36,113.24,102.55,215.79,-8245.44,419.0,172.44,-8664.44,2714013.01,TIME_OUT,2725160.23,0.41
2025-11-21 11:30:00,2025-11-21 12:00:00,GREEN,12,118.4,98.6,217.11,110.29,103.85,214.14,-2313.19,412.69,168.19,-2725.88,2711287.13,TIME_OUT,2725160.23,0.51
2025-11-21 12:05:00,2025-11-21 12:35:00,GREEN,13,122.0,91.8,213.91,109.8,98.65,208.45,-4614.69,433.9,178.44,-5048.59,2706238.53,TIME_OUT,2725160.23,0.69
2025-11-21 13:05:00,2025-11-21 13:35:00,GREEN,13,119.9,88.9,208.9,117.34,90.7,208.05,-725.41,430.87,176.16,-1156.28,2705082.25,TIME_OUT,2725160.23,0.74
2025-11-21 14:15:00,2025-11-21 14:45:00,YELLOW,6,112.9,89.55,202.55,97.8,107.35,205.15,1012.5,221.02,79.5,791.48,2705873.73,TIME_OUT,2725160.23,0.71
2025-11-24 10:50:00,2025-11-24 11:20:00,YELLOW,9,75.6,73.9,149.57,98.4,62.47,160.87,6607.44,248.46,90.8,6358.98,2712232.72,TIME_OUT,2725160.23,0.47
2025-11-24 11:25:00,2025-11-24 11:55:00,YELLOW,9,89.75,58.95,148.77,75.51,72.41,147.93,-496.28,236.14,86.78,-732.43,2711500.29,TIME_OUT,2725160.23,0.5
2025-11-24 12:00:00,2025-11-24 12:18:00,YELLOW,9,78.0,70.25,148.32,98.75,73.61,172.36,14063.2,258.72,93.8,13804.48,2725304.77,TARGET,2725304.77,0.0
2025-11-24 13:15:00,2025-11-24 13:42:00,YELLOW,9,69.65,72.9,142.62,93.15,71.31,164.47,12780.17,249.41,89.82,12530.77,2737835.54,TARGET,2737835.54,0.0
2025-11-25 13:00:00,2025-11-25 13:02:00,YELLOW,13,46.05,21.35,67.43,45.28,45.98,91.25,20128.45,203.42,67.05,19925.03,2757760.56,TARGET,2757760.56,0.0
2025-11-27 11:15:00,2025-11-27 11:45:00,YELLOW,6,126.95,104.4,231.47,138.68,96.95,235.63,1624.92,246.58,91.08,1378.34,2759138.9,TIME_OUT,2759138.9,0.0
2025-11-27 12:35:00,2025-11-27 13:05:00,GREEN,12,138.8,95.6,234.52,113.99,112.19,226.19,-6497.67,435.64,179.67,-6933.31,2752205.59,TIME_OUT,2759138.9,0.25
2025-11-27 14:00:00,2025-11-27 14:30:00,GREEN,12,118.8,106.1,225.01,123.24,98.4,221.64,-2631.19,425.63,174.19,-3056.82,2749148.76,TIME_OUT,2759138.9,0.36
2025-11-27 14:45:00,2025-11-27 15:10:00,YELLOW,6,126.6,97.55,224.26,128.39,93.3,221.69,-1003.46,236.27,86.96,-1239.73,2747909.03,EOD,2759138.9,0.41
2025-11-28 10:10:00,2025-11-28 10:40:00,GREEN,13,121.45,80.1,201.65,120.09,78.61,198.7,-2492.9,414.7,169.15,-2907.6,2745001.44,TIME_OUT,2759138.9,0.51
2025-11-28 10:45:00,2025-11-28 11:15:00,GREEN,14,93.25,98.7,192.05,120.34,76.16,196.5,4054.71,434.63,176.79,3620.08,2748621.52,TIME_OUT,2759138.9,0.38
2025-11-28 11:20:00,2025-11-28 11:50:00,GREEN,14,112.5,80.4,193.0,102.8,85.31,188.11,-4450.4,422.99,173.4,-4873.39,2743748.13,TIME_OUT,2759138.9,0.56
2025-11-28 11:55:00,2025-11-28 12:25:00,YELLOW,7,98.55,88.45,187.09,118.09,73.96,192.05,2256.99,236.37,86.26,2020.63,2745768.76,TIME_OUT,2759138.9,0.48
2025-11-28 12:30:00,2025-11-28 13:00:00,GREEN,14,118.9,73.5,192.5,88.51,91.45,179.96,-11407.96,410.94,169.47,-11818.9,2733949.86,TIME_OUT,2759138.9,0.91
2025-11-28 13:05:00,2025-11-28 13:35:00,GREEN,14,115.7,73.2,188.99,91.95,91.45,183.41,-5083.44,414.04,169.44,-5497.49,2728452.37,TIME_OUT,2759138.9,1.11
2025-11-28 13:40:00,2025-11-28 14:10:00,GREEN,15,88.2,89.65,177.94,112.99,77.91,190.9,12641.44,445.51,179.81,12195.93,2740648.3,TIME_OUT,2759138.9,0.67
2025-11-28 14:15:00,2025-11-28 14:45:00,YELLOW,7,101.4,81.0,182.49,106.45,75.06,181.51,-446.81,227.5,82.81,-674.31,2739973.98,TIME_OUT,2759138.9,0.69
2025-11-28 14:50:00,2025-11-28 15:10:00,YELLOW,7,104.55,77.3,181.94,108.55,72.86,181.41,-241.91,227.28,82.66,-469.19,2739504.79,EOD,2759138.9,0.71
2025-12-01 14:05:00,2025-12-01 14:35:00,YELLOW,10,55.65,78.1,133.82,75.41,64.32,139.73,3843.6,242.93,88.9,3600.67,2743105.45,TIME_OUT,2759138.9,0.58
2025-12-02 11:35:00,2025-12-02 12:05:00,YELLOW,13,50.2,28.9,79.14,39.73,34.38,74.11,-4247.5,186.23,64.75,-4433.73,2738671.73,TIME_OUT,2759138.9,0.74
2025-12-02 12:15:00,2025-12-02 12:38:00,GREEN,27,45.6,28.9,74.54,53.47,36.18,89.66,26531.91,374.56,144.08,26157.36,2764829.08,TARGET,2764829.08,0.0
2025-12-02 12:40:00,2025-12-02 12:54:00,YELLOW,13,54.4,20.25,74.69,33.63,26.14,59.77,-12605.06,164.74,56.81,-12769.79,2752059.29,STOP_LOSS,2764829.08,0.46
2025-12-03 10:50:00,2025-12-03 11:20:00,YELLOW,5,160.7,109.15,269.98,162.27,106.7,268.97,-331.33,237.96,87.58,-569.29,2751490.0,TIME_OUT,2764829.08,0.48
2025-12-03 12:45:00,2025-12-03 13:15:00,YELLOW,5,162.2,97.95,260.28,137.93,115.39,253.32,-2260.96,228.01,83.46,-2488.97,2749001.03,TIME_OUT,2764829.08,0.57
2025-12-04 12:25:00,2025-12-04 12:55:00,GREEN,12,135.65,83.2,218.96,120.74,106.75,227.49,6650.88,430.09,174.11,6220.79,2755221.82,TIME_OUT,2764829.08,0.35
2025-12-04 13:00:00,2025-12-04 13:30:00,GREEN,13,120.5,94.85,215.46,127.64,86.71,214.34,-942.09,442.6,181.59,-1384.69,2753837.13,TIME_OUT,2764829.08,0.4
2025-12-04 13:35:00,2025-12-04 14:05:00,GREEN,13,113.9,98.0,212.01,108.85,101.65,210.49,-1277.01,435.71,178.51,-1712.71,2752124.42,TIME_OUT,2764829.08,0.46
2025-12-04 14:10:00,2025-12-04 14:40:00,GREEN,13,124.6,89.45,214.16,128.44,84.01,212.44,-1447.74,439.4,180.24,-1887.14,2750237.29,TIME_OUT,2764829.08,0.53
2025-12-05 09:45:00,2025-12-05 10:15:00,YELLOW,7,112.0,88.7,200.8,113.44,71.71,185.16,-7117.55,235.06,87.81,-7352.61,2742884.67,TIME_OUT,2764829.08,0.79
2025-12-05 11:35:00,2025-12-05 12:05:00,GREEN,16,94.75,79.9,174.74,94.9,76.91,171.81,-3040.21,438.53,180.21,-3478.74,2739405.94,TIME_OUT,2764829.08,0.92
2025-12-05 12:10:00,2025-12-05 12:40:00,GREEN,16,96.4,76.5,172.99,95.3,80.51,175.81,2938.62,444.07,181.38,2494.56,2741900.49,TIME_OUT,2764829.08,0.83
2025-12-05 13:10:00,2025-12-05 13:40:00,GREEN,16,93.3,78.4,171.79,99.3,72.81,172.11,341.17,437.22,178.83,-96.04,2741804.45,TIME_OUT,2764829.08,0.83
2025-12-05 13:45:00,2025-12-05 14:15:00,GREEN,16,101.7,70.45,172.24,108.65,61.82,170.46,-1842.2,434.76,178.2,-2276.97,2739527.48,TIME_OUT,2764829.08,0.92
2025-12-05 14:20:00,2025-12-05 14:50:00,GREEN,16,110.2,60.85,171.14,90.85,79.21,170.06,-1113.42,433.43,177.42,-1546.85,2737980.63,TIME_OUT,2764829.08,0.97
2025-12-05 14:55:00,2025-12-05 15:10:00,GREEN,16,95.4,70.25,165.73,83.51,75.61,159.12,-6876.92,412.02,168.92,-7288.94,2730691.69,EOD,2764829.08,1.23
2025-12-08 11:25:00,2025-12-08 11:31:00,YELLOW,9,100.0,44.0,144.07,97.3,64.02,161.32,10089.67,246.98,89.33,9842.69,2740534.39,TARGET,2764829.08,0.88
2025-12-08 11:50:00,2025-12-08 12:20:00,YELLOW,9,99.1,43.05,142.22,81.36,54.92,136.28,-3474.46,223.05,81.46,-3697.51,2736836.88,TIME_OUT,2764829.08,1.01
2025-12-08 14:25:00,2025-12-08 14:29:00,YELLOW,9,95.2,50.2,145.47,98.45,68.82,167.27,12749.27,252.99,91.48,12496.28,2749333.15,TARGET,2764829.08,0.56
2025-12-08 14:30:00,2025-12-08 15:00:00,YELLOW,9,96.4,50.5,146.97,77.81,66.62,144.43,-1489.23,232.27,85.23,-1721.5,2747611.65,TIME_OUT,2764829.08,0.62
2025-12-10 10:25:00,2025-12-10 10:55:00,YELLOW,5,138.95,110.6,249.67,145.13,113.59,258.72,2939.89,228.77,82.61,2711.12,2750322.77,TIME_OUT,2764829.08,0.52
2025-12-10 11:40:00,2025-12-10 12:10:00,YELLOW,5,142.0,113.55,255.68,132.33,121.24,253.57,-684.0,227.26,82.75,-911.26,2749411.5,TIME_OUT,2764829.08,0.56
2025-12-10 12:20:00,2025-12-10 12:50:00,YELLOW,5,134.55,118.4,253.08,135.68,123.79,259.47,2077.96,229.81,83.29,1848.15,2751259.66,TIME_OUT,2764829.08,0.49
2025-12-10 13:45:00,2025-12-10 14:15:00,YELLOW,5,155.95,102.65,258.73,150.72,109.8,260.52,581.87,231.43,84.38,350.44,2751610.09,TIME_OUT,2764829.08,0.48
2025-12-11 11:25:00,2025-12-11 11:55:00,YELLOW,6,148.95,81.0,230.06,123.79,102.0,225.79,-1668.39,240.15,88.89,-1908.54,2749701.55,TIME_OUT,2764829.08,0.55
2025-12-11 12:50:00,2025-12-11 13:20:00,GREEN,12,126.2,97.25,223.56,135.43,83.61,219.04,-3526.61,421.74,172.61,-3948.35,2745753.2,TIME_OUT,2764829.08,0.69
2025-12-11 13:25:00,2025-12-11 13:55:00,GREEN,12,129.05,87.9,217.06,119.79,92.35,212.14,-3833.39,410.19,167.39,-4243.58,2741509.62,TIME_OUT,2764829.08,0.84
2025-12-11 14:00:00,2025-12-11 14:30:00,GREEN,13,116.45,95.35,211.91,126.54,84.61,211.14,-643.49,436.53,178.74,-1080.02,2740429.61,TIME_OUT,2764829.08,0.88
2025-12-11 14:35:00,2025-12-11 15:05:00,GREEN,13,130.05,81.95,212.11,120.19,85.96,206.15,-5035.46,429.91,176.71,-5465.37,2734964.23,TIME_OUT,2764829.08,1.08
2025-12-12 10:10:00,2025-12-12 10:40:00,GREEN,14,120.75,70.8,191.65,108.35,90.35,198.7,6419.89,437.59,177.61,5982.3,2740946.53,TIME_OUT,2764829.08,0.86
2025-12-12 10:55:00,2025-12-12 11:25:00,GREEN,14,113.2,74.8,188.09,112.74,94.2,206.95,17155.75,447.62,179.74,16708.13,2757654.66,TIME_OUT,2764829.08,0.26
2025-12-12 12:05:00,2025-12-12 12:35:00,YELLOW,7,104.7,72.25,177.04,88.61,83.21,171.81,-2377.11,219.02,79.36,-2596.14,2755058.52,TIME_OUT,2764829.08,0.35
2025-12-12 12:40:00,2025-12-12 12:54:00,YELLOW,8,106.15,68.3,174.54,106.9,88.71,195.6,10953.76,262.47,96.24,10691.29,2765749.81,TARGET,2765749.81,0.0
2025-12-12 12:55:00,2025-12-12 13:25:00,GREEN,16,105.3,67.3,172.69,106.0,84.31,190.3,18323.24,467.85,188.76,17855.39,2783605.2,TIME_OUT,2783605.2,0.0
2025-12-12 13:30:00,2025-12-12 14:00:00,YELLOW,8,98.35,69.95,168.38,81.61,82.41,164.02,-2270.42,234.47,86.42,-2504.89,2781100.31,TIME_OUT,2783605.2,0.09
2025-12-12 14:05:00,2025-12-12 14:35:00,GREEN,17,87.05,77.75,164.88,84.86,75.86,160.72,-4599.89,437.07,179.9,-5036.97,2776063.34,TIME_OUT,2783605.2,0.27
2025-12-12 14:40:00,2025-12-12 14:51:00,GREEN,17,104.2,61.8,166.08,104.95,81.21,186.16,22181.63,482.55,194.61,21699.09,2797762.43,TARGET,2797762.43,0.0
2025-12-12 15:00:00,2025-12-12 15:10:00,YELLOW,9,84.95,73.2,158.23,85.76,70.61,156.37,-1086.52,247.26,92.02,-1333.78,2796428.65,EOD,2797762.43,0.05
2025-12-15 11:35:00,2025-12-15 12:05:00,YELLOW,10,70.8,63.8,134.67,76.66,58.67,135.33,432.25,238.71,87.75,193.54,2796622.19,TIME_OUT,2797762.43,0.04
2025-12-15 13:25:00,2025-12-15 13:52:00,YELLOW,11,54.6,73.4,128.06,71.96,75.91,147.88,14165.6,269.34,98.65,13896.26,2810518.45,TARGET,2810518.45,0.0
2025-12-15 14:25:00,2025-12-15 14:55:00,YELLOW,11,69.35,52.9,122.31,49.53,67.82,117.34,-3553.42,232.2,85.68,-3785.62,2806732.83,TIME_OUT,2810518.45,0.13
2025-12-15 15:00:00,2025-12-15 15:09:00,YELLOW,12,49.85,67.7,117.61,70.76,67.27,138.03,15929.3,272.51,99.7,15656.79,2822389.61,TARGET,2822389.61,0.0
2025-12-16 11:45:00,2025-12-16 12:04:00,YELLOW,14,26.25,44.7,70.99,49.78,42.78,92.55,19627.08,219.23,74.41,19407.86,2841797.47,TARGET,2841797.47,0.0
2025-12-17 10:05:00,2025-12-17 10:35:00,YELLOW,5,137.6,111.0,248.72,150.92,101.35,252.27,1153.59,225.26,81.41,928.33,2842725.8,TIME_OUT,2842725.8,0.0
2025-12-17 11:00:00,2025-12-17 11:30:00,YELLOW,5,152.8,96.85,249.77,148.33,97.55,245.88,-1266.79,222.15,80.54,-1488.94,2841236.86,TIME_OUT,2842725.8,0.05
2025-12-17 11:35:00,2025-12-17 12:05:00,YELLOW,5,149.85,96.65,246.62,141.03,99.5,240.53,-1980.41,218.78,79.16,-2199.2,2839037.66,TIME_OUT,2842725.8,0.13
2025-12-18 11:25:00,2025-12-18 11:55:00,YELLOW,6,132.1,83.55,215.76,136.88,77.51,214.39,-532.38,229.79,83.88,-762.17,2838275.49,TIME_OUT,2842725.8,0.16
2025-12-18 12:15:00,2025-12-18 12:26:00,GREEN,14,110.5,95.35,205.95,138.13,96.45,234.58,26053.05,497.19,200.44,25555.86,2863831.35,TARGET,2863831.35,0.0
2025-12-18 12:40:00,2025-12-18 13:10:00,YELLOW,7,113.6,91.3,205.0,107.5,94.35,201.85,-1434.81,248.26,92.56,-1683.07,2862148.28,TIME_OUT,2863831.35,0.06
2025-12-18 13:15:00,2025-12-18 13:45:00,YELLOW,7,132.2,74.65,206.95,116.89,94.5,211.39,2020.58,255.69,95.17,1764.89,2863913.17,TIME_OUT,2863913.17,0.0
2025-12-18 15:00:00,2025-12-18 15:10:00,YELLOW,7,114.95,81.85,196.9,123.59,74.91,198.5,729.05,243.66,89.95,485.38,2864398.55,EOD,2864398.55,0.0
2025-12-19 10:10:00,2025-12-19 10:40:00,GREEN,16,97.8,82.3,180.19,104.9,74.26,179.16,-1070.86,454.02,186.86,-1524.89,2862873.66,TIME_OUT,2864398.55,0.05
2025-12-19 10:45:00,2025-12-19 10:52:00,GREEN,16,80.05,95.7,175.84,105.6,95.55,201.15,26323.96,487.71,196.03,25836.25,2888709.91,TARGET,2888709.91,0.0
2025-12-19 11:20:00,2025-12-19 11:50:00,GREEN,17,91.2,80.5,171.79,102.4,67.62,170.01,-1956.84,457.9,188.84,-2414.75,2886295.16,TIME_OUT,2888709.91,0.08
2025-12-19 12:05:00,2025-12-19 12:35:00,GREEN,17,79.4,86.45,165.93,86.11,75.76,161.87,-4490.61,439.78,181.11,-4930.39,2881364.77,TIME_OUT,2888709.91,0.25
2025-12-19 13:00:00,2025-12-19 13:30:00,GREEN,18,81.65,78.8,160.53,85.61,74.31,159.92,-713.96,455.51,187.46,-1169.48,2880195.3,TIME_OUT,2888709.91,0.29
2025-12-19 13:35:00,2025-12-19 13:37:00,GREEN,18,90.5,68.6,159.18,90.2,91.15,181.36,25950.28,494.46,199.22,25455.81,2905651.11,TARGET,2905651.11,0.0
2025-12-19 13:45:00,2025-12-19 13:57:00,GREEN,18,66.65,92.65,159.38,89.71,92.75,182.46,27002.52,496.65,199.98,26505.87,2932156.98,TARGET,2932156.98,0.0
2025-12-19 14:05:00,2025-12-19 14:27:00,GREEN,18,88.35,69.95,158.38,90.4,90.15,180.56,25951.21,492.42,198.28,25458.79,2957615.77,TARGET,2957615.77,0.0
2025-12-19 14:50:00,2025-12-19 15:10:00,GREEN,19,91.45,65.8,157.33,93.4,61.82,155.22,-2601.25,466.64,193.0,-3067.89,2954547.88,EOD,2957615.77,0.1
2025-12-22 11:25:00,2025-12-22 11:55:00,YELLOW,12,50.2,70.2,120.46,53.12,63.17,116.29,-3251.33,246.86,92.33,-3498.19,2951049.69,TIME_OUT,2957615.77,0.22
2025-12-22 12:10:00,2025-12-22 12:40:00,YELLOW,13,53.15,63.0,116.21,51.87,62.12,113.99,-1871.76,258.29,97.26,-2130.05,2948919.64,TIME_OUT,2957615.77,0.29
2025-12-22 12:55:00,2025-12-22 13:25:00,YELLOW,13,49.85,63.05,112.96,51.12,58.97,110.09,-2417.99,251.43,94.24,-2669.42,2946250.22,TIME_OUT,2957615.77,0.38
2025-12-22 13:45:00,2025-12-22 14:15:00,YELLOW,13,50.05,58.75,108.85,50.42,57.02,107.45,-1189.89,245.83,91.39,-1435.72,2944814.5,TIME_OUT,2957615.77,0.43
2025-12-22 14:30:00,2025-12-22 15:00:00,YELLOW,14,50.1,55.85,106.0,55.32,49.93,105.25,-687.62,256.4,96.12,-944.01,2943870.49,TIME_OUT,2957615.77,0.46
2025-12-24 10:10:00,2025-12-24 10:40:00,YELLOW,7,125.2,74.35,199.65,93.25,93.3,186.56,-5957.36,235.76,87.86,-6193.12,2937677.37,TIME_OUT,2957615.77,0.67
2025-12-24 10:45:00,2025-12-24 11:15:00,YELLOW,7,119.6,74.5,194.2,114.39,75.81,190.2,-1816.45,236.94,87.45,-2053.39,2935623.98,TIME_OUT,2957615.77,0.74
2025-12-24 11:20:00,2025-12-24 11:50:00,YELLOW,7,116.9,73.55,190.55,98.25,83.86,182.11,-3838.53,230.1,84.78,-4068.63,2931555.35,TIME_OUT,2957615.77,0.88
2025-12-24 11:55:00,2025-12-24 12:25:00,YELLOW,8,101.0,81.8,182.89,103.6,76.31,179.91,-1550.33,252.06,94.33,-1802.39,2929752.97,TIME_OUT,2957615.77,0.94
2025-12-24 12:40:00,2025-12-24 13:10:00,YELLOW,8,102.95,76.5,179.54,91.7,84.46,176.16,-1756.48,247.93,92.48,-2004.42,2927748.55,TIME_OUT,2957615.77,1.01
2025-12-24 13:15:00,2025-12-24 13:45:00,YELLOW,8,91.4,84.7,176.19,118.99,71.46,190.45,7418.67,258.72,95.33,7159.95,2934908.5,TIME_OUT,2957615.77,0.77
2025-12-24 13:50:00,2025-12-24 14:20:00,YELLOW,8,109.45,69.55,179.09,101.55,74.86,176.41,-1392.43,248.0,92.43,-1640.43,2933268.07,TIME_OUT,2957615.77,0.82
2025-12-24 14:35:00,2025-12-24 15:05:00,YELLOW,8,98.0,78.0,176.09,101.05,71.81,172.86,-1676.73,244.15,90.73,-1920.87,2931347.19,TIME_OUT,2957615.77,0.89
2025-12-26 10:30:00,2025-12-26 11:00:00,YELLOW,10,71.85,70.25,142.17,70.81,68.62,139.43,-1781.52,245.82,91.52,-2027.34,2929319.85,TIME_OUT,2957615.77,0.96
2025-12-26 11:55:00,2025-12-26 12:25:00,GREEN,21,85.7,52.85,138.62,81.46,55.32,136.78,-2508.46,455.7,187.96,-2964.16,2926355.69,TIME_OUT,2957615.77,1.06
2025-12-26 12:45:00,2025-12-26 13:15:00,YELLOW,10,71.35,65.1,136.52,72.81,59.02,131.83,-3044.71,235.81,87.21,-3280.52,2923075.17,TIME_OUT,2957615.77,1.17
2025-12-26 13:20:00,2025-12-26 13:50:00,GREEN,22,72.4,60.35,132.82,73.46,59.72,133.18,524.81,462.08,190.19,62.73,2923137.9,TIME_OUT,2957615.77,1.17
2025-12-26 13:55:00,2025-12-26 14:25:00,GREEN,22,69.3,63.6,132.97,93.25,46.48,139.73,9672.02,477.09,194.98,9194.93,2932332.83,TIME_OUT,2957615.77,0.85
2025-12-26 14:40:00,2025-12-26 15:10:00,YELLOW,10,94.0,44.45,138.52,72.11,63.87,135.98,-1649.21,240.86,89.21,-1890.07,2930442.76,TIME_OUT,2957615.77,0.92
2025-12-31 10:15:00,2025-12-31 10:45:00,YELLOW,7,131.05,78.2,209.35,126.94,79.41,206.35,-1368.57,252.68,94.57,-1621.25,2928821.51,TIME_OUT,2957615.77,0.97
2025-12-31 11:20:00,2025-12-31 11:50:00,YELLOW,7,122.05,79.0,201.15,131.98,70.16,202.15,454.25,247.44,91.75,206.81,2929028.31,TIME_OUT,2957615.77,0.97
2025-12-31 11:55:00,2025-12-31 12:25:00,YELLOW,7,129.2,71.7,201.0,115.64,84.11,199.75,-568.92,245.67,91.17,-814.59,2928213.72,TIME_OUT,2957615.77,0.99
2026-01-01 10:30:00,2026-01-01 11:00:00,YELLOW,8,97.25,76.2,173.54,108.45,64.42,172.86,-350.06,243.36,90.06,-593.43,2927620.3,TIME_OUT,2957615.77,1.01
2026-01-01 11:20:00,2026-01-01 11:50:00,YELLOW,8,107.05,63.9,171.04,90.8,75.96,166.77,-2219.83,237.56,87.83,-2457.38,2925162.91,TIME_OUT,2957615.77,1.1
2026-01-01 11:55:00,2026-01-01 12:25:00,YELLOW,8,93.95,73.15,167.18,90.2,76.36,166.57,-320.77,236.21,86.78,-556.98,2924605.93,TIME_OUT,2957615.77,1.12
2026-01-01 12:30:00,2026-01-01 13:00:00,GREEN,18,90.9,75.05,166.03,92.6,70.46,163.07,-3468.52,465.17,192.52,-3933.69,2920672.23,TIME_OUT,2957615.77,1.25
2026-01-01 13:05:00,2026-01-01 13:35:00,YELLOW,9,92.4,70.7,163.18,88.66,71.11,159.77,-1995.71,252.13,94.46,-2247.85,2918424.39,TIME_OUT,2957615.77,1.33
2026-01-01 13:40:00,2026-01-01 14:10:00,GREEN,18,86.2,73.65,159.93,94.1,66.02,160.12,222.27,455.47,187.23,-233.2,2918191.19,TIME_OUT,2957615.77,1.33
2026-01-01 14:15:00,2026-01-01 14:45:00,GREEN,18,97.1,63.7,160.88,92.0,65.97,157.97,-3404.03,452.13,186.53,-3856.16,2914335.03,TIME_OUT,2957615.77,1.46
2026-01-01 14:50:00,2026-01-01 15:10:00,GREEN,18,89.25,68.15,157.48,88.26,72.26,160.52,3557.97,454.52,186.03,3103.45,2917438.48,EOD,2957615.77,1.36
2026-01-02 10:30:00,2026-01-02 11:00:00,YELLOW,10,85.9,63.15,149.12,91.15,58.67,149.83,455.34,259.23,97.16,196.11,2917634.59,TIME_OUT,2957615.77,1.35
2026-01-02 11:05:00,2026-01-02 11:35:00,YELLOW,10,89.95,58.85,148.87,72.71,71.11,143.83,-3280.13,252.94,95.13,-3533.07,2914101.52,TIME_OUT,2957615.77,1.47
2026-01-02 12:05:00,2026-01-02 12:35:00,GREEN,21,73.4,68.6,142.07,82.41,61.92,144.33,3080.53,474.86,195.47,2605.67,2916707.19,TIME_OUT,2957615.77,1.38
2026-01-02 13:15:00,2026-01-02 13:45:00,GREEN,21,76.85,63.6,140.52,76.06,63.67,139.73,-1078.52,463.63,191.27,-1542.15,2915165.04,TIME_OUT,2957615.77,1.44
2026-01-02 13:50:00,2026-01-02 14:20:00,GREEN,21,75.95,63.6,139.62,75.31,62.02,137.33,-3123.77,457.7,189.02,-3581.47,2911583.57,TIME_OUT,2957615.77,1.56
2026-01-02 14:30:00,2026-01-02 14:50:00,GREEN,22,70.95,63.55,134.57,93.65,65.72,159.37,35468.33,523.09,210.17,34945.23,2946528.81,TARGET,2957615.77,0.37
2026-01-02 14:55:00,2026-01-02 15:10:00,GREEN,22,69.7,62.8,132.57,57.72,76.91,134.63,2954.95,465.16,191.05,2489.79,2949018.6,EOD,2957615.77,0.29
2026-01-05 12:55:00,2026-01-05 13:16:00,YELLOW,14,47.2,56.15,103.4,62.67,55.82,118.49,13731.04,274.16,100.96,13456.87,2962475.47,TARGET,2962475.47,0.0
2026-01-06 11:40:00,2026-01-06 11:58:00,YELLOW,14,18.05,42.7,60.78,23.44,15.49,38.93,-19883.36,136.16,45.37,-20019.53,2942455.95,STOP_LOSS,2962475.47,0.68
2026-01-06 12:50:00,2026-01-06 12:57:00,YELLOW,14,33.0,17.25,50.28,41.33,30.18,71.51,19327.58,177.67,55.41,19149.91,2961605.86,TARGET,2962475.47,0.03
2026-01-07 10:05:00,2026-01-07 10:35:00,YELLOW,7,115.35,95.3,210.76,110.34,94.5,204.85,-2688.05,251.97,94.55,-2940.02,2958665.84,TIME_OUT,2962475.47,0.13
2026-01-07 10:45:00,2026-01-07 11:15:00,YELLOW,7,111.45,91.45,203.0,117.39,86.71,204.1,498.88,249.35,92.62,249.53,2958915.37,TIME_OUT,2962475.47,0.12
2026-01-07 11:20:00,2026-01-07 11:50:00,YELLOW,7,117.55,84.7,202.35,111.74,88.66,200.4,-887.88,246.5,91.63,-1134.38,2957781.0,TIME_OUT,2962475.47,0.16
2026-01-08 14:40:00,2026-01-08 14:42:00,YELLOW,7,107.05,86.65,193.8,134.98,86.01,220.99,12372.63,259.1,94.36,12113.53,2969894.53,TARGET,2969894.53,0.0
2026-01-09 09:50:00,2026-01-09 10:20:00,YELLOW,7,117.75,73.55,191.4,114.74,71.61,186.36,-2292.69,233.4,85.94,-2526.09,2967368.44,TIME_OUT,2969894.53,0.09
2026-01-09 13:15:00,2026-01-09 13:45:00,YELLOW,8,107.2,78.35,185.64,100.05,84.16,184.21,-746.16,256.46,96.16,-1002.62,2966365.82,TIME_OUT,2969894.53,0.12
2026-01-09 13:50:00,2026-01-09 13:57:00,YELLOW,8,97.9,83.6,181.59,124.94,85.06,209.99,14770.18,276.54,101.81,14493.65,2980859.47,TARGET,2980859.47,0.0
2026-01-09 14:00:00,2026-01-09 14:04:00,YELLOW,8,98.75,81.95,180.79,123.74,84.81,208.55,14432.77,275.09,101.23,14157.68,2995017.15,TARGET,2995017.15,0.0
2026-01-09 14:05:00,2026-01-09 14:35:00,YELLOW,8,97.85,84.1,182.04,124.04,69.07,193.1,5752.46,262.71,97.54,5489.75,3000506.9,TIME_OUT,3000506.9,0.0
2026-01-09 14:40:00,2026-01-09 15:10:00,YELLOW,8,112.4,72.35,184.84,98.05,84.56,182.61,-1161.54,254.89,95.54,-1416.43,2999090.47,TIME_OUT,3000506.9,0.05
2026-01-12 14:10:00,2026-01-12 14:40:00,YELLOW,10,78.35,69.85,148.27,74.96,66.67,141.63,-4319.22,250.44,94.22,-4569.65,2994520.82,TIME_OUT,3000506.9,0.2
2026-01-12 14:45:00,2026-01-12 15:10:00,YELLOW,10,84.25,60.1,144.42,72.86,67.22,140.08,-2822.46,247.36,92.46,-3069.82,2991451.0,EOD,3000506.9,0.3
2026-01-14 10:05:00,2026-01-14 10:35:00,YELLOW,5,153.7,112.2,266.03,134.13,125.24,259.37,-2165.38,232.24,85.38,-2397.62,2989053.38,TIME_OUT,3000506.9,0.38
2026-01-14 10:50:00,2026-01-14 11:20:00,YELLOW,5,136.4,120.15,256.68,134.88,123.14,258.02,436.36,229.75,83.64,206.61,2989259.99,TIME_OUT,3000506.9,0.37
2026-01-14 12:05:00,2026-01-14 12:35:00,YELLOW,6,125.55,124.35,250.02,143.98,103.6,247.58,-955.03,258.25,97.03,-1213.28,2988046.71,TIME_OUT,3000506.9,0.42
2026-01-14 12:40:00,2026-01-14 13:10:00,YELLOW,6,144.8,103.25,248.17,134.13,107.2,241.33,-2669.45,253.95,95.45,-2923.41,2985123.3,TIME_OUT,3000506.9,0.51
2026-01-14 13:15:00,2026-01-14 13:45:00,YELLOW,6,130.0,110.0,240.12,133.03,111.94,244.98,1894.41,254.36,94.59,1640.04,2986763.34,TIME_OUT,3000506.9,0.46
2026-01-14 14:30:00,2026-01-14 15:00:00,YELLOW,6,124.9,125.3,250.33,141.28,103.4,244.68,-2202.52,256.52,96.53,-2459.05,2984304.29,TIME_OUT,3000506.9,0.54
2026-01-16 12:05:00,2026-01-16 12:35:00,YELLOW,7,120.1,92.25,212.46,129.39,84.01,213.39,426.37,258.61,96.88,167.76,2984472.05,TIME_OUT,3000506.9,0.53
2026-01-16 12:45:00,2026-01-16 13:15:00,YELLOW,7,125.15,88.55,213.81,129.19,80.96,210.14,-1666.2,256.63,96.45,-1922.82,2982549.23,TIME_OUT,3000506.9,0.6
2026-01-16 14:15:00,2026-01-16 14:45:00,YELLOW,7,104.5,105.0,209.6,120.69,86.76,207.45,-982.13,253.55,94.88,-1235.67,2981313.55,TIME_OUT,3000506.9,0.64
2026-01-19 11:55:00,2026-01-19 12:25:00,YELLOW,10,72.75,79.1,151.93,63.47,85.51,148.98,-1917.79,259.43,97.79,-2177.22,2979136.33,TIME_OUT,3000506.9,0.71
2026-01-19 12:45:00,2026-01-19 12:51:00,YELLOW,10,63.1,82.95,146.12,86.56,81.11,167.67,14003.02,276.52,101.98,13726.49,2992862.82,TARGET,3000506.9,0.25
2026-01-19 13:00:00,2026-01-19 13:30:00,YELLOW,10,71.55,73.35,144.97,64.92,73.76,138.68,-4089.69,246.12,92.19,-4335.81,2988527.01,TIME_OUT,3000506.9,0.4
2026-01-19 13:40:00,2026-01-19 14:10:00,YELLOW,10,71.9,69.4,141.37,80.96,61.32,142.28,590.31,248.46,92.19,341.85,2988868.87,TIME_OUT,3000506.9,0.39
2026-01-19 14:45:00,2026-01-19 14:55:00,YELLOW,11,79.95,58.55,138.57,78.81,79.11,157.92,13836.5,285.19,106.0,13551.31,3002420.18,TARGET,3002420.18,0.0
2026-01-22 12:00:00,2026-01-22 12:30:00,YELLOW,5,154.75,141.0,295.9,155.32,127.84,283.16,-4140.35,250.26,94.1,-4390.61,2998029.57,TIME_OUT,3002420.18,0.15
2026-01-22 12:50:00,2026-01-22 13:20:00,GREEN,11,151.9,122.7,274.74,153.07,122.84,275.91,839.89,476.77,196.86,363.12,2998392.7,TIME_OUT,3002420.18,0.13
2026-01-22 13:40:00,2026-01-22 14:10:00,GREEN,11,153.3,121.4,274.84,154.27,109.1,263.37,-8200.41,462.55,192.41,-8662.96,2989729.74,TIME_OUT,3002420.18,0.42
2026-01-22 14:15:00,2026-01-22 14:45:00,GREEN,11,143.2,123.1,266.43,140.08,110.94,251.02,-11017.24,444.97,184.99,-11462.21,2978267.53,TIME_OUT,3002420.18,0.8
2026-01-23 09:45:00,2026-01-23 10:15:00,YELLOW,6,147.0,99.6,246.72,117.34,105.8,223.14,-9198.12,242.34,91.62,-9440.46,2968827.07,TIME_OUT,3002420.18,1.12
2026-01-23 10:25:00,2026-01-23 10:55:00,YELLOW,6,133.6,92.85,226.56,111.34,102.25,213.59,-5058.33,231.78,85.83,-5290.11,2963536.96,TIME_OUT,3002420.18,1.3
2026-01-23 11:00:00,2026-01-23 11:30:00,GREEN,14,111.75,100.55,212.41,131.18,80.21,211.39,-920.83,467.11,192.83,-1387.94,2962149.02,TIME_OUT,3002420.18,1.34
2026-01-23 12:25:00,2026-01-23 12:55:00,GREEN,14,124.5,89.55,214.16,104.6,93.75,198.35,-14383.69,449.17,187.69,-14832.86,2947316.16,TIME_OUT,3002420.18,1.84
2026-01-28 12:00:00,2026-01-28 12:30:00,YELLOW,3,225.95,206.4,432.57,246.88,191.6,438.48,1153.32,232.92,84.93,920.4,2948236.57,TIME_OUT,3002420.18,1.8
2026-01-29 11:50:00,2026-01-29 12:20:00,GREEN,7,217.0,171.6,388.79,207.95,174.66,382.61,-2814.49,428.37,175.49,-3242.86,2944993.7,TIME_OUT,3002420.18,1.91
2026-01-29 14:35:00,2026-01-29 15:05:00,GREEN,8,194.25,181.85,376.29,218.94,158.87,377.81,791.93,475.02,196.07,316.91,2945310.62,TIME_OUT,3002420.18,1.9
2026-01-30 10:40:00,2026-01-30 11:10:00,YELLOW,3,203.1,193.75,397.05,211.19,192.6,403.8,1316.17,218.08,78.08,1098.09,2946408.71,TIME_OUT,3002420.18,1.87
2026-01-30 11:50:00,2026-01-30 12:20:00,YELLOW,3,214.75,189.45,404.4,198.15,203.25,401.4,-585.57,218.18,78.57,-803.75,2945604.96,TIME_OUT,3002420.18,1.89
2026-01-30 14:40:00,2026-01-30 15:10:00,YELLOW,3,207.3,204.1,411.61,197.5,198.4,395.9,-3062.23,217.3,78.73,-3279.54,2942325.43,TIME_OUT,3002420.18,2.0
2026-02-01 13:45:00,2026-02-01 14:15:00,GREEN,8,160.0,176.5,336.67,170.66,178.36,349.03,6425.72,439.06,178.28,5986.65,2948312.08,TIME_OUT,3002420.18,1.8
2026-02-01 14:30:00,2026-02-01 15:00:00,YELLOW,4,155.0,182.35,337.52,170.41,174.71,345.13,1978.26,241.65,88.74,1736.6,2950048.68,TIME_OUT,3002420.18,1.74
2026-02-02 11:30:00,2026-02-02 12:00:00,GREEN,12,124.0,125.1,249.22,134.03,114.04,248.08,-895.95,469.56,193.95,-1365.5,2948683.18,TIME_OUT,3002420.18,1.79
2026-02-02 12:30:00,2026-02-02 13:00:00,GREEN,12,112.85,126.5,239.47,115.59,115.94,231.53,-6189.69,444.55,183.69,-6634.24,2942048.94,TIME_OUT,3002420.18,2.01
2026-02-02 13:15:00,2026-02-02 13:45:00,GREEN,13,101.8,123.35,225.26,114.49,101.05,215.54,-8213.74,449.1,186.24,-8662.83,2933386.1,TIME_OUT,3002420.18,2.3
2026-02-02 13:50:00,2026-02-02 14:20:00,GREEN,13,114.4,104.5,219.01,98.6,107.85,206.45,-10615.5,433.76,179.76,-11049.26,2922336.84,TIME_OUT,3002420.18,2.67
2026-02-02 14:35:00,2026-02-02 15:05:00,GREEN,14,100.3,102.5,202.9,82.11,111.69,193.8,-8279.5,436.55,180.5,-8716.05,2913620.79,TIME_OUT,3002420.18,2.96
2026-02-04 10:15:00,2026-02-04 10:45:00,GREEN,8,169.7,175.55,345.42,165.92,170.96,336.88,-4441.4,431.71,177.4,-4873.11,2908747.68,TIME_OUT,3002420.18,3.12
2026-02-04 11:05:00,2026-02-04 11:35:00,GREEN,9,171.1,158.95,330.22,176.01,155.32,331.33,654.75,469.36,193.5,185.38,2908933.07,TIME_OUT,3002420.18,3.11
2026-02-04 11:55:00,2026-02-04 12:25:00,YELLOW,4,161.8,161.3,323.26,158.27,156.32,314.59,-2253.92,226.84,82.92,-2480.76,2906452.31,TIME_OUT,3002420.18,3.2
2026-02-04 12:30:00,2026-02-04 13:00:00,YELLOW,4,158.8,154.2,313.16,174.11,140.33,314.44,334.41,225.23,81.59,109.18,2906561.49,TIME_OUT,3002420.18,3.19
2026-02-04 13:05:00,2026-02-04 13:35:00,YELLOW,4,177.6,136.25,314.01,171.86,137.93,309.8,-1095.09,223.44,81.09,-1318.53,2905242.96,TIME_OUT,3002420.18,3.24
2026-02-04 14:40:00,2026-02-04 15:10:00,YELLOW,4,173.95,140.7,314.81,158.67,161.47,320.14,1386.46,227.84,82.54,1158.62,2906401.58,TIME_OUT,3002420.18,3.2
2026-02-05 11:25:00,2026-02-05 11:55:00,YELLOW,5,146.35,133.35,279.84,146.83,130.58,277.41,-789.3,244.21,90.55,-1033.51,2905368.06,TIME_OUT,3002420.18,3.23
2026-02-05 12:00:00,2026-02-05 12:30:00,GREEN,10,144.5,131.9,276.54,166.22,117.34,283.56,4562.97,446.31,182.03,4116.66,2909484.72,TIME_OUT,3002420.18,3.1
2026-02-05 12:35:00,2026-02-05 13:05:00,YELLOW,5,138.85,139.6,278.59,145.43,130.93,276.36,-723.93,243.43,90.18,-967.36,2908517.36,TIME_OUT,3002420.18,3.13
2026-02-05 13:25:00,2026-02-05 13:55:00,GREEN,10,139.95,133.7,273.79,135.68,136.33,272.01,-1152.38,433.32,177.39,-1585.71,2906931.65,TIME_OUT,3002420.18,3.18
2026-02-05 14:00:00,2026-02-05 14:30:00,GREEN,10,135.85,135.1,271.09,152.62,120.04,272.66,1025.78,432.96,176.72,592.82,2907524.47,TIME_OUT,3002420.18,3.16
2026-02-05 14:35:00,2026-02-05 15:05:00,YELLOW,5,132.3,136.85,269.28,150.92,120.04,270.96,545.96,238.86,87.79,307.1,2907831.58,TIME_OUT,3002420.18,3.15
2026-02-06 10:30:00,2026-02-06 11:00:00,GREEN,13,122.15,103.25,225.51,103.65,117.94,221.59,-3315.4,457.35,188.9,-3772.75,2904058.83,TIME_OUT,3002420.18,3.28
2026-02-06 11:05:00,2026-02-06 11:35:00,GREEN,13,110.5,110.05,220.66,116.64,105.8,222.44,1502.79,456.07,187.21,1046.72,2905105.55,TIME_OUT,3002420.18,3.24
2026-02-06 12:05:00,2026-02-06 12:35:00,GREEN,13,119.3,103.45,222.86,107.1,104.95,212.04,-9140.75,443.2,183.75,-9583.94,2895521.61,TIME_OUT,3002420.18,3.56
2026-02-06 13:10:00,2026-02-06 13:40:00,YELLOW,7,115.5,93.3,208.9,100.8,103.45,204.25,-2118.74,251.04,93.99,-2369.79,2893151.82,TIME_OUT,3002420.18,3.64
2026-02-11 11:10:00,2026-02-11 11:40:00,YELLOW,6,135.25,110.9,246.27,143.88,99.7,243.58,-1051.02,254.91,95.52,-1305.93,2891845.89,TIME_OUT,3002420.18,3.68
2026-02-11 11:50:00,2026-02-11 12:20:00,YELLOW,6,140.0,101.05,241.17,128.69,111.29,239.98,-464.32,251.5,93.82,-715.83,2891130.06,TIME_OUT,3002420.18,3.71
2026-02-12 11:40:00,2026-02-12 12:10:00,YELLOW,6,142.6,85.65,228.36,114.84,107.7,222.54,-2271.93,237.74,87.93,-2509.67,2888620.4,TIME_OUT,3002420.18,3.79
2026-02-12 12:20:00,2026-02-12 12:50:00,YELLOW,6,116.0,101.0,217.11,120.24,95.4,215.64,-571.89,230.88,84.39,-802.76,2887817.63,TIME_OUT,3002420.18,3.82
2026-02-12 13:00:00,2026-02-12 13:30:00,GREEN,13,123.5,92.25,215.86,118.29,90.55,208.85,-5925.44,435.41,179.44,-6360.85,2881456.79,TIME_OUT,3002420.18,4.03
2026-02-12 13:35:00,2026-02-12 14:05:00,YELLOW,7,118.0,90.6,208.7,135.73,83.56,219.29,4816.63,261.87,97.37,4554.76,2886011.55,TIME_OUT,3002420.18,3.88
2026-02-12 14:20:00,2026-02-12 14:47:00,GREEN,13,139.45,79.6,219.16,147.83,100.55,248.38,24687.71,490.17,197.53,24197.54,2910209.09,TARGET,3002420.18,3.07
2026-02-13 10:30:00,2026-02-13 11:00:00,YELLOW,6,121.9,91.45,213.46,119.94,85.71,205.65,-3045.72,223.84,81.73,-3269.56,2906939.53,TIME_OUT,3002420.18,3.18
2026-02-13 11:40:00,2026-02-13 12:10:00,YELLOW,7,105.0,98.55,203.65,117.44,85.41,202.85,-365.48,248.62,92.48,-614.1,2906325.43,TIME_OUT,3002420.18,3.2
2026-02-13 12:15:00,2026-02-13 12:45:00,YELLOW,7,118.4,84.85,203.35,103.65,97.45,201.1,-1024.76,247.28,92.01,-1272.04,2905053.39,TIME_OUT,3002420.18,3.24
2026-02-13 12:50:00,2026-02-13 13:20:00,YELLOW,7,118.8,84.3,203.2,117.49,80.51,198.0,-2366.27,244.99,91.27,-2611.27,2902442.12,TIME_OUT,3002420.18,3.33
2026-02-13 13:40:00,2026-02-13 14:10:00,YELLOW,7,109.85,86.9,196.85,124.79,84.16,208.95,5504.18,251.21,92.32,5252.97,2907695.1,TIME_OUT,3002420.18,3.15
2026-02-13 14:25:00,2026-02-13 14:55:00,YELLOW,7,103.15,99.7,202.95,124.74,87.21,211.94,4091.61,255.01,94.39,3836.6,2911531.69,TIME_OUT,3002420.18,3.03
